id	geonames_id	name	latitude	longitude	population	feature_code
plc_01m0n2yy0evz1vnmzg9h0xb43h	146839	Akrotiri	34.60088	32.95536	684	PPL
plc_01m0n2yy0evz1vnmzg9kk07nv3	2633326	Zeals	51.08558	-2.3123	658	PPL
plc_01m0n2yy0evz1vnmzg9ntpx7tt	2633337	Ystalyfera	51.76716	-3.78082	10218	PPL
plc_01m0n2yy0evz1vnmzg9sd385qv	2633344	Yoxford	52.26819	1.50681	726	PPL
plc_01m0n2yy0evz1vnmzg9vv748rb	2633345	Yoxall	52.76659	-1.79068	1638	PPL
plc_01m0n2yy0evz1vnmzg9ysgqaq8	2633346	Youlgreave	53.17399	-1.69044	1018	PPL
plc_01m0n2yy0evz1vnmzg9zxvr49p	2633352	York	53.95763	-1.08271	156135	PPLA2
plc_01m0n2yy0evz1vnmzga2008g9q	2633366	Yetminster	50.89579	-2.57959	1105	PPL
plc_01m0n2yy0evz1vnmzga5qwkz18	2633373	Yeovil	50.94159	-2.63211	50176	PPL
plc_01m0n2yy0evz1vnmzga6t25svp	2633382	Yelverton	50.4929	-4.08382	3627	PPL
plc_01m0n2yy0evz1vnmzga8d671rt	2633383	Yelvertoft	52.37335	-1.12154	764	PPL
plc_01m0n2yy0evz1vnmzgaafcvstd	2633394	Yealmpton	50.34856	-3.99877	1677	PPL
plc_01m0n2yy0evz1vnmzgac0pnfgk	2633397	Yeadon	53.86437	-1.68743	37379	PPL
plc_01m0n2yy0evz1vnmzgadzb9vf3	2633399	Yaxley	52.51768	-0.25852	9174	PPL
plc_01m0n2yy0evz1vnmzgahxzy0ng	2633402	Yatton Keynell	51.48612	-2.19337	825	PPL
plc_01m0n2yy0evz1vnmzgaj4jnqh5	2633404	Yatton	51.38839	-2.82353	10251	PPLA3
plc_01m0n2yy0evz1vnmzgajgmh52h	2633406	Yate	51.54074	-2.41839	23703	PPL
plc_01m0n2yy0evz1vnmzgan9mn952	2633412	Yarnton	51.80448	-1.31149	2545	PPL
plc_01m0n2yy0evz1vnmzgapkaerwe	2633414	Yarmouth	50.70529	-1.49929	912	PPLA3
plc_01m0n2yy0evz1vnmzgarq9nev4	2633415	Yarm	54.50364	-1.35793	19184	PPLA3
plc_01m0n2yy0evz1vnmzgatgzg3t2	2633418	Yardley Hastings	52.2055	-0.73488	745	PPL
plc_01m0n2yy0evz1vnmzgavc8qqra	2633422	Yapton	50.8209	-0.613	5459	PPL
plc_01m0n2yy0evz1vnmzgawd97kj3	2633424	Yalding	51.22387	0.4292	1365	PPLA4
plc_01m0n2yy0evz1vnmzgb027qf99	2633445	Wymondham	52.75978	-0.74055	500	PPLA4
plc_01m0n2yy0evz1vnmzgb3fr4mf7	2633448	Wymeswold	52.80536	-1.11288	1296	PPL
plc_01m0n2yy0evz1vnmzgb6yh7g1g	2633453	Wylam	54.97654	-1.82187	1412	PPL
plc_01m0n2yy0evz1vnmzgb9sw0nvc	2633460	Wye	51.18249	0.93678	1915	PPL
plc_01m0n2yy0evz1vnmzgbd99paga	2633466	Wybunbury	53.04542	-2.45207	854	PPL
plc_01m0n2yy0evz1vnmzgbdzkbkkj	2633474	Wroxall	52.33791	-1.66898	1927	PPL
plc_01m0n2yy0evz1vnmzgbe8pbns7	2633475	Wroxall	50.61625	-1.22292	1753	PPL
plc_01m0n2yy0evz1vnmzgbep71c4k	2633476	Wroughton	51.52411	-1.79559	6474	PPL
plc_01m0n2yy0evz1vnmzgbf5hnmy1	2633478	Wrotham	51.30856	0.30899	1921	PPL
plc_01m0n2yy0evz1vnmzgbgrs88ga	2633481	Writtle	51.72906	0.42938	4840	PPL
plc_01m0n2yy0evz1vnmzgbkgxaat2	2633482	Wrington	51.36173	-2.76319	1918	PPL
plc_01m0n2yy0evz1vnmzgbmr7ew30	2633485	Wrexham	53.04664	-2.99132	65692	PPLA2
plc_01m0n2yy0evz1vnmzgbnq39x1j	2633486	Wrestlingworth	52.11041	-0.16342	591	PPL
plc_01m0n2yy0evz1vnmzgbqvyfaaz	2633488	Wrentham	52.38367	1.66692	830	PPLA4
plc_01m0n2yy0evz1vnmzgbqwxnxk3	2633495	Wrea Green	53.77651	-2.91573	1373	PPL
plc_01m0n2yy0evz1vnmzgbtk3rpwa	2633499	Wrawby	53.56672	-0.46194	1469	PPL
plc_01m0n2yy0evz1vnmzgby0vqqgh	2633501	Wrangle	53.03935	0.12989	887	PPL
plc_01m0n2yy0evz1vnmzgc12hvvtc	2633504	Wragby	53.28333	-0.3	1768	PPL
plc_01m0n2yy0evz1vnmzgc16dj8w3	2633508	Wouldham	51.34986	0.45816	1253	PPL
plc_01m0n2yy0evz1vnmzgc4eq9djr	2633511	Wotton-under-Edge	51.63242	-2.34512	5627	PPL
plc_01m0n2yy0evz1vnmzgc5vmjzc8	2633513	Worton	51.31611	-2.04111	624	PPLA3
plc_01m0n2yy0evz1vnmzgc834r1md	2633521	Worthing	50.81795	-0.37538	113866	PPL
plc_01m0n2yy0evz1vnmzgc8pzcrmy	2633525	Worth	51.25633	1.3484	634	PPL
plc_01m0n2yy0evz1vnmzgcazsgyzh	2633540	Worminghall	51.77043	-1.07365	534	PPL
plc_01m0n2yy0evz1vnmzgcegq6qfy	2633544	Worlingworth	52.26912	1.25383	802	PPL
plc_01m0n2yy0evz1vnmzgcj4mmnf2	2633545	Worlington	52.33505	0.48748	526	PPL
plc_01m0n2yy0evz1vnmzgcm68xf5h	2633549	Worlaby	53.6113	-0.46685	547	PPLA3
plc_01m0n2yy0evz1vnmzgcpnc6vhw	2633551	Worksop	53.30182	-1.12404	44733	PPL
plc_01m0n2yy0evz1vnmzgcqnhxt7g	2633553	Workington	54.6425	-3.54413	21275	PPL
plc_01m0n2yy0evz1vnmzgct4fckt0	2633561	Worcester Park	51.37992	-0.24445	16031	PPL
plc_01m0n2yy0evz1vnmzgcttdvxe3	2633563	Worcester	52.18935	-2.22001	101659	PPLA2
plc_01m0n2yy0evz1vnmzgcxnjmdza	2633571	Royal Wootton Bassett	51.5419	-1.9045	11265	PPL
plc_01m0n2yy0evz1vnmzgd0y81efb	2633575	Wootton	52.09525	-0.53494	4344	PPLA3
plc_01m0n2yy0evz1vnmzgd3kf8ch1	2633577	Wootton	51.1738	1.1794	4467	PPL
plc_01m0n2yy0evz1vnmzgd3zc7wez	2633578	Wootton	50.72847	-1.23536	4231	PPL
plc_01m0n2yy0evz1vnmzgd70kgjvp	2633580	Woore	52.97701	-2.40235	633	PPL
plc_01m0n2yy0evz1vnmzgd9etp6zv	2633586	Woolton	53.37401	-2.87	12921	PPL
plc_01m0n2yy0evz1vnmzgdc9wt611	2633591	Woolston	50.89305	-1.37801	13852	PPLX
plc_01m0n2yy0evz1vnmzgdcr2hmd8	2633595	Woolpit	52.22454	0.88826	1753	PPL
plc_01m0n2yy0evz1vnmzgdg8e9k0p	2633603	Woolfardisworthy	50.96465	-4.37702	783	PPL
plc_01m0n2yy0evz1vnmzgdh8twwxx	2633606	Wooler	55.54755	-2.01186	1983	PPL
plc_01m0n2yy0evz1vnmzgdjwn38v1	2633607	Woolaston	51.6991	-2.58801	820	PPL
plc_01m0n2yy0evz1vnmzgdnh2t0sm	2633608	Woolacombe	51.17296	-4.20689	840	PPL
plc_01m0n2yy0evz1vnmzgdp11a32q	2633609	Wool	50.67966	-2.2189	2724	PPL
plc_01m0n2yy0evz1vnmzgds2p25xs	2633610	Wookey	51.20972	-2.69225	810	PPL
plc_01m0n2yy0evz1vnmzgdtq770wb	2633617	Woodton	52.49548	1.37617	703	PPL
plc_01m0n2yy0evz1vnmzgdygv123j	2633618	Woodstock	51.8485	-1.35132	3521	PPL
plc_01m0n2yy0evz1vnmzge26gkwsx	2633624	Woodsetts	53.34804	-1.17204	1746	PPL
plc_01m0n2yy0evz1vnmzge34by6cq	2633627	Woodplumpton	53.8073	-2.75915	688	PPL
plc_01m0n2yy0evz1vnmzge4m18mc1	2633647	Woodham Mortimer	51.70911	0.6233	641	PPL
plc_01m0n2yy0evz1vnmzge61k7rvq	2633651	Woodhall Spa	53.15215	-0.21453	4331	PPL
plc_01m0n2yy0evz1vnmzge7hxkt3w	2633653	Wood Green	51.6	-0.11667	28453	PPLA3
plc_01m0n2yy0evz1vnmzge8geprtb	2633655	Woodford Green	51.60938	0.02329	22803	PPL
plc_01m0n2yy0evz1vnmzge9913ys8	2633657	Woodford	52.38231	-0.58099	1461	PPL
plc_01m0n2yy0evz1vnmzged07mkp6	2633664	Woodcote	52.73333	-2.33333	2775	PPL
plc_01m0n2yy0evz1vnmzged22tdse	2633666	Woodchurch	51.07605	0.77346	1074	PPL
plc_01m0n2yy0evz1vnmzgeg8pnx8a	2633671	Woodbridge	52.09332	1.32042	11200	PPL
plc_01m0n2yy0evz1vnmzgekadnt6e	2633675	Wooburn	51.57888	-0.693	4100	PPL
plc_01m0n2yy0evz1vnmzgenbmfkfa	2633681	Wombwell	53.52189	-1.39698	15518	PPL
plc_01m0n2yy0evz1vnmzgenm0anbe	2633683	Wombourne	52.53333	-2.18333	13511	PPL
plc_01m0n2yy0evz1vnmzgeq0g1d3j	2633685	Wolvey	52.48626	-1.36935	845	PPL
plc_01m0n2yy0evz1vnmzgetbhfpeb	2633691	Wolverhampton	52.58547	-2.12296	263700	PPLA2
plc_01m0n2yy0evz1vnmzgewnagsnw	2633692	Wolston	52.37717	-1.39544	2564	PPL
plc_01m0n2yy0evz1vnmzgeyag6hn2	2633694	Wolsingham	54.73085	-1.88319	2503	PPL
plc_01m0n2yy0evz1vnmzgf0f2haht	2633697	Wollaston	52.25794	-0.67038	3491	PPL
plc_01m0n2yy0evz1vnmzgf1f37y1z	2633707	Woldingham	51.28527	-0.03372	1502	PPL
plc_01m0n2yy0evz1vnmzgf2130w6a	2633708	Wokingham	51.4112	-0.83565	41143	PPLA2
plc_01m0n2yy0evz1vnmzgf2w7xacs	2633709	Woking	51.31903	-0.55893	103900	PPL
plc_01m0n2yy0evz1vnmzgf2ykfpj0	2633710	Woburn Sands	52.01579	-0.64982	5074	PPLA3
plc_01m0n2yy0evz1vnmzgf38mx5kw	2633712	Woburn	51.98865	-0.61903	933	PPLA3
plc_01m0n2yy0evz1vnmzgf3vvv0ys	2633717	Wivenhoe	51.85553	0.95796	9567	PPL
plc_01m0n2yy0evz1vnmzgf4efnwes	2633718	Wivelsfield Green	50.96313	-0.07133	1091	PPL
plc_01m0n2yy0evz1vnmzgf7wdstsf	2633720	Wiveliscombe	51.04139	-3.31278	2178	PPL
plc_01m0n2yy0evz1vnmzgfapp52t9	2633721	Witton le Wear	54.67565	-1.77387	567	PPL
plc_01m0n2yy0evz1vnmzgfcxhqsst	2633723	Witton Gilbert	54.80572	-1.63686	2339	PPL
plc_01m0n2yy0evz1vnmzgfevzb1d3	2633726	Wittersham	51.01394	0.70789	776	PPL
plc_01m0n2yy0evz1vnmzgfgma30qe	2633727	Wittering	52.60698	-0.44048	2348	PPLA3
plc_01m0n2yy0evz1vnmzgfj3p9c8d	2633729	Witney	51.7836	-1.4854	29103	PPL
plc_01m0n2yy0evz1vnmzgfmm815bs	2633731	Witley	51.14993	-0.64768	6437	PPL
plc_01m0n2yy0evz1vnmzgfqvr344t	2633744	Withernsea	53.73115	0.03195	6159	PPLA3
plc_01m0n2yy0evz1vnmzgftarnabh	2633745	Witheridge	50.91743	-3.70351	1158	PPL
plc_01m0n2yy0evz1vnmzgfwxad6zk	2633749	Witham	51.80007	0.64038	25353	PPL
plc_01m0n2yy0evz1vnmzgfxys9y5p	2633751	Witchford	52.38699	0.20602	2385	PPL
plc_01m0n2yy0evz1vnmzgg072mnew	2633755	Wistow	52.412	-0.12197	522	PPL
plc_01m0n2yy0evz1vnmzgg2sscy3m	2633765	Wishaw	55.76667	-3.91667	30050	PPL
plc_01m0n2yy0evz1vnmzgg4gvc9fb	2633767	Wisborough Green	51.02308	-0.50604	843	PPL
plc_01m0n2yy0evz1vnmzgg60z87mt	2633771	Wisbech	52.66622	0.15938	32489	PPL
plc_01m0n2yy0evz1vnmzgg6mh3686	2633774	Wirksworth	53.08232	-1.57391	5038	PPL
plc_01m0n2yy0evz1vnmzgg9q32ebd	2633775	Winwick	53.43333	-2.6	2435	PPLA3
plc_01m0n2yy0evz1vnmzggd0mj4k1	2633781	Winthorpe	53.1	-0.78333	650	PPL
plc_01m0n2yy0evz1vnmzggfcqtrgr	2633786	Winterton	53.65497	-0.59885	4899	PPL
plc_01m0n2yy0evz1vnmzggjx7v4zt	2633789	Winteringham	53.68727	-0.59183	1000	PPL
plc_01m0n2yy0evz1vnmzggk94zpjs	2633797	Winterbourne	51.44609	-1.3466	2168	PPLA3
plc_01m0n2yy0evz1vnmzggmke0qh2	2633798	Winterborne Stickland	50.84078	-2.23556	653	PPL
plc_01m0n2yy0evz1vnmzggn9e4p4d	2633801	Winterborne Kingston	50.77788	-2.19762	643	PPL
plc_01m0n2yy0evz1vnmzggr4pxsy0	2633806	Winster	53.1418	-1.64258	600	PPL
plc_01m0n2yy0evz1vnmzggsgkze2h	2633808	Winslow	51.94284	-0.88131	4407	PPL
plc_01m0n2yy0evz1vnmzggtdm2gpb	2633809	Winsham	50.85364	-2.8892	748	PPL
plc_01m0n2yy0evz1vnmzggwbsy675	2633810	Winsford	53.19146	-2.52398	30259	PPLA3
plc_01m0n2yy0evz1vnmzggx8fwpcd	2633818	Winkleigh	50.85581	-3.943	1305	PPL
plc_01m0n2yy0evz1vnmzgh11t8n1d	2633820	Wingrave	51.86494	-0.74244	1389	PPL
plc_01m0n2yy0evz1vnmzgh209dzna	2633821	Wingham	51.27168	1.21463	1303	PPL
plc_01m0n2yy0evz1vnmzgh2dj0npg	2633824	Wingerworth	53.202	-1.43359	6430	PPL
plc_01m0n2yy0evz1vnmzgh5fztksp	2633827	Wingate	54.73242	-1.37896	5134	PPL
plc_01m0n2yy0evz1vnmzgh8n7mxh2	2633830	Wing	51.89524	-0.71956	2589	PPL
plc_01m0n2yy0evz1vnmzgh9my514x	2633834	Winford	51.38333	-2.66111	1165	PPLA3
plc_01m0n2yy0evz1vnmzghbanqy71	2633835	Winfarthing	52.43056	1.0979	503	PPL
plc_01m0n2yy0evz1vnmzghbdw0d28	2633842	Windsor	51.48333	-0.6	31560	PPL
plc_01m0n2yy0evz1vnmzghf44fa03	2633849	Windlesham	51.36509	-0.65476	4194	PPL
plc_01m0n2yy0evz1vnmzghfxy9q37	2633851	Windermere	54.38086	-2.90709	7765	PPL
plc_01m0n2yy0evz1vnmzghgzbwmwh	2633858	Winchester	51.06513	-1.3187	46074	PPLA2
plc_01m0n2yy0evz1vnmzghh7bemmw	2633860	Winchcombe	51.95363	-1.96398	4538	PPL
plc_01m0n2yy0evz1vnmzghk3nswv8	2633861	Wincanton	51.05676	-2.40574	5435	PPL
plc_01m0n2yy0evz1vnmzghnskynqy	2633863	Wimborne Minster	50.78333	-1.98333	15552	PPL
plc_01m0n2yy0evz1vnmzghs7c5251	2633864	Wimblington	52.50925	0.08416	4239	PPL
plc_01m0n2yy0evz1vnmzghte25pzg	2633866	Wimbledon	51.42212	-0.20805	68187	PPLX
plc_01m0n2yy0evz1vnmzghy5vsdkn	2633874	Wilton	51.07926	-1.8621	3579	PPLA3
plc_01m0n2yy0evz1vnmzgj1va3vn9	2633878	Wilstead	52.08088	-0.44889	2177	PPLA3
plc_01m0n2yy0evz1vnmzgj3kx9yyw	2633880	Wilsden	53.82084	-1.85959	5524	PPL
plc_01m0n2yy0evz1vnmzgj5cpfw01	2633883	Wilmslow	53.32803	-2.23148	25725	PPL
plc_01m0n2yy0evz1vnmzgj6wpsbde	2633887	Wilmcote	52.22081	-1.76528	1092	PPL
plc_01m0n2yy0evz1vnmzgj73ydwh2	2633891	Willoughby on the Wolds	52.82199	-1.05502	572	PPL
plc_01m0n2yy0evz1vnmzgja3dasbs	2633894	Williton	51.16236	-3.32208	2644	PPL
plc_01m0n2yy0evz1vnmzgjc6nkkvf	2633896	Willington	54.71667	-1.7	6633	PPL
plc_01m0n2yy0evz1vnmzgje06aghr	2633898	Willington	52.13409	-0.37235	751	PPLA3
plc_01m0n2yy0evz1vnmzgjee0ze4n	2633899	Willingham	53.35	-0.68333	3513	PPL
plc_01m0n2yy0evz1vnmzgjese6xq5	2633900	Willingham	52.31404	0.05776	4015	PPL
plc_01m0n2yy0evz1vnmzgjgftg333	2633907	Willesden	51.53333	-0.23333	44295	PPL
plc_01m0n2yy0evz1vnmzgjhyac5gh	2633912	Willenhall	52.58514	-2.05934	49587	PPL
plc_01m0n2yy0evz1vnmzgjj54nesz	2633914	Willaston	53.2955	-2.99732	2813	PPL
plc_01m0n2yy0evz1vnmzgjmmn84qe	2633915	Willaston	53.06667	-2.48333	2540	PPLA3
plc_01m0n2yy0evz1vnmzgjnt279dc	2633916	Willand	50.88333	-3.36667	3360	PPL
plc_01m0n2yy0evz1vnmzgjsd95gnv	2633925	Wilburton	52.35191	0.17673	1013	PPL
plc_01m0n2yy0evz1vnmzgjwe0e3ph	2633926	Wilberfoss	53.94854	-0.88945	1866	PPL
plc_01m0n2yy0evz1vnmzgjz2365bt	2633927	Wilbarston	52.48636	-0.8033	753	PPL
plc_01m0n2yy0evz1vnmzgk04626fs	2633932	Wigtown	54.86783	-4.44489	900	PPL
plc_01m0n2yy0evz1vnmzgk1bvq29m	2633933	Wigton	54.82482	-3.16114	5831	PPL
plc_01m0n2yy0evz1vnmzgk3gj2314	2633936	Wigston Magna	52.58128	-1.09248	37260	PPL
plc_01m0n2yy0evz1vnmzgk50eh5qc	2633937	Wigmore	52.31474	-2.85802	757	PPLA3
plc_01m0n2yy0evz1vnmzgk887nrk0	2633945	Wigginton	51.78329	-0.63875	804	PPL
plc_01m0n2yy0evz1vnmzgkc4ej0ws	2633948	Wigan	53.54296	-2.63706	175405	PPLA2
plc_01m0n2yy0evz1vnmzgkd10z8cc	2633954	Widnes	53.3618	-2.73406	61464	PPLA2
plc_01m0n2yy0evz1vnmzgkef6v601	2633956	Widford	51.82321	0.05897	534	PPL
plc_01m0n2yy0evz1vnmzgkgvzwnah	2633963	Widdington	51.96103	0.23749	504	PPL
plc_01m0n2yy0evz1vnmzgkhqh3wdn	2633966	Wickwar	51.59404	-2.39968	1717	PPL
plc_01m0n2yy0evz1vnmzgkhv3rxej	2633971	Wickham Market	52.15298	1.36299	2156	PPL
plc_01m0n2yy0evz1vnmzgkjhhznp6	2633972	Wickhambrook	52.17127	0.54846	554	PPL
plc_01m0n2yy0evz1vnmzgkpbga5b9	2633973	Wickham Bishops	51.7783	0.66823	3788	PPL
plc_01m0n2yy0evz1vnmzgksg53pgv	2633974	Wickham	51.44342	-1.432	1958	PPL
plc_01m0n2yy0evz1vnmzgkvr4z9em	2633975	Wickham	50.89924	-1.18815	2060	PPL
plc_01m0n2yy0evz1vnmzgkwp1kxre	2633976	Wickford	51.61101	0.52331	27535	PPL
plc_01m0n2yy0evz1vnmzgkygt8q8s	2633980	Wicken	52.31278	0.29719	698	PPL
plc_01m0n2yy0evz1vnmzgm1txtsn7	2633982	Wick	58.43906	-3.09424	7140	PPL
plc_01m0n2yy0evz1vnmzgm2ngfckc	2633984	Wick	51.45306	-2.42361	1989	PPL
plc_01m0n2yy0evz1vnmzgm6garngb	2633985	Wick	51.43944	-3.54944	698	PPLA3
plc_01m0n2yy0evz1vnmzgm8cs4jjg	2633993	Whyteleafe	51.30808	-0.08429	3315	PPL
plc_01m0n2yy0evz1vnmzgmb2261jj	2633997	Whitworth	53.65601	-2.1771	5798	PPL
plc_01m0n2yy0evz1vnmzgmdfsgqd8	2633999	Whitwell	53.28333	-1.21667	3846	PPL
plc_01m0n2yy0evz1vnmzgmdjjnggy	2634002	Whitwell	50.59844	-1.2642	619	PPL
plc_01m0n2yy0evz1vnmzgmgx1bpej	2634009	Whittlesford	52.11345	0.14969	1536	PPL
plc_01m0n2yy0evz1vnmzgmja3t1p7	2634010	Whittlesey	52.55804	-0.13016	12745	PPL
plc_01m0n2yy0evz1vnmzgmmrqtyrj	2634011	Whittlebury	52.09027	-0.9922	589	PPL
plc_01m0n2yy0evz1vnmzgmpvmskng	2634014	Whittington	52.8732	-3.00304	1481	PPLA3
plc_01m0n2yy0evz1vnmzgmr40dmkb	2634015	Whittington	52.67372	-1.76091	2085	PPL
plc_01m0n2yy0evz1vnmzgmsyt9ssn	2634021	Whitstable	51.3607	1.0257	32196	PPL
plc_01m0n2yy0evz1vnmzgmxe1gsxk	2634032	Whitley Bay	55.03973	-1.44713	38055	PPL
plc_01m0n2yy0evz1vnmzgmxqf7a7m	2634035	Whitland	51.81889	-4.61528	1514	PPLA3
plc_01m0n2yy0evz1vnmzgmzpxw4vj	2634042	Whithorn	54.73232	-4.41559	790	PPL
plc_01m0n2yy0evz1vnmzgn29q6wsr	2634065	Whiteparish	51.01041	-1.64855	1130	PPLA3
plc_01m0n2yy0evz1vnmzgn4zskm1a	2634091	Whitehills	57.6773	-2.57863	1140	PPL
plc_01m0n2yy0evz1vnmzgn6bf3xbz	2634095	Whitehead	54.75371	-5.70933	3697	PPL
plc_01m0n2yy0evz1vnmzgn74gxx6h	2634096	Whitehaven	54.54897	-3.58412	22945	PPL
plc_01m0n2yy0evz1vnmzgn9qk7e57	2634103	Whitefield	53.55	-2.3	23545	PPL
plc_01m0n2yy0evz1vnmzgnbrx9ey6	2634112	Whitechapel	51.51382	-0.06583	14862	PPLX
plc_01m0n2yy0evz1vnmzgnekmkh6r	2634124	Whitchurch	52.96667	-2.68333	10142	PPL
plc_01m0n2yy0evz1vnmzgnh168s26	2634125	Whitchurch	51.8816	-0.83784	932	PPL
plc_01m0n2yy0evz1vnmzgnmqv263t	2634127	Whitchurch	51.51167	-3.22083	13974	PPL
plc_01m0n2yy0evz1vnmzgnqwh1xky	2634135	Whitby	54.48774	-0.61498	13213	PPL
plc_01m0n2yy0evz1vnmzgnt481df4	2634137	Whitburn	55.86667	-3.68333	11490	PPL
plc_01m0n2yy0evz1vnmzgnvwtcsy7	2634138	Whitburn	54.95333	-1.36861	5352	PPL
plc_01m0n2yy0evz1vnmzgnx6pd5cd	2634153	Whimple	50.76649	-3.35655	1173	PPL
plc_01m0n2yy0evz1vnmzgnz8p4jhg	2634155	Whickham	54.94561	-1.67635	16625	PPL
plc_01m0n2yy0evz1vnmzgnzf01dx2	2634156	Whetstone	52.56667	-1.18333	6556	PPL
plc_01m0n2yy0evz1vnmzgp01w2cg0	2634165	Wheldrake	53.89624	-0.96303	1984	PPL
plc_01m0n2yy0evz1vnmzgp3svqwjv	2634170	Wheaton Aston	52.71145	-2.22064	1965	PPL
plc_01m0n2yy0evz1vnmzgp6avqd3p	2634171	Wheatley	51.74731	-1.13936	5574	PPL
plc_01m0n2yy0evz1vnmzgp847pw82	2634172	Wheathampstead	51.81148	-0.29371	4326	PPL
plc_01m0n2yy0evz1vnmzgpbtc76sm	2634187	Whaplode	52.79934	-0.03639	1666	PPL
plc_01m0n2yy0evz1vnmzgpcy3hxpm	2634192	Whalley	53.82209	-2.40712	4754	PPL
plc_01m0n2yy0evz1vnmzgpd29rkfn	2634194	Whaley Bridge	53.33031	-1.9826	5140	PPL
plc_01m0n2yy0evz1vnmzgpdefrj7n	2634200	Whaddon	52.00042	-0.82801	533	PPL
plc_01m0n2yy0evz1vnmzgph4v0637	2634202	Weymouth	50.61448	-2.45991	53416	PPL
plc_01m0n2yy0evz1vnmzgpjz42ame	2634203	Weyhill	51.21925	-1.55015	630	PPL
plc_01m0n2yy0evz1vnmzgpn42re7p	2634204	Weybridge	51.37178	-0.45975	19463	PPL
plc_01m0n2yy0evz1vnmzgpnz4syks	2634206	Weybourne	52.94292	1.14095	543	PPL
plc_01m0n2yy0evz1vnmzgppb2exbs	2634208	Wetwang	54.0175	-0.57738	761	PPLA3
plc_01m0n2yy0evz1vnmzgprs3zmd8	2634212	Wethersfield	51.95358	0.48885	691	PPL
plc_01m0n2yy0evz1vnmzgpszdrryv	2634217	Wetherby	53.92836	-1.38672	13572	PPLA3
plc_01m0n2yy0evz1vnmzgpxgscc9p	2634218	Wetheral	54.88401	-2.83327	1605	PPL
plc_01m0n2yy0evz1vnmzgpy7sjrdc	2634221	West Wratting	52.14265	0.34676	502	PPL
plc_01m0n2yy0evz1vnmzgq03y0rft	2634228	Westwood	51.33462	-2.27975	1162	PPLA3
plc_01m0n2yy0evz1vnmzgq2a75eaw	2634231	West Wittering	50.78076	-0.89573	875	PPL
plc_01m0n2yy0evz1vnmzgq3fk5sy4	2634234	West Wickham	51.36667	-0.01667	14276	PPL
plc_01m0n2yy0evz1vnmzgq463q493	2634236	West Wellow	50.97273	-1.58293	2929	PPL
plc_01m0n2yy0evz1vnmzgq72nt7s0	2634242	West Walton	52.69782	0.17406	1731	PPL
plc_01m0n2yy0evz1vnmzgq8w7tsdy	2634251	West Thurrock	51.47828	0.27672	7795	PPL
plc_01m0n2yy0evz1vnmzgqch244m6	2634265	West Stockwith	53.443	-0.81361	641	PPL
plc_01m0n2yy0evz1vnmzgqeq8vbpx	2634276	West Runton	52.9376	1.24386	815	PPL
plc_01m0n2yy0evz1vnmzgqgzrk6zh	2634288	West Rainton	54.81667	-1.5	2316	PPLA3
plc_01m0n2yy0evz1vnmzgqj44k9f0	2634294	West Pennard	51.14074	-2.64676	670	PPL
plc_01m0n2yy0evz1vnmzgqjahk7z9	2634300	Westonzoyland	51.10854	-2.92843	1686	PPL
plc_01m0n2yy0evz1vnmzgqksn13v2	2634302	Weston upon Trent	52.84835	-1.40119	761	PPL
plc_01m0n2yy0evz1vnmzgqpc5pd5s	2634305	Weston under Penyard	51.90778	-2.53691	670	PPL
plc_01m0n2yy0evz1vnmzgqr8s48ma	2634307	Weston Turville	51.79168	-0.75767	2115	PPL
plc_01m0n2yy0evz1vnmzgqszqsqsr	2634308	Weston-super-Mare	51.34603	-2.97665	82903	PPLA2
plc_01m0n2yy0evz1vnmzgqwwes00a	2634313	Weston on the Green	51.86425	-1.22875	523	PPL
plc_01m0n2yy0evz1vnmzgqxcpxp07	2634317	Westoning	51.9814	-0.49698	2147	PPLA3
plc_01m0n2yy0evz1vnmzgr19d9t13	2634322	Weston	53.06667	-2.4	847	PPLA3
plc_01m0n2yy0evz1vnmzgr31xaryn	2634340	West Molesey	51.39985	-0.37997	18565	PPL
plc_01m0n2yy0evz1vnmzgr54py853	2634341	City of Westminster	51.4975	-0.1357	247614	PPLA3
plc_01m0n2yy0evz1vnmzgr6y2cch2	2634345	West Mersea	51.77798	0.91873	7057	PPL
plc_01m0n2yy0evz1vnmzgr7k3yp4p	2634346	West Meon	51.0124	-1.08833	724	PPL
plc_01m0n2yy0evz1vnmzgr8wnjnjn	2634349	West Malling	51.29273	0.40907	2266	PPL
plc_01m0n2yy0evz1vnmzgrcbyq6we	2634360	West Linton	55.74972	-3.35607	1530	PPL
plc_01m0n2yy0evz1vnmzgrfaren64	2634375	West Kirby	53.37302	-3.18417	7680	PPL
plc_01m0n2yy0evz1vnmzgrhta7b3s	2634378	West Kilbride	55.69004	-4.85771	4760	PPL
plc_01m0n2yy0evz1vnmzgrma2t1r7	2634387	Westhoughton	53.54899	-2.52464	26260	PPL
plc_01m0n2yy0evz1vnmzgrmv4avsr	2634388	West Horsley	51.26033	-0.45563	1276	PPL
plc_01m0n2yy0evz1vnmzgrn12rf50	2634392	Westhead	53.56288	-2.84363	795	PPL
plc_01m0n2yy0evz1vnmzgrqtn5f56	2634403	West Ham	51.53333	0.01667	15551	PPL
plc_01m0n2yy0evz1vnmzgrtt76hdc	2634405	West Hallam	52.97093	-1.35846	6314	PPL
plc_01m0n2yy0evz1vnmzgrvrd1g9p	2634407	West Haddon	52.34168	-1.07804	1718	PPL
plc_01m0n2yy0evz1vnmzgry5sng60	2634413	Westgate on Sea	51.38239	1.33673	6594	PPL
plc_01m0n2yy0evz1vnmzgs0nzdqq2	2634421	West Felton	52.82491	-2.97352	720	PPL
plc_01m0n2yy0evz1vnmzgs3r5bp2e	2634431	Westerleigh	51.51605	-2.43416	575	PPL
plc_01m0n2yy0evz1vnmzgs7khh3k0	2634434	Westerham	51.26632	0.06892	3303	PPL
plc_01m0n2yy0evz1vnmzgs7rmbdvq	2634447	West End	50.92741	-1.33282	4227	PPL
plc_01m0n2yy0evz1vnmzgsaqncrgb	2634451	West Drayton	51.5	-0.46667	14370	PPL
plc_01m0n2yy0evz1vnmzgsbrbep0e	2634455	West Derby	53.43279	-2.90963	13837	PPL
plc_01m0n2yy0evz1vnmzgsd6e69g4	2634465	Westcott	51.22438	-0.37195	2528	PPL
plc_01m0n2yy0evz1vnmzgse29ewak	2634467	Cornforth	54.70286	-1.51938	2501	PPLA3
plc_01m0n2yy0evz1vnmzgsevg05jv	2634468	West Coker	50.91912	-2.68707	1161	PPL
plc_01m0n2yy0evz1vnmzgsgxays73	2634469	West Clandon	51.26063	-0.50323	5422	PPL
plc_01m0n2yy0evz1vnmzgsgzrt71j	2634471	West Chinnock	50.91822	-2.75876	592	PPL
plc_01m0n2yy0evz1vnmzgsk8yfnm8	2634477	West Calder	55.85188	-3.56981	3100	PPL
plc_01m0n2yy0evz1vnmzgsmt6v64s	2634478	West Byfleet	51.33764	-0.50649	5054	PPL
plc_01m0n2yy0evz1vnmzgsqpmbdqy	2634479	West Butterwick	53.54232	-0.74247	795	PPL
plc_01m0n2yy0evz1vnmzgssajnwd5	2634481	Westbury	52.67856	-2.95433	657	PPLA3
plc_01m0n2yy0evz1vnmzgsx1x3x0f	2634483	Westbury	51.26	-2.1875	16989	PPLA3
plc_01m0n2yy0evz1vnmzgszwjgpvn	2634484	Westbury-sub-Mendip	51.23556	-2.71722	801	PPL
plc_01m0n2yy0evz1vnmzgt0t6d0g5	2634491	West Bromwich	52.51868	-1.9945	103112	PPL
plc_01m0n2yy0evz1vnmzgt27tdv3a	2634493	West Bridgford	52.92979	-1.12537	36487	PPL
plc_01m0n2yy0evz1vnmzgt4w83hce	2634499	West Bergholt	51.91221	0.84986	3215	PPL
plc_01m0n2yy0evz1vnmzgt59baqp2	2634502	West Bay	50.71084	-2.76107	4084	PPL
plc_01m0n2yy0evz1vnmzgt9450frt	2634522	Wereham	52.58583	0.48118	660	PPL
plc_01m0n2yy0evz1vnmzgtas90c3p	2634524	Weobley	52.1596	-2.875	1101	PPL
plc_01m0n2yy0evz1vnmzgtbtwt61s	2634525	Wenvoe	51.44776	-3.26369	1155	PPL
plc_01m0n2yy0evz1vnmzgtbxf8aa2	2634538	Wendover	51.76194	-0.73986	7702	PPL
plc_01m0n2yy0evz1vnmzgtcybg0bp	2634545	Wemyss Bay	55.87614	-4.8895	2580	PPL
plc_01m0n2yy0evz1vnmzgtd75wte4	2634548	Wembury	50.32272	-4.07529	1819	PPL
plc_01m0n2yy0evz1vnmzgtg6xt1j2	2634549	Wembley	51.55242	-0.29686	90045	PPLA3
plc_01m0n2yy0evz1vnmzgtkqjbec4	2634550	Wem	52.85835	-2.71826	5870	PPL
plc_01m0n2yy0evz1vnmzgtksqvptw	2634552	Welwyn Garden City	51.80174	-0.20691	51505	PPL
plc_01m0n2yy0evz1vnmzgtqqc5vej	2634553	Welwyn	51.8331	-0.21359	3254	PPL
plc_01m0n2yy0evz1vnmzgts3p9z77	2634560	Welshpool	52.65973	-3.1471	6764	PPL
plc_01m0n2yy0evz1vnmzgttdsak16	2634564	Welney	52.52291	0.24829	542	PPL
plc_01m0n2yy0evz1vnmzgtw9y88qv	2634567	Wells-next-the-Sea	52.95164	0.8511	2165	PPL
plc_01m0n2yy0evz1vnmzgtzvnb7s3	2634569	Wells	51.20794	-2.64896	11145	PPL
plc_01m0n2yy0evz1vnmzgv055ckmd	2634571	Wellow	51.32444	-2.37417	529	PPLA3
plc_01m0n2yy0evz1vnmzgv1y61794	2634573	Wellington	52.7	-2.51667	22816	PPLA3
plc_01m0n2yy0evz1vnmzgv4ky2phk	2634578	Wellingborough	52.30273	-0.69446	56564	PPL
plc_01m0n2yy0evz1vnmzgv5ctw6q5	2634579	Welling	51.46246	0.10759	41000	PPL
plc_01m0n2yy0evz1vnmzgv7mz1x30	2634581	Wellesbourne Mountford	52.19246	-1.60967	6007	PPL
plc_01m0n2yy0evz1vnmzgv9d0ygz7	2634582	Wellesbourne	52.19709	-1.59053	5849	PPL
plc_01m0n2yy0evz1vnmzgv9pskwk8	2634586	Welland	52.05756	-2.2994	903	PPL
plc_01m0n2yy0evz1vnmzgva0ft2n4	2634589	Welford	52.41706	-1.05871	1043	PPL
plc_01m0n2yy0evz1vnmzgvbd81fqc	2634596	Welbourn	53.07588	-0.55876	647	PPL
plc_01m0n2yy0evz1vnmzgvcen0dzv	2634602	Weeton	53.82154	-2.93869	527	PPL
plc_01m0n2yy0evz1vnmzgvfp04j7v	2634603	Weeting	52.4644	0.61485	1839	PPL
plc_01m0n2yy0evz1vnmzgvk7x65kq	2634613	Weedon Bec	52.22955	-1.08371	2706	PPL
plc_01m0n2yy0evz1vnmzgvnpzb9g5	2634616	Wednesfield	52.5963	-2.08508	33555	PPL
plc_01m0n2yy0evz1vnmzgvrxm4q8r	2634617	Wednesbury	52.5514	-2.02355	20313	PPL
plc_01m0n2yy0evz1vnmzgvtd90k2h	2634618	Wedmore	51.22727	-2.81152	1409	PPL
plc_01m0n2yy0evz1vnmzgvx8xdatj	2634623	Weaverham	53.26018	-2.57291	6087	PPL
plc_01m0n2yy0evz1vnmzgvz02gb00	2634644	Wawne	53.81709	-0.34843	975	PPL
plc_01m0n2yy0evz1vnmzgvz0b88cy	2634646	Wavertree	53.39816	-2.91567	14262	PPLX
plc_01m0n2yy0evz1vnmzgw1wgx3nv	2634660	Watton at Stone	51.85842	-0.11381	2338	PPL
plc_01m0n2yy0evz1vnmzgw42haksd	2634661	Watton	53.93333	-0.45	7601	PPLA3
plc_01m0n2yy0evz1vnmzgw7mqdyje	2634662	Watton	52.56667	0.83333	9924	PPL
plc_01m0n2yy0evz1vnmzgwb7byx2m	2634663	Wattisham	52.12543	0.93864	1539	PPL
plc_01m0n2yy0evz1vnmzgwen3mgrg	2634671	Watlington	51.64327	-1.00448	2187	PPL
plc_01m0n2yy0evz1vnmzgwgrh2ayf	2634672	Wath upon Dearne	53.50291	-1.3458	16964	PPL
plc_01m0n2yy0evz1vnmzgwkb1xgq3	2634677	Watford	51.65531	-0.39602	125707	PPL
plc_01m0n2yy0evz1vnmzgwq48hpbe	2634682	Water Orton	52.51575	-1.74005	3444	PPL
plc_01m0n2yy0evz1vnmzgwtx8f959	2634686	Waterlooville	50.88067	-1.0304	64350	PPL
plc_01m0n2yy0evz1vnmzgwxne62zw	2634690	Wateringbury	51.25543	0.42317	2396	PPL
plc_01m0n2yy0evz1vnmzgwy0p29xh	2634701	Waterbeach	52.26553	0.19123	5795	PPL
plc_01m0n2yy0evz1vnmzgwzqe4dcv	2634704	Watchet	51.18189	-3.33079	3581	PPL
plc_01m0n2yy0evz1vnmzgx2wsc4z8	2634715	Washington	54.9	-1.51667	67085	PPL
plc_01m0n2yy0evz1vnmzgx49ntp2y	2634716	Washington	50.90487	-0.40649	1930	PPL
plc_01m0n2yy0evz1vnmzgx4yb25vc	2634717	Washingborough	53.22425	-0.47485	6463	PPL
plc_01m0n2yy0evz1vnmzgx88kvcvf	2634719	Washford	51.16083	-3.36194	601	PPL
plc_01m0n2yy0evz1vnmzgx9sf7jaf	2634725	Warwick	52.28333	-1.58333	37267	PPLA2
plc_01m0n2yy0evz1vnmzgxc887gfc	2634726	Warton	54.14715	-2.76435	2300	PPL
plc_01m0n2yy0evz1vnmzgxdf6t21s	2634727	Warton	53.74988	-2.89335	1833	PPLA4
plc_01m0n2yy0evz1vnmzgxfcc0gpf	2634736	Warsop	53.21402	-1.15091	9766	PPL
plc_01m0n2yy0evz1vnmzgxgx0psp9	2634739	Warrington	53.39254	-2.58024	172330	PPLA2
plc_01m0n2yy0evz1vnmzgxkcpdd6h	2634743	Warrenpoint	54.10148	-6.25731	7670	PPL
plc_01m0n2yy0evz1vnmzgxmf4ha15	2634749	Warnham	51.09107	-0.34847	1193	PPL
plc_01m0n2yy0evz1vnmzgxn77nvyt	2634754	Warmley	51.46004	-2.47811	1000	PPL
plc_01m0n2yy0evz1vnmzgxr5n8a3y	2634755	Warminster	51.20434	-2.17873	17490	PPL
plc_01m0n2yy0evz1vnmzgxt0ehadq	2634759	Warlingham	51.30953	-0.05794	7970	PPL
plc_01m0n2yy0evz1vnmzgxxkbehzn	2634762	Warkworth	55.35	-1.61667	1346	PPLA3
plc_01m0n2yy0evz1vnmzgxyvrswbw	2634768	Waringstown	54.43431	-6.29929	2856	PPL
plc_01m0n2yy0evz1vnmzgy17m0b46	2634772	Wargrave	51.50068	-0.86577	4209	PPLA3
plc_01m0n2yy0evz1vnmzgy35b4kzp	2634776	Wareham	50.68792	-2.11058	7592	PPL
plc_01m0n2yy0evz1vnmzgy6ysdvqt	2634777	Ware	51.81058	-0.02875	17576	PPL
plc_01m0n2yy0evz1vnmzgy97pnpke	2634782	Wardle	53.65	-2.13333	7250	PPL
plc_01m0n2yy0evz1vnmzgya7wbky8	2634783	Wardington	52.11394	-1.28512	602	PPL
plc_01m0n2yy0evz1vnmzgybwczq7w	2634796	Warboys	52.40352	-0.07931	3825	PPL
plc_01m0n2yy0evz1vnmzgyecdmv7j	2634797	Warborough	51.63864	-1.13691	987	PPL
plc_01m0n2yy0evz1vnmzgyg3b4ck9	2634801	Wantage	51.58846	-1.42565	13106	PPL
plc_01m0n2yy0evz1vnmzgygc52px9	2634803	Wanstead	51.5768	0.02463	11543	PPL
plc_01m0n2yy0evz1vnmzgyjkghkr2	2634815	Wanborough	51.54263	-1.69837	2268	PPLA3
plc_01m0n2yy0evz1vnmzgykbedwpa	2634824	Walton upon Trent	52.75889	-1.6749	872	PPL
plc_01m0n2yy0evz1vnmzgymc848t2	2634825	Walton-on-Thames	51.38678	-0.41319	22834	PPL
plc_01m0n2yy0evz1vnmzgyp1jh74w	2634826	Walton-on-the-Naze	51.84819	1.26738	17458	PPL
plc_01m0n2yy0evz1vnmzgyqsxzege	2634827	Walton	53.44947	-2.96614	1889	PPLX
plc_01m0n2yy0evz1vnmzgyv288vxp	2634835	Walton	52.47774	-1.12494	600	PPL
plc_01m0n2yy0evz1vnmzgywme6j71	2634838	Walthamstow	51.59067	-0.02077	109424	PPLA3
plc_01m0n2yy0evz1vnmzgyyb75jfe	2634839	Waltham St Lawrence	51.48507	-0.80698	504	PPL
plc_01m0n2yy0evz1vnmzgz0vyn9rr	2634840	Waltham on the Wolds	52.81698	-0.80835	836	PPL
plc_01m0n2yy0evz1vnmzgz40zzvfh	2634842	Waltham Cross	51.68602	-0.03575	10000	PPL
plc_01m0n2yy0evz1vnmzgz71geatx	2634843	Waltham Abbey	51.687	-0.00421	22858	PPL
plc_01m0n2yy0evz1vnmzgz99xwbva	2634844	Waltham	53.51667	-0.1	6563	PPLA3
plc_01m0n2yy0evz1vnmzgzcvsbaha	2634851	Walsden	53.69361	-2.10001	2000	PPL
plc_01m0n2yy0evz1vnmzgzd4nyxtd	2634853	Walsall	52.58528	-1.98396	172141	PPLA2
plc_01m0n2yy0evz1vnmzgze9j69wj	2634864	Wallsend	54.99111	-1.53397	42739	PPLA2
plc_01m0n2yy0evz1vnmzgzfhxahgb	2634867	Wallington	51.36404	-0.15368	20850	PPL
plc_01m0n2yy0evz1vnmzgzhgay5rz	2634868	Wallington	50.85	-1.16667	500	PPL
plc_01m0n2yy0evz1vnmzgzmkvz9df	2634869	Wallingford	51.59982	-1.1248	11600	PPL
plc_01m0n2yy0evz1vnmzgzrfsycf3	2634873	Wallasey	53.42324	-3.06497	58794	PPLA2
plc_01m0n2yy0evz1vnmzgzrjt4j58	2634879	Walkington	53.8195	-0.48958	1769	PPL
plc_01m0n2yy0evz1vnmzgzt4g7k55	2634881	Walkern	51.91888	-0.12758	1541	PPL
plc_01m0n2yy0evz1vnmzgzvmrpstc	2634883	Walkeringham	53.42551	-0.8441	652	PPL
plc_01m0n2yy0evz1vnmzgzyx7kg25	2634885	Walkerburn	55.62328	-3.01468	760	PPL
plc_01m0n2yy0evz1vnmzgzzkafpvf	2634887	Walkden	53.51667	-2.4	35616	PPL
plc_01m0n2yy0evz1vnmzh033gzw4c	2634888	Walgrave	52.3404	-0.82509	868	PPL
plc_01m0n2yy0evz1vnmzh04hjxk87	2634894	Wales	53.34061	-1.28162	5956	PPLA3
plc_01m0n2yy0evz1vnmzh04k52kep	2634903	Walcott	53.09469	-0.31311	566	PPL
plc_01m0n2yy0evz1vnmzh087adk7f	2634906	Walberton	50.84475	-0.62013	1778	PPL
plc_01m0n2yy0evz1vnmzh087dxxf9	2634910	Wakefield	53.68331	-1.49768	109766	PPLA2
plc_01m0n2yy0evz1vnmzh0956hs0p	2634914	Wainfleet All Saints	53.1057	0.23583	1744	PPL
plc_01m0n2yy0evz1vnmzh0bdmypw6	2634916	Wadworth	53.46726	-1.14261	1137	PPL
plc_01m0n2yy0evz1vnmzh0ec856py	2634918	Wadhurst	51.0623	0.33929	4051	PPL
plc_01m0n2yy0evz1vnmzh0em19qqp	2634920	Wadebridge	50.51734	-4.83633	6599	PPL
plc_01m0n2yy0evz1vnmzh0ezg1ren	2634922	Waddington	53.88977	-2.41459	1028	PPL
plc_01m0n2yy0evz1vnmzh0gsk9xwa	2634923	Waddington	53.16667	-0.53333	4081	PPL
plc_01m0n2yy0evz1vnmzh0j2p6qyd	2634924	Waddingham	53.4532	-0.52011	601	PPL
plc_01m0n2yy0evz1vnmzh0mhqpdts	2634925	Waddesdon	51.84675	-0.92105	1797	PPL
plc_01m0n2yy0evz1vnmzh0qjf69f4	2634975	Verwood	50.87575	-1.87023	13360	PPL
plc_01m0n2yy0evz1vnmzh0tp1h98b	2634978	Vernham Dean	51.30704	-1.51197	552	PPL
plc_01m0n2yy0evz1vnmzh0ws5nsjk	2634985	Ventnor	50.59449	-1.20672	5976	PPL
plc_01m0n2yy0evz1vnmzh0wwgs92s	2635022	Valley	53.2849	-4.56644	2361	PPL
plc_01m0n2yy0evz1vnmzh0yhy5y01	2635042	Uxbridge	51.5489	-0.48211	70000	PPLA3
plc_01m0n2yy0evz1vnmzh0z0xqhmz	2635043	Uttoxeter	52.89838	-1.86488	14014	PPL
plc_01m0n2yy0evz1vnmzh11p0dban	2635052	Usk	51.70347	-2.90332	2834	PPL
plc_01m0n2yy0evz1vnmzh14acq2bz	2635054	Ushaw Moor	54.77803	-1.6472	7368	PPL
plc_01m0n2yy0evz1vnmzh184rz122	2635062	Urmston	53.44852	-2.35419	41731	PPL
plc_01m0n2yy0evz1vnmzh19gx6551	2635072	Urchfont	51.31217	-1.94292	885	PPL
plc_01m0n2yy0evz1vnmzh1cf7eb8g	2635078	Upwell	52.60249	0.2219	4278	PPL
plc_01m0n2yy0evz1vnmzh1djghgrr	2635080	Upton upon Severn	52.06258	-2.21802	1861	PPL
plc_01m0n2yy0evz1vnmzh1e2razdt	2635090	Upton	53.61466	-1.28677	5874	PPLA3
plc_01m0n2yy0evz1vnmzh1hqyqgyd	2635094	Upton	52.65843	1.54476	702	PPL
plc_01m0n2yy0evz1vnmzh1ncaa75k	2635101	Uppingham	52.58803	-0.72272	4745	PPL
plc_01m0n2yy0evz1vnmzh1r9fhq5r	2635111	Upper Poppleton	53.97907	-1.15204	3451	PPL
plc_01m0n2yy0evz1vnmzh1w61g4ma	2635113	Upper Norwood	51.41505	-0.0927	16082	PPLX
plc_01m0n2yy0evz1vnmzh1xmmwz4m	2635118	Upper Langwith	53.22919	-1.20695	2955	PPL
plc_01m0n2yy0evz1vnmzh2053a8fm	2635124	Upper Heyford	51.93558	-1.25451	953	PPL
plc_01m0n2yy0evz1vnmzh213dbras	2635150	Upminster	51.55594	0.2556	10000	PPL
plc_01m0n2yy0evz1vnmzh231v3k57	2635155	Uplawmoor	55.76475	-4.49612	560	PPL
plc_01m0n2yy0evz1vnmzh250r646j	2635158	Upham	50.98253	-1.23493	663	PPL
plc_01m0n2yy0evz1vnmzh28fh0sbc	2635161	Upchurch	51.3762	0.64789	1340	PPL
plc_01m0n2yy0evz1vnmzh29kmh0w3	2635163	Uny Lelant	50.18298	-5.44047	1056	PPL
plc_01m0n2yy0evz1vnmzh2cbq2cb5	2635174	Undy	51.57526	-2.81453	5914	PPL
plc_01m0n2yy0evz1vnmzh2df94qj8	2635183	Ulverston	54.19594	-3.09626	11356	PPL
plc_01m0n2yy0evz1vnmzh2gvb5ea3	2635195	Ullesthorpe	52.48438	-1.25269	903	PPL
plc_01m0n2yy0evz1vnmzh2h0478f3	2635196	Ulleskelf	53.85434	-1.21266	650	PPL
plc_01m0n2yy0evz1vnmzh2k0yhvzv	2635199	Ullapool	57.89872	-5.16039	1500	PPL
plc_01m0n2yy0evz1vnmzh2p7679kn	2635202	Uley	51.68417	-2.30583	998	PPL
plc_01m0n2yy0evz1vnmzh2t1qg7jh	2635204	Ulcombe	51.21057	0.64455	575	PPL
plc_01m0n2yy0evz1vnmzh2vjvexnj	2635205	Ulceby	53.61667	-0.33333	1584	PPLA3
plc_01m0n2yy0evz1vnmzh2y1capkb	2635234	Uffculme	50.90604	-3.32746	2021	PPL
plc_01m0n2yy0evz1vnmzh2yeayvyv	2635239	Uddingston	55.81971	-4.08362	5610	PPL
plc_01m0n2yy0evz1vnmzh303b5q4t	2635243	Uckfield	50.96948	0.09589	18452	PPL
plc_01m0n2yy0evz1vnmzh33r3t37p	2635256	Tytherington	51.5925	-2.47972	666	PPLA3
plc_01m0n2yy0evz1vnmzh37n8vzgv	2635269	Tynemouth	55.01788	-1.42559	60605	PPL
plc_01m0n2yy0evz1vnmzh39hvdfzs	2635281	Tyldesley	53.51393	-2.46754	35932	PPL
plc_01m0n2yy0evz1vnmzh3cn4r8yw	2635286	Tycroes	51.77806	-4.02	2156	PPL
plc_01m0n2yy0evz1vnmzh3g35bdws	2635294	Twyford	51.47518	-0.86037	7533	PPLA3
plc_01m0n2yy0evz1vnmzh3gzt2v0w	2635321	Tuxford	53.23004	-0.89325	2649	PPL
plc_01m0n2yy0evz1vnmzh3hdrh9dw	2635327	Turvey	52.16285	-0.62528	940	PPL
plc_01m0n2yy0evz1vnmzh3mkpn42j	2635329	Turriff	57.5384	-2.45932	5060	PPL
plc_01m0n2yy0evz1vnmzh3ndzpgry	2635337	Turners Hill	51.10341	-0.08514	885	PPL
plc_01m0n2yy0evz1vnmzh3q921g8t	2635412	Truro	50.26526	-5.05436	23041	PPLA2
plc_01m0n2yy0evz1vnmzh3sg00t5j	2635413	Trunch	52.86214	1.3966	909	PPL
plc_01m0n2yy0evz1vnmzh3swz7apj	2635427	Trowbridge	51.31889	-2.20861	40952	PPLA2
plc_01m0n2yy0evz1vnmzh3w2nzrng	2635442	Troon	55.54359	-4.66335	14950	PPL
plc_01m0n2yy0evz1vnmzh3yc2gmdc	2635459	Tring	51.79471	-0.65824	11929	PPL
plc_01m0n2yy0evz1vnmzh3ztmrx39	2635463	Trimdon Grange	54.71414	-1.42611	1304	PPL
plc_01m0n2yy0evz1vnmzh42edqz07	2635465	Trimdon	54.69878	-1.42881	2958	PPL
plc_01m0n2yy0evz1vnmzh4658mrrp	2635480	Treuddyn	53.1148	-3.12003	1360	PPL
plc_01m0n2yy0evz1vnmzh465a9k6x	2635496	Treorchy	51.65958	-3.50587	8105	PPL
plc_01m0n2yy0evz1vnmzh46hmaaw1	2635524	Treharris	51.66457	-3.30725	12352	PPL
plc_01m0n2yy0evz1vnmzh4ac0af84	2635526	Tregynon	52.57913	-3.33267	892	PPL
plc_01m0n2yy0evz1vnmzh4aqk1cf4	2635530	Tregarth	53.19012	-4.0878	1307	PPL
plc_01m0n2yy0evz1vnmzh4avevfzp	2635531	Tregaron	52.2195	-3.93295	1213	PPL
plc_01m0n2yy0evz1vnmzh4e2dd95h	2635532	Trefriw	53.15138	-3.82573	605	PPL
plc_01m0n2yy0evz1vnmzh4gb0g9je	2635534	Trefonen	52.83333	-3.1	777	PPL
plc_01m0n2yy0evz1vnmzh4hhj9bbr	2635535	Trefnant	53.22526	-3.4203	993	PPLA3
plc_01m0n2yy0evz1vnmzh4jfkd5st	2635540	Treeton	53.38564	-1.35189	3189	PPL
plc_01m0n2yy0evz1vnmzh4mgte65z	2635547	Tredegar	51.77251	-3.24679	14855	PPL
plc_01m0n2yy0evz1vnmzh4ran1a2g	2635557	Trawsfynydd	52.90212	-3.92289	628	PPLA3
plc_01m0n2yy0evz1vnmzh4s93003k	2635563	Tranent	55.94439	-2.95412	11910	PPL
plc_01m0n2yy0evz1vnmzh4tmv1cy4	2635571	Trafford Park	53.46879	-2.31194	3060	PPL
plc_01m0n2yy0evz1vnmzh4ydheqmc	2635578	Toxteth	53.39069	-2.97103	4044	PPLX
plc_01m0n2yy0evz1vnmzh52cgeyhe	2635585	Town Yetholm	55.54546	-2.28745	570	PPL
plc_01m0n2yy0evz1vnmzh52r1hk2n	2635587	Townhill	56.0891	-3.43889	1220	PPL
plc_01m0n2yy0evz1vnmzh56mgaas5	2635590	Tow Law	54.74456	-1.81434	2138	PPL
plc_01m0n2yy0evz1vnmzh59ve0y0t	2635597	Towcester	52.13359	-0.99057	9057	PPL
plc_01m0n2yy0evz1vnmzh5aqdm82s	2635603	Totton	50.91877	-1.49037	34169	PPL
plc_01m0n2yy0evz1vnmzh5e0e60tp	2635604	Tottington	53.61326	-2.34071	7713	PPL
plc_01m0n2yy0evz1vnmzh5gzk5ac8	2635606	Totternhoe	51.88555	-0.57343	982	PPLA3
plc_01m0n2yy0evz1vnmzh5kj0w5kj	2635607	Totteridge	51.63333	-0.2	15159	PPL
plc_01m0n2yy0evz1vnmzh5mxgafcb	2635608	Tottenham	51.60373	-0.06794	130000	PPL
plc_01m0n2yy0evz1vnmzh5q7v7r1n	2635610	Totnes	50.43107	-3.6843	8241	PPL
plc_01m0n2yy0evz1vnmzh5rfk68sd	2635613	Totland	50.68466	-1.53688	2927	PPLA3
plc_01m0n2yy0evz1vnmzh5tcp8jkc	2635650	Torquay	50.46198	-3.52522	65388	PPLA2
plc_01m0n2yy0evz1vnmzh5vamx73r	2635651	Torpoint	50.37505	-4.19566	7717	PPL
plc_01m0n2yy0evz1vnmzh5y9069ed	2635652	Torphins	57.10561	-2.62398	1410	PPL
plc_01m0n2yy0evz1vnmzh5z1vxnpw	2635653	Torphichen	55.93353	-3.6546	650	PPL
plc_01m0n2yy0evz1vnmzh61bjsh0b	2635680	Topsham	50.68596	-3.46696	3624	PPL
plc_01m0n2yy0evz1vnmzh63jeg4qp	2635689	Tonyrefail	51.58402	-3.43041	9317	PPL
plc_01m0n2yy0evz1vnmzh679hn2dd	2635703	Tonbridge	51.19532	0.27363	36115	PPL
plc_01m0n2yy0evz1vnmzh67jv0jbf	2635718	Tolleshunt Knights	51.79869	0.77651	1030	PPL
plc_01m0n2yy0evz1vnmzh684mz0aw	2635720	Tollesbury	51.75913	0.83462	2621	PPL
plc_01m0n2yy0evz1vnmzh6apsy7vc	2635740	Toft	52.18719	-0.01219	503	PPL
plc_01m0n2yy0evz1vnmzh6dpecdbn	2635742	Todwick	53.35373	-1.25673	1673	PPLA3
plc_01m0n2yy0evz1vnmzh6gh1va8a	2635744	Todmorden	53.71434	-2.09701	11690	PPL
plc_01m0n2yy0evz1vnmzh6kmnezpt	2635748	Toddington	51.94922	-0.53277	4585	PPLA3
plc_01m0n2yy0evz1vnmzh6pzda3a2	2635754	Tobermory	56.62198	-6.07231	1000	PPL
plc_01m0n2yy0evz1vnmzh6sjrskn6	2635762	Tiverton	50.90241	-3.49232	22291	PPL
plc_01m0n2yy0evz1vnmzh6x5fespt	2635770	Titchmarsh	52.40677	-0.49825	598	PPL
plc_01m0n2yy0evz1vnmzh70smjyae	2635771	Titchfield	50.85115	-1.23716	7280	PPL
plc_01m0n2yy0evz1vnmzh71m345ke	2635774	Tisbury	51.06283	-2.08058	2178	PPL
plc_01m0n2yy0evz1vnmzh71txpb3q	2635783	Tiptree	51.8123	0.7454	9182	PPLA4
plc_01m0n2yy0evz1vnmzh73gkm8ga	2635785	Tipton	52.52956	-2.06773	47000	PPL
plc_01m0n2yy0evz1vnmzh74jv998n	2635790	Tintinhull	50.97329	-2.71371	902	PPL
plc_01m0n2yy0evz1vnmzh77hx3088	2635796	Tingewick	51.99031	-1.04804	1093	PPL
plc_01m0n2yy0evz1vnmzh7azcdnnh	2635801	Timsbury	51.32444	-2.47917	2504	PPLA3
plc_01m0n2yy0evz1vnmzh7es8a2ba	2635803	Timperley	53.4	-2.33333	11323	PPL
plc_01m0n2yy0evz1vnmzh7gxz5gbh	2635806	Timberland	53.11203	-0.32912	578	PPL
plc_01m0n2yy0evz1vnmzh7kaxje2s	2635813	Tilston	53.05701	-2.80878	603	PPL
plc_01m0n2yy0evz1vnmzh7pkqwh7k	2635814	Tilstock	52.93557	-2.68383	809	PPL
plc_01m0n2yy0evz1vnmzh7t14pmn5	2635826	Tillingham	51.69682	0.882	902	PPL
plc_01m0n2yy0evz1vnmzh7vbmc5qb	2635829	Tillicoultry	56.15251	-3.74015	5160	PPL
plc_01m0n2yy0evz1vnmzh7xddv32p	2635836	Tilbury	51.46248	0.35856	14185	PPL
plc_01m0n2yy0evz1vnmzh7zv89xcs	2635840	Tighnabruaich	55.90613	-5.23362	520	PPL
plc_01m0n2yy0evz1vnmzh81xqsbz2	2635851	Tideswell	53.27807	-1.77292	1647	PPL
plc_01m0n2yy0evz1vnmzh84v9s6g6	2635856	Tickton	53.86233	-0.3833	1731	PPL
plc_01m0n2yy0evz1vnmzh86jhez6z	2635857	Ticknall	52.81178	-1.47761	642	PPL
plc_01m0n2yy0evz1vnmzh893kbz77	2635859	Tickhill	53.43194	-1.10859	4992	PPLA3
plc_01m0n2yy0evz1vnmzh8ar11qxd	2635862	Ticehurst	51.04652	0.4086	1705	PPL
plc_01m0n2yy0evz1vnmzh8cbar2g0	2635864	Tibshelf	53.14436	-1.34056	3787	PPL
plc_01m0n2yy0evz1vnmzh8g8t9pnx	2635867	Tibberton	52.77774	-2.47303	525	PPL
plc_01m0n2yy0evz1vnmzh8ksq5t5n	2635876	Thurton	52.55655	1.43313	883	PPL
plc_01m0n2yy0evz1vnmzh8qfesp5n	2635877	Thurston	52.25244	0.80749	2952	PPL
plc_01m0n2yy0evz1vnmzh8r9v1xsb	2635881	Thurso	58.59271	-3.52594	7390	PPL
plc_01m0n2yy0evz1vnmzh8v60gtgx	2635884	Thursby	54.8426	-3.0509	846	PPL
plc_01m0n2yy0evz1vnmzh8wkh3wm0	2635890	Thurlton	52.52881	1.55617	1077	PPL
plc_01m0n2yy0evz1vnmzh8z02prbb	2635894	Thurlestone	50.26932	-3.86264	627	PPL
plc_01m0n2yy0evz1vnmzh91zj7mdn	2635895	Thurleigh	52.21471	-0.46354	694	PPL
plc_01m0n2yy0evz1vnmzh957yj8qe	2635896	Thurlby	52.73879	-0.37868	2153	PPL
plc_01m0n2yy0evz1vnmzh98mh3avb	2635900	Thurcaston	52.69228	-1.15935	877	PPL
plc_01m0n2yy0evz1vnmzh9c9zz6qc	2635901	Thundridge	51.83628	-0.03472	704	PPL
plc_01m0n2yy0evz1vnmzh9g3qdcrt	2635927	Three Legged Cross	50.85	-1.88333	1492	PPL
plc_01m0n2yy0evz1vnmzh9g4w2tn7	2635937	Thrapston	52.39675	-0.5392	7068	PPL
plc_01m0n2yy0evz1vnmzh9j227end	2635939	Thorverton	50.80794	-3.52816	674	PPL
plc_01m0n2yy0evz1vnmzh9js64rj9	2635950	Thorpe le Soken	51.85603	1.1658	1394	PPL
plc_01m0n2yy0evz1vnmzh9k322xqh	2635954	Thorpe	51.40595	-0.53567	5465	PPL
plc_01m0n2yy0evz1vnmzh9m9dkwxz	2635955	Thorp Arch	53.91584	-1.3198	1505	PPLA3
plc_01m0n2yy0evz1vnmzh9mmf30kh	2635963	Thornton Heath	51.39884	-0.09872	14669	PPL
plc_01m0n2yy0evz1vnmzh9re446f8	2635964	Thornton Dale	54.23528	-0.72016	1759	PPL
plc_01m0n2yy0evz1vnmzh9w5bn92z	2635969	Thornton	56.16667	-3.15	2110	PPL
plc_01m0n2yy0evz1vnmzh9wqz1k9j	2635975	Thornton	52.66517	-1.31285	991	PPL
plc_01m0n2yy0evz1vnmzh9x2v3d9n	2635978	Thornley	54.75	-1.43333	2457	PPLA3
plc_01m0n2yy0evz1vnmzh9xmvbf22	2635980	Thornhill	56.17318	-4.1506	540	PPL
plc_01m0n2yy0evz1vnmzh9zc8te6q	2635981	Thornhill	55.23333	-3.76667	1610	PPL
plc_01m0n2yy0evz1vnmzha2b8h7rr	2635988	Thorngumbald	53.721	-0.17175	2973	PPL
plc_01m0n2yy0evz1vnmzha5jgwyqy	2635994	Thorney	52.62147	-0.10815	1745	PPLA3
plc_01m0n2yy0evz1vnmzha62k6884	2635996	Thorner	53.86093	-1.42676	1408	PPLA3
plc_01m0n2yy0evz1vnmzha9bb8x0w	2635997	Thorne	53.61122	-0.96308	17295	PPL
plc_01m0n2yy0evz1vnmzhabydnnfn	2635998	Thorndon	52.28333	1.13333	648	PPL
plc_01m0n2yy0evz1vnmzhac1hzx7b	2636002	Thornbury	51.60889	-2.52028	11687	PPLA2
plc_01m0n2yy0evz1vnmzhaegn93pz	2636004	Thornborough	51.99701	-0.91783	641	PPL
plc_01m0n2yy0evz1vnmzhahx04nfb	2636005	Thornaby-on-Tees	54.53333	-1.3	22356	PPL
plc_01m0n2yy0evz1vnmzhamk95ecq	2636021	Thirsk	54.23298	-1.34411	9953	PPLA4
plc_01m0n2yy0evz1vnmzhap51vgsf	2636031	Theydon Bois	51.67426	0.09781	3829	PPL
plc_01m0n2yy0evz1vnmzhaqhbr1na	2636032	Thetford	52.41667	0.75	24833	PPL
plc_01m0n2yy0evz1vnmzhatsmf3bb	2636045	Theale	51.43694	-1.077	2833	PPL
plc_01m0n2yy0evz1vnmzhaxj1sq3d	2636047	Thaxted	51.95326	0.34478	2538	PPL
plc_01m0n2yy0evz1vnmzhazrh1ztt	2636049	Thatcham	51.40366	-1.26049	25464	PPL
plc_01m0n2yy0evz1vnmzhb1f1s5zv	2636055	Thankerton	55.62631	-3.63289	510	PPL
plc_01m0n2yy0evz1vnmzhb2atn8b6	2636062	Thames Ditton	51.38964	-0.33928	6307	PPL
plc_01m0n2yy0evz1vnmzhb2pah0fe	2636066	Thame	51.7484	-0.97624	11329	PPL
plc_01m0n2yy0evz1vnmzhb5hcgtj1	2636069	Teynham	51.33045	0.80526	2687	PPL
plc_01m0n2yy0evz1vnmzhb73phyms	2636071	Tewkesbury	51.99244	-2.1601	20360	PPL
plc_01m0n2yy0evz1vnmzhb921ppg4	2636072	Tewin	51.81665	-0.15613	864	PPL
plc_01m0n2yy0evz1vnmzhbb0e58vb	2636079	Tetsworth	51.70961	-1.00564	693	PPL
plc_01m0n2yy0evz1vnmzhbb51ys8a	2636080	Tetney	53.49239	-0.02106	1526	PPL
plc_01m0n2yy0evz1vnmzhbef1vf5x	2636083	Tetbury	51.63944	-2.16222	5472	PPL
plc_01m0n2yy0evz1vnmzhbh765g4a	2636091	Terrington Saint John	52.70546	0.27389	1740	PPL
plc_01m0n2yy0evz1vnmzhbhnv7xhf	2636092	Terrington St Clement	52.75813	0.29732	3301	PPL
plc_01m0n2yy0evz1vnmzhbn317z4y	2636101	Tenterden	51.06845	0.68776	7118	PPL
plc_01m0n2yy0evz1vnmzhbqc2rj15	2636104	Tenby	51.67279	-4.70447	4696	PPLA3
plc_01m0n2yy0evz1vnmzhbqxyd34r	2636105	Tenbury Wells	52.31077	-2.59621	3849	PPL
plc_01m0n2yy0evz1vnmzhbvc3wf5y	2636106	Tempsford	52.17051	-0.29586	590	PPLA3
plc_01m0n2yy0evz1vnmzhby4etgd5	2636110	Templeton	51.77194	-4.73778	627	PPLA3
plc_01m0n2yy0evz1vnmzhc03bhqqk	2636112	Temple Sowerby	54.6347	-2.60187	528	PPL
plc_01m0n2yy0evz1vnmzhc1k8xv6y	2636113	Templepatrick	54.68333	-6.08333	1627	PPL
plc_01m0n2yy0evz1vnmzhc31zfegf	2636120	Templecombe	50.99908	-2.41578	1560	PPL
plc_01m0n2yy0evz1vnmzhc58jvjn9	2636132	Teignmouth	50.54581	-3.49671	14932	PPL
plc_01m0n2yy0evz1vnmzhc5r7en88	2636147	Teddington	51.42233	-0.33053	9615	PPL
plc_01m0n2yy0evz1vnmzhc6ma6vd1	2636158	Tayport	56.44699	-2.87966	3920	PPL
plc_01m0n2yy0evz1vnmzhc84d8xz6	2636174	Tavistock	50.54944	-4.14418	12675	PPL
plc_01m0n2yy0evz1vnmzhcacc4jc8	2636177	Taunton	51.01494	-3.10293	64621	PPLA2
plc_01m0n2yy0evz1vnmzhcbjfxbxb	2636183	Tattenhall	53.12188	-2.76746	1950	PPL
plc_01m0n2yy0evz1vnmzhccpkt04y	2636190	Tarvin	53.19737	-2.76548	2309	PPL
plc_01m0n2yy0evz1vnmzhcdjgzb45	2636191	Tarves	57.37079	-2.22195	1000	PPL
plc_01m0n2yy0evz1vnmzhcecd34pr	2636209	Tarporley	53.15918	-2.66867	2614	PPL
plc_01m0n2yy0evz1vnmzhchdxvftb	2636215	Tarleton	53.68005	-2.82968	8582	PPL
plc_01m0n2yy0evz1vnmzhcjz14r94	2636216	Tarland	57.12793	-2.8604	720	PPL
plc_01m0n2yy0evz1vnmzhcn63wdd4	2636231	Tarbolton	55.51292	-4.48648	1900	PPL
plc_01m0n2yy0evz1vnmzhcp9jbcvb	2636241	Tarbert	55.86277	-5.41622	1130	PPL
plc_01m0n2yy0evz1vnmzhcqq7mck9	2636250	Taplow	51.53299	-0.68682	2400	PPL
plc_01m0n2yy0evz1vnmzhcrvxf64r	2636256	Tansley	53.13197	-1.51882	1197	PPL
plc_01m0n2yy0evz1vnmzhcse26dtf	2636262	Tangmere	50.85131	-0.71633	3269	PPL
plc_01m0n2yy0evz1vnmzhcvqseab6	2636267	Tanfield	54.89288	-1.71316	1659	PPL
plc_01m0n2yy0evz1vnmzhcy4b1hfw	2636271	Tandragee	54.35486	-6.41396	3122	PPL
plc_01m0n2yy0evz1vnmzhd1ejf2zx	2636276	Tamworth	52.63399	-1.69587	81964	PPL
plc_01m0n2yy0evz1vnmzhd4je6bac	2636307	Talgarth	51.99588	-3.23205	1268	PPL
plc_01m0n2yy0evz1vnmzhd5yynqq6	2636315	Takeley	51.87089	0.26583	3387	PPL
plc_01m0n2yy0evz1vnmzhd7nbcdt1	2636321	Tain	57.81204	-4.05518	3690	PPL
plc_01m0n2yy0evz1vnmzhd9qkbgh7	2636323	Taibach	51.58333	-3.76667	4582	PPL
plc_01m0n2yy0evz1vnmzhdcgcq6qs	2636331	Tadworth	51.29169	-0.23582	6999	PPL
plc_01m0n2yy0evz1vnmzhdffeg23q	2636332	Tadmarton	52.0384	-1.43063	541	PPL
plc_01m0n2yy0evz1vnmzhdjfj6f8m	2636333	Tadley	51.35045	-1.1285	15836	PPL
plc_01m0n2yy0evz1vnmzhdp1s33ms	2636335	Tadcaster	53.88322	-1.26344	6480	PPL
plc_01m0n2yy0evz1vnmzhdqp855k4	2636336	Tackley	51.88073	-1.30656	877	PPL
plc_01m0n2yy0evz1vnmzhdr8qgrgq	2636339	Sywell	52.29856	-0.79728	1117	PPL
plc_01m0n2yy0evz1vnmzhdvdzxjp8	2636341	Syston	52.68333	-1.06667	11508	PPL
plc_01m0n2yy0evz1vnmzhdyarz4zj	2636342	Syresham	52.06809	-1.0821	711	PPL
plc_01m0n2yy0evz1vnmzhe1mqsqan	2636349	Symington	55.59843	-3.5951	760	PPL
plc_01m0n2yy0evz1vnmzhe5hdfqkt	2636350	Symington	55.55176	-4.55835	1050	PPL
plc_01m0n2yy0evz1vnmzhe95m95cn	2636373	Swinton	53.5	-2.35	22931	PPL
plc_01m0n2yy0evz1vnmzhe9vs9d7y	2636382	Swinford	52.41022	-1.16524	586	PPL
plc_01m0n2yy0evz1vnmzhecbcpx36	2636384	Swineshead	52.94543	-0.15947	2197	PPL
plc_01m0n2yy0evz1vnmzheeyhy4ja	2636386	Swinefleet	53.69086	-0.83492	787	PPL
plc_01m0n2yy0evz1vnmzhefv502rp	2636389	Swindon	51.55797	-1.78116	201669	PPLA2
plc_01m0n2yy0evz1vnmzhehsjhs02	2636393	Swimbridge	51.0528	-3.97073	669	PPL
plc_01m0n2yy0evz1vnmzhekfc7j0y	2636394	Swillington	53.76846	-1.4175	3088	PPL
plc_01m0n2yy0evz1vnmzhem63w61x	2636408	Sway	50.78685	-1.60294	2421	PPL
plc_01m0n2yy0evz1vnmzheqm04p7c	2636409	Swavesey	52.30155	-0.00476	2463	PPL
plc_01m0n2yy0evz1vnmzhet7c73b1	2636421	Swarland	55.32403	-1.74481	634	PPL
plc_01m0n2yy0evz1vnmzhex0kqz4h	2636424	Swardeston	52.57628	1.24783	619	PPL
plc_01m0n2yy0evz1vnmzhexwkymfc	2636432	Swansea	51.62079	-3.94323	300352	PPLA2
plc_01m0n2yy0evz1vnmzhf19kqz26	2636433	Swanscombe	51.44713	0.31028	15801	PPL
plc_01m0n2yy0evz1vnmzhf4ay2j6p	2636438	Swanmore	50.94404	-1.18021	2683	PPL
plc_01m0n2yy0evz1vnmzhf717z6re	2636439	Swanley	51.39717	0.17321	21839	PPL
plc_01m0n2yy0evz1vnmzhfamsdc7r	2636445	Swanage	50.60827	-1.95664	10454	PPL
plc_01m0n2yy0evz1vnmzhfb79g9fk	2636459	Swainby	54.41264	-1.26669	597	PPL
plc_01m0n2yy0evz1vnmzhfbxgzf41	2636462	Swaffham Prior	52.25389	0.29633	841	PPL
plc_01m0n2yy0evz1vnmzhffj98sg4	2636463	Swaffham Bulbeck	52.23821	0.27698	708	PPL
plc_01m0n2yy0evz1vnmzhfhy6vmwd	2636464	Swaffham	52.6477	0.6857	7258	PPL
plc_01m0n2yy0evz1vnmzhfj84z3db	2636465	Swadlincote	52.774	-1.55744	34576	PPL
plc_01m0n2yy0evz1vnmzhfmd4rwpv	2636468	Sutton upon Derwent	53.91314	-0.92465	594	PPLA3
plc_01m0n2yy0evz1vnmzhfqx8ss2r	2636470	Sutton Scotney	51.1541	-1.33673	858	PPL
plc_01m0n2yy0evz1vnmzhfvvgb5r2	2636474	Sutton on Trent	53.18437	-0.81091	1171	PPL
plc_01m0n2yy0evz1vnmzhfw7bbhm2	2636476	Sutton on the Forest	54.07515	-1.10284	539	PPL
plc_01m0n2yy0evz1vnmzhfyz37vb3	2636484	Sutton in Ashfield	53.12542	-1.26135	36404	PPL
plc_01m0n2yy0evz1vnmzhg0cbgfs4	2636485	Sutton Courtenay	51.6413	-1.27682	2467	PPL
plc_01m0n2yy0evz1vnmzhg3enps3y	2636486	Sutton Coldfield	52.56667	-1.81667	109899	PPL
plc_01m0n2yy0evz1vnmzhg4v2pb53	2636487	Sutton Bridge	52.76995	0.1855	3882	PPL
plc_01m0n2yy0evz1vnmzhg6d8x9z6	2636488	Sutton Bonington	52.82144	-1.24969	1218	PPL
plc_01m0n2yy0evz1vnmzhg7qae380	2636490	Sutton Benger	51.50685	-2.08015	1045	PPL
plc_01m0n2yy0evz1vnmzhga2b15kj	2636498	Sutton	52.38804	0.11866	3816	PPL
plc_01m0n2yy0evz1vnmzhgbv09r4g	2636503	Sutton	51.35	-0.2	187600	PPLA3
plc_01m0n2yy0evz1vnmzhgehjtd17	2636504	Sutterton	52.90269	-0.09235	1368	PPL
plc_01m0n2yy0evz1vnmzhgfh14ybc	2636518	Sunninghill	51.40135	-0.65557	11603	PPL
plc_01m0n2yy0evz1vnmzhgkcy9khs	2636525	Sundridge	51.27797	0.12231	1383	PPL
plc_01m0n2yy0evz1vnmzhgnhbk8ep	2636531	Sunderland	54.90465	-1.38222	170134	PPLA2
plc_01m0n2yy0evz1vnmzhgqjp0syf	2636534	Sunbury-on-Thames	51.40424	-0.41817	27784	PPL
plc_01m0n2yy0evz1vnmzhgrehqzz5	2636564	Sudbury	52.0389	0.73117	23912	PPL
plc_01m0n2yy0evz1vnmzhgw99xp67	2636565	Sudbury	51.55525	-0.32358	14950	PPL
plc_01m0n2yy0evz1vnmzhgwkq82ef	2636566	Sudbrooke	53.26667	-0.45	1788	PPL
plc_01m0n2yy0evz1vnmzhgym1t83f	2636576	Styrrup	53.40887	-1.08919	732	PPL
plc_01m0n2yy0evz1vnmzhgynjrk8m	2636578	Stutton	51.97039	1.13176	599	PPL
plc_01m0n2yy0evz1vnmzhh2jypg06	2636582	Sturry	51.30132	1.12155	7386	PPL
plc_01m0n2yy0evz1vnmzhh3jajkw4	2636583	Sturminster Newton	50.92681	-2.30515	3501	PPL
plc_01m0n2yy0evz1vnmzhh5a092qf	2636584	Sturminster Marshall	50.79968	-2.07615	1490	PPL
plc_01m0n2yy0evz1vnmzhh7a79mkf	2636594	Studley	52.27026	-1.89188	6203	PPL
plc_01m0n2yy0evz1vnmzhha203gw5	2636605	Stuartfield	57.50303	-2.04637	700	PPL
plc_01m0n2yy0evz1vnmzhhapqce80	2636616	Stroud	51.75	-2.2	60155	PPL
plc_01m0n2yy0evz1vnmzhhe3bdm24	2636619	Strood	51.39323	0.47713	33381	PPLX
plc_01m0n2yy0evz1vnmzhhgct2df3	2636631	Strone	55.98585	-4.90624	502	PPL
plc_01m0n2yy0evz1vnmzhhgz4wvyn	2636638	Stromness	58.96498	-3.29601	2490	PPL
plc_01m0n2yy0evz1vnmzhhj42jggt	2636654	Strichen	57.58663	-2.09064	940	PPL
plc_01m0n2yy0evz1vnmzhhmcf3sfr	2636661	Stretham	52.34709	0.21852	1831	PPL
plc_01m0n2yy0evz1vnmzhhpw8510e	2636663	Stretford	53.45	-2.31667	41953	PPLA2
plc_01m0n2yy0evz1vnmzhhth6w8r8	2636667	Strensall	54.03999	-1.03512	6047	PPL
plc_01m0n2yy0evz1vnmzhhw68hvaj	2636670	Streetly	52.58333	-1.88333	13251	PPL
plc_01m0n2yy0evz1vnmzhhzn9p5pf	2636671	Street	51.12472	-2.74	12911	PPL
plc_01m0n2yy0evz1vnmzhj0d1xz64	2636672	Streatley	51.94628	-0.44374	559	PPLA3
plc_01m0n2yy0evz1vnmzhj3ez7zk4	2636673	Streatley	51.52316	-1.1491	1060	PPL
plc_01m0n2yy0evz1vnmzhj6grwe4r	2636675	Streatham	51.42897	-0.13184	58055	PPL
plc_01m0n2yy0evz1vnmzhj7jd6pqv	2636679	Stratton-on-the-Fosse	51.25333	-2.49222	995	PPL
plc_01m0n2yy0evz1vnmzhjb35as9z	2636689	Strathpeffer	57.58522	-4.54195	1070	PPL
plc_01m0n2yy0evz1vnmzhjdentty6	2636694	Strathmiglo	56.27755	-3.2713	900	PPL
plc_01m0n2yy0evz1vnmzhjdxz4e72	2636697	Strathkinness	56.33514	-2.87571	610	PPL
plc_01m0n2yy0evz1vnmzhjgx8h5yg	2636707	Strathblane	55.98596	-4.30658	1960	PPL
plc_01m0n2yy0evz1vnmzhjh05xhpr	2636710	Strathaven	55.6771	-4.0668	7480	PPL
plc_01m0n2yy0evz1vnmzhjkt6g497	2636713	Stratford-upon-Avon	52.19166	-1.70734	30495	PPL
plc_01m0n2yy0evz1vnmzhjnx5dr4q	2636714	Stratford	51.53333	0	36666	PPL
plc_01m0n2yy0evz1vnmzhjrzh6dfg	2636716	Stratfield Mortimer	51.37339	-1.03495	3698	PPLA3
plc_01m0n2yy0evz1vnmzhjtj6tsn2	2636719	Stranraer	54.90234	-5.02731	10510	PPL
plc_01m0n2yy0evz1vnmzhjvngp8mx	2636738	Stradbroke	52.31819	1.27278	1089	PPL
plc_01m0n2yy0evz1vnmzhjw7s8hqj	2636744	Strabane	54.82373	-7.46916	14198	PPLA2
plc_01m0n2yy0evz1vnmzhjwk54g8w	2636748	Stow on the Wold	51.93008	-1.72382	2042	PPL
plc_01m0n2yy0evz1vnmzhjzx9emf0	2636749	Stowmarket	52.18893	0.99774	21028	PPL
plc_01m0n2yy0evz1vnmzhk1v1hemq	2636756	Stow cum Quy	52.22317	0.22522	544	PPL
plc_01m0n2yy0evz1vnmzhk54n23qp	2636760	Stow	55.69357	-2.86414	740	PPL
plc_01m0n2yy0evz1vnmzhk5ay9jbq	2636767	Stourport-on-Severn	52.33976	-2.28034	20586	PPLA4
plc_01m0n2yy0evz1vnmzhk5r9scvd	2636768	Stourpaine	50.88464	-2.19797	617	PPL
plc_01m0n2yy0evz1vnmzhk74v7731	2636769	Stourbridge	52.45608	-2.14317	56950	PPL
plc_01m0n2yy0evz1vnmzhk936ebme	2636782	Stotfold	52.01632	-0.23209	6838	PPLA3
plc_01m0n2yy0evz1vnmzhkc1kz8nn	2636786	Storrington	50.91765	-0.45473	8618	PPL
plc_01m0n2yy0evz1vnmzhkd763rsp	2636790	Stornoway	58.20925	-6.38649	7500	PPLA2
plc_01m0n2yy0evz1vnmzhkdvy9ry3	2636802	Stoney Stanton	52.54839	-1.2793	3793	PPL
plc_01m0n2yy0evz1vnmzhkgcxqmvb	2636804	Stone	51.45032	0.2647	6100	PPL
plc_01m0n2yy0evz1vnmzhkgxxct8g	2636805	Stonesfield	51.85142	-1.4296	1527	PPL
plc_01m0n2yy0evz1vnmzhkmwf9q1v	2636810	Stonehouse	55.69435	-3.9878	5500	PPL
plc_01m0n2yy0evz1vnmzhkrejf37w	2636811	Stonehouse	51.75	-2.28333	7481	PPL
plc_01m0n2yy0evz1vnmzhkv1dne1j	2636814	Stonehaven	56.96365	-2.21177	11150	PPL
plc_01m0n2yy0evz1vnmzhkysf7a36	2636822	Stone	52.9059	-2.15409	14258	PPL
plc_01m0n2yy0evz1vnmzhm0e1wntw	2636823	Stone	52.36667	-2.2	782	PPL
plc_01m0n2yy0evz1vnmzhm2tp1mjf	2636824	Stone	51.80246	-0.87032	2019	PPL
plc_01m0n2yy0evz1vnmzhm5eewa2f	2636826	Stone	51	0.76667	6100	PPL
plc_01m0n2yy0evz1vnmzhm7m3ct16	2636830	Stokesley	54.46998	-1.1933	4757	PPL
plc_01m0n2yy0evz1vnmzhma7zv6gd	2636837	Stoke Prior	52.29978	-2.08034	1762	PPL
plc_01m0n2yy0evz1vnmzhmajjyvyq	2636840	Stoke Poges	51.54441	-0.5888	4204	PPL
plc_01m0n2yy0evz1vnmzhmbfydw2k	2636841	Stoke-on-Trent	53.00415	-2.18538	258366	PPLA2
plc_01m0n2yy0evz1vnmzhmf7z94g8	2636844	Stokenchurch	51.65831	-0.8974	4056	PPL
plc_01m0n2yy0evz1vnmzhmgg24c79	2636849	Stoke Holy Cross	52.5703	1.29484	917	PPL
plc_01m0n2yy0evz1vnmzhmhh78sn1	2636850	Stoke Hammond	51.95675	-0.719	875	PPL
plc_01m0n2yy0evz1vnmzhmm427cp5	2636852	Stoke Goldington	52.13133	-0.77814	575	PPLA3
plc_01m0n2yy0evz1vnmzhmmkswywt	2636853	Stoke Golding	52.5706	-1.41124	1684	PPL
plc_01m0n2yy0evz1vnmzhmq94c64c	2636854	Stoke Gifford	51.51686	-2.54053	13560	PPL
plc_01m0n2yy0evz1vnmzhmtam9s2e	2636855	Stoke Gabriel	50.40328	-3.62111	1107	PPL
plc_01m0n2yy0evz1vnmzhmxaeceg3	2636856	Stoke Fleming	50.32508	-3.59862	803	PPL
plc_01m0n2yy0evz1vnmzhmxhcfe0s	2636857	Stoke Ferry	52.57051	0.5132	1389	PPL
plc_01m0n2yy0evz1vnmzhmz34ppew	2636862	Stoke Canon	50.77146	-3.50773	654	PPL
plc_01m0n2yy0evz1vnmzhn0b0c8aq	2636864	Stoke by Clare	52.06241	0.53833	512	PPL
plc_01m0n2yy0evz1vnmzhn0s1p0rs	2636870	Stogursey	51.17972	-3.14194	838	PPL
plc_01m0n2yy0evz1vnmzhn27p6c16	2636876	Stockton-on-Tees	54.56848	-1.3187	79957	PPLA2
plc_01m0n2yy0evz1vnmzhn3gsh8mm	2636878	Stockton	52.27181	-1.36055	1347	PPL
plc_01m0n2yy0evz1vnmzhn6s37feg	2636880	Stocksfield	54.94026	-1.90398	2616	PPL
plc_01m0n2yy0evz1vnmzhn7xdpb6q	2636881	Stocksbridge	53.48249	-1.59373	13069	PPL
plc_01m0n2yy0evz1vnmzhn8bpz61f	2636882	Stockport	53.40979	-2.15761	139052	PPLA2
plc_01m0n2yy0evz1vnmzhnb58sbe6	2636895	Stockbridge	51.11398	-1.48839	757	PPL
plc_01m0n2yy0evz1vnmzhnd063t9v	2636896	Stock	51.66351	0.44263	1579	PPL
plc_01m0n2yy0evz1vnmzhng057g9j	2636907	Stithians	50.1887	-5.17807	1463	PPL
plc_01m0n2yy0evz1vnmzhnjgdb30y	2636910	Stirling	56.11903	-3.93682	37910	PPLA2
plc_01m0n2yy0evz1vnmzhnkxd6ka3	2636914	Stilton	52.48788	-0.28894	2455	PPL
plc_01m0n2yy0evz1vnmzhnm9gxmhc	2636915	Stillington	54.60529	-1.42191	1210	PPL
plc_01m0n2yy0evz1vnmzhnnfr0stt	2636922	Stickney	53.08949	0.00545	1127	PPL
plc_01m0n2yy0evz1vnmzhnr0bddcc	2636928	Steyning	50.88744	-0.32787	9627	PPL
plc_01m0n2yy0evz1vnmzhnvm5g3tg	2636930	Stewkley	51.92744	-0.76381	1840	PPL
plc_01m0n2yy0evz1vnmzhnxxj2eda	2636932	Stewarton	55.67986	-4.51435	7140	PPL
plc_01m0n2yy0evz1vnmzhp0vph88b	2636935	Stevington	52.16848	-0.55515	552	PPLA3
plc_01m0n2yy0evz1vnmzhp41182yy	2636936	Steventon	51.62473	-1.32145	1485	PPL
plc_01m0n2yy0evz1vnmzhp5g94kdz	2636938	Stevenston	55.6397	-4.75339	9290	PPL
plc_01m0n2yy0evz1vnmzhp6bjzwfm	2636940	Stevenage	51.90224	-0.20256	91774	PPL
plc_01m0n2yy0evz1vnmzhp796r9mm	2636941	Stetchworth	52.2	0.4	704	PPL
plc_01m0n2yy0evz1vnmzhp7qbr284	2636945	Stepps	55.88899	-4.1521	6730	PPL
plc_01m0n2yy0evz1vnmzhp8c4m17m	2636948	Stepney	51.5175	-0.04292	16238	PPL
plc_01m0n2yy0evz1vnmzhpb8h6d7c	2636950	Stepaside	51.73484	-4.69367	619	PPL
plc_01m0n2yy0evz1vnmzhpdggmsg2	2636963	Steeton	53.88333	-1.95	4196	PPL
plc_01m0n2yy0evz1vnmzhph8byt89	2636965	Steeple Morden	52.06648	-0.1248	852	PPL
plc_01m0n2yy0evz1vnmzhpjhjchdk	2636967	Steeple Claydon	51.93643	-0.98328	2114	PPL
plc_01m0n2yy0evz1vnmzhpjweh9xm	2636968	Steeple Bumpstead	52.04346	0.44808	1432	PPL
plc_01m0n2yy0evz1vnmzhppj8mzd2	2636969	Steeple Aston	51.92749	-1.31106	947	PPL
plc_01m0n2yy0evz1vnmzhpq4qhnpx	2636970	Steeple Ashton	51.31033	-2.13538	935	PPL
plc_01m0n2yy0evz1vnmzhpq6y1cr5	2636975	Steep	51.02277	-0.94212	849	PPL
plc_01m0n2yy0evz1vnmzhpqetpaym	2636978	Stedham	50.99447	-0.77119	544	PPL
plc_01m0n2yy0evz1vnmzhpqmvb6ab	2636981	Stebbing	51.89111	0.41422	923	PPL
plc_01m0n2yy0evz1vnmzhptj665cp	2636993	Staveley	54.37661	-2.81791	1384	PPL
plc_01m0n2yy0evz1vnmzhpy19vgs7	2636995	Staveley	53.26667	-1.35	25719	PPL
plc_01m0n2yy0evz1vnmzhq163ns6z	2637002	Stathern	52.87203	-0.85522	728	PPL
plc_01m0n2yy0evz1vnmzhq2exrcg5	2637008	Starcross	50.62734	-3.44797	1737	PPL
plc_01m0n2yy0evz1vnmzhq63y9k91	2637016	Staplehurst	51.1611	0.55249	5051	PPL
plc_01m0n2yy0evz1vnmzhq93f5v65	2637028	Staplecross	50.97356	0.53576	760	PPL
plc_01m0n2yy0evz1vnmzhq96nmsdx	2637034	Stanwick	52.33198	-0.56348	1942	PPL
plc_01m0n2yy0evz1vnmzhqd4qdzcc	2637035	Stanwell	51.45414	-0.47812	11279	PPL
plc_01m0n2yy0evz1vnmzhqfkar8py	2637043	Stanton Harcourt	51.74919	-1.40179	618	PPL
plc_01m0n2yy0evz1vnmzhqj07wjvk	2637052	Stansted Mountfitchet	51.9	0.2	5429	PPL
plc_01m0n2yy0evz1vnmzhqkxc23gs	2637063	Stanmore	51.61667	-0.31667	4179	PPL
plc_01m0n2yy0evz1vnmzhqpe91e9k	2637071	Stanley	56.4854	-3.45184	1450	PPL
plc_01m0n2yy0evz1vnmzhqsrzzw0x	2637074	Stanion	52.47482	-0.65549	848	PPL
plc_01m0n2yy0evz1vnmzhqtjsg9rm	2637078	Stanhope	54.75	-2.01667	1602	PPL
plc_01m0n2yy0evz1vnmzhqv18tsfg	2637087	Stanford-le-Hope	51.52274	0.43422	29525	PPL
plc_01m0n2yy0evz1vnmzhqwpvdqwf	2637088	Stanford in the Vale	51.63969	-1.50652	2093	PPL
plc_01m0n2yy0evz1vnmzhqyz73167	2637093	Standon	52.91667	-2.28333	3429	PPL
plc_01m0n2yy0evz1vnmzhr19gqbf5	2637095	Standlake	51.7269	-1.42436	1149	PPL
plc_01m0n2yy0evz1vnmzhr4c265pj	2637100	Stanbridge	51.90864	-0.59815	1044	PPLA3
plc_01m0n2yy0evz1vnmzhr6mw043a	2637102	Stamford Bridge	53.9885	-0.91547	3528	PPLA3
plc_01m0n2yy0evz1vnmzhr805vdeh	2637104	Stamford	52.65	-0.48333	20592	PPL
plc_01m0n2yy0evz1vnmzhr9d45f3a	2637106	Stalybridge	53.48414	-2.05908	26830	PPL
plc_01m0n2yy0evz1vnmzhrbqk05sp	2637108	Stallingborough	53.58675	-0.18489	1073	PPL
plc_01m0n2yy0evz1vnmzhrc5n6wdj	2637110	Stalham	52.77079	1.51783	3971	PPL
plc_01m0n2yy0evz1vnmzhrctt1pmw	2637111	Stalbridge	50.95807	-2.37548	2396	PPL
plc_01m0n2yy0evz1vnmzhrg09zhww	2637114	Staithes	54.55904	-0.79258	826	PPL
plc_01m0n2yy0evz1vnmzhrgrwg5jr	2637124	Stainforth	53.6	-1.03333	6483	PPLA3
plc_01m0n2yy0evz1vnmzhrjm6frjx	2637126	Staines	51.43092	-0.50606	51040	PPL
plc_01m0n2yy0evz1vnmzhrjsfkmv6	2637127	Staindrop	54.58102	-1.80708	1310	PPLA3
plc_01m0n2yy0evz1vnmzhrpmjr87a	2637131	Stainburn	53.93333	-1.61667	1666	PPL
plc_01m0n2yy0evz1vnmzhrrg118bz	2637142	Stafford	52.80521	-2.11636	70145	PPLA2
plc_01m0n2yy0evz1vnmzhrsznmmt6	2637146	Stadhampton	51.68131	-1.13138	702	PPL
plc_01m0n2yy0evz1vnmzhrvwk1e57	2637183	Sproughton	52.06233	1.09499	772	PPL
plc_01m0n2yy0evz1vnmzhrwcfp3xa	2637185	Sproatley	53.79379	-0.1913	1350	PPL
plc_01m0n2yy0evz1vnmzhry1g38h4	2637189	Springside	55.61514	-4.59062	1260	PPL
plc_01m0n2yy0evz1vnmzhs1g1tnvw	2637194	Springfield	56.29509	-3.0612	960	PPL
plc_01m0n2yy0evz1vnmzhs26m263e	2637200	Spratton	52.32447	-0.95386	1150	PPL
plc_01m0n2yy0evz1vnmzhs668y1rg	2637205	Sporle	52.66573	0.73226	755	PPL
plc_01m0n2yy0evz1vnmzhs9568p93	2637212	Spofforth	53.95427	-1.44848	1169	PPL
plc_01m0n2yy0evz1vnmzhsbtygq0t	2637214	Spixworth	52.68529	1.32027	3598	PPL
plc_01m0n2yy0evz1vnmzhscz8njd7	2637221	Spitalfields	51.5202	-0.07436	10286	PPLX
plc_01m0n2yy0evz1vnmzhsdtbgfve	2637224	Spilsby	53.17363	0.09373	3440	PPL
plc_01m0n2yy0evz1vnmzhsfm1ycb4	2637232	Spetisbury	50.82054	-2.12516	555	PPL
plc_01m0n2yy0evz1vnmzhsg1h7qaf	2637235	Spennymoor	54.6988	-1.60229	17766	PPL
plc_01m0n2yy0evz1vnmzhsh5eqgy4	2637240	Speldhurst	51.15076	0.21947	1436	PPL
plc_01m0n2yy0evz1vnmzhsmcm17w9	2637241	Speke	53.34071	-2.841	21403	PPL
plc_01m0n2yy0evz1vnmzhsr4aqbpy	2637248	Spean Bridge	56.89157	-4.91982	570	PPL
plc_01m0n2yy0evz1vnmzhssndzetx	2637262	Spaldwick	52.34179	-0.34435	631	PPL
plc_01m0n2yy0evz1vnmzhswrds2sv	2637265	Spalding	52.78709	-0.15141	30556	PPL
plc_01m0n2yy0evz1vnmzhszhvmeh8	2637268	Sowerby Bridge	53.70903	-1.90929	9948	PPL
plc_01m0n2yy0evz1vnmzht1ywrm0k	2637272	South Zeal	50.72604	-3.91277	912	PPL
plc_01m0n2yy0evz1vnmzht5kf5928	2637277	Southwold	52.32721	1.68017	3680	PPL
plc_01m0n2yy0evz1vnmzht66tns83	2637278	South Witham	52.76476	-0.62811	1533	PPL
plc_01m0n2yy0evz1vnmzht9varrsv	2637279	South Wingfield	53.09593	-1.43998	1088	PPL
plc_01m0n2yy0evz1vnmzhtd6k092n	2637287	Southwick	51.29694	-2.2325	1754	PPLA3
plc_01m0n2yy0evz1vnmzhtfybsg0z	2637296	Southwell	53.07804	-0.95538	6757	PPL
plc_01m0n2yy0evz1vnmzhtgga02tt	2637298	Southwater	51.02369	-0.35173	8692	PPL
plc_01m0n2yy0evz1vnmzhtjpma526	2637310	Tidworth	51.23142	-1.66324	12089	PPL
plc_01m0n2yy0evz1vnmzhtpj8wk8n	2637329	South Shields	54.99859	-1.4323	83655	PPLA2
plc_01m0n2yy0evz1vnmzhtqb1pcrw	2637330	Southsea	50.78351	-1.09071	18514	PPLX
plc_01m0n2yy0evz1vnmzhtv7fwbr8	2637343	Southport	53.64581	-3.01008	91703	PPLA2
plc_01m0n2yy0evz1vnmzhtw963m9k	2637347	South Petherton	50.94829	-2.80708	3064	PPL
plc_01m0n2yy0evz1vnmzhty8vy9qt	2637350	Southowram	53.70988	-1.83181	2003	PPL
plc_01m0n2yy0evz1vnmzhtz2c10t7	2637355	South Ockendon	51.50799	0.28333	22440	PPL
plc_01m0n2yy0evz1vnmzhtzq97qfh	2637356	South Nutfield	51.01667	-0.13333	1920	PPL
plc_01m0n2yy0evz1vnmzhv2q2aqj0	2637357	South Norwood	51.39944	-0.07469	16518	PPLX
plc_01m0n2yy0evz1vnmzhv3gvxpab	2637373	South Molton	51.01667	-3.83333	5108	PPL
plc_01m0n2yy0evz1vnmzhv47bgddf	2637374	Southminster	51.66228	0.82968	4025	PPL
plc_01m0n2yy0evz1vnmzhv70vg77m	2637375	South Mimms	51.69586	-0.23273	874	PPL
plc_01m0n2yy0evz1vnmzhv8927pma	2637377	South Milford	53.77672	-1.24609	1995	PPL
plc_01m0n2yy0evz1vnmzhv9exz719	2637382	South Littleton	52.11416	-1.89014	1564	PPL
plc_01m0n2yy0evz1vnmzhva84p60g	2637396	South Kelsey	53.47025	-0.43099	604	PPL
plc_01m0n2yy0evz1vnmzhvc2xfntr	2637405	South Hetton	54.79906	-1.40671	2561	PPL
plc_01m0n2yy0evz1vnmzhvc8a57dp	2637407	South Hayling	50.78773	-0.97697	15485	PPL
plc_01m0n2yy0evz1vnmzhvfhnfh9q	2637410	South Harting	50.96924	-0.88388	1087	PPL
plc_01m0n2yy0evz1vnmzhvk4r7mfd	2637418	Southgate	51.61667	-0.1	14454	PPL
plc_01m0n2yy0evz1vnmzhvnbse7ks	2637421	Southfleet	51.41628	0.32032	918	PPL
plc_01m0n2yy0evz1vnmzhvs1kth57	2637422	South Ferriby	53.67603	-0.50474	651	PPL
plc_01m0n2yy0evz1vnmzhvvgnyhyx	2637427	Southery	52.52714	0.38783	1161	PPL
plc_01m0n2yy0evz1vnmzhvwvv6j6e	2637433	Southend-on-Sea	51.53782	0.71433	295310	PPLA2
plc_01m0n2yy0evz1vnmzhvyt2x86m	2637435	South Elmsall	53.59709	-1.28034	18835	PPLA3
plc_01m0n2yy0evz1vnmzhvzee4q11	2637446	South Creake	52.88493	0.76547	516	PPL
plc_01m0n2yy0evz1vnmzhw33t0tkd	2637450	South Collingham	53.13333	-0.76667	2637	PPL
plc_01m0n2yy0evz1vnmzhw40vr1v3	2637460	South Cerney	51.67319	-1.93097	2632	PPL
plc_01m0n2yy0evz1vnmzhw5sfp19c	2637461	South Cave	53.76987	-0.60107	3879	PPLA3
plc_01m0n2yy0evz1vnmzhw8apvqqm	2637471	South Brent	50.42654	-3.83426	2559	PPL
plc_01m0n2yy0evz1vnmzhwc12zt5n	2637476	South Benfleet	51.55295	0.55962	48824	PPL
plc_01m0n2yy0evz1vnmzhwcpprv3e	2637487	Southampton	50.90395	-1.40428	269781	PPLA2
plc_01m0n2yy0evz1vnmzhwft2n05c	2637488	Southam	52.25266	-1.3884	6567	PPL
plc_01m0n2yy0evz1vnmzhwg8bfbnb	2637490	Southall	51.50896	-0.3713	78253	PPL
plc_01m0n2yy0evz1vnmzhwktqwfze	2637522	Sonning	51.47411	-0.91212	1631	PPLA3
plc_01m0n2yy0evz1vnmzhwnc437bx	2637526	Somerton	51.95421	-1.27613	4225	PPL
plc_01m0n2yy0evz1vnmzhwp1bks03	2637528	Somersham	52.38333	0	3524	PPL
plc_01m0n2yy0evz1vnmzhwr9jfxz7	2637539	Somerby	52.68741	-0.85007	548	PPL
plc_01m0n2yy0evz1vnmzhwvj11ehk	2637543	Solva	51.87404	-5.19683	710	PPL
plc_01m0n2yy0evz1vnmzhwwfankc2	2637546	Solihull	52.41426	-1.78094	126577	PPLA2
plc_01m0n2yy0evz1vnmzhwz99eb2j	2637547	Sole Street	51.38555	0.37843	977	PPL
plc_01m0n2yy0evz1vnmzhx154fd9w	2637554	Soham	52.33543	0.33654	9834	PPL
plc_01m0n2yy0evz1vnmzhx51whqmv	2637571	Snodland	51.32971	0.44305	10211	PPL
plc_01m0n2yy0evz1vnmzhx8esq0b7	2637575	Snitterfield	52.23705	-1.69069	989	PPL
plc_01m0n2yy0evz1vnmzhxafsxp90	2637580	Snettisham	52.87882	0.50099	2570	PPL
plc_01m0n2yy0evz1vnmzhxe2ww8hd	2637595	Snaresbrook	51.58432	0.01923	11868	PPL
plc_01m0n2yy0evz1vnmzhxff4cb5z	2637599	Snaith	53.69112	-1.02859	3305	PPL
plc_01m0n2yy0evz1vnmzhxhxccne2	2637600	Snainton	54.22758	-0.58659	754	PPL
plc_01m0n2yy0evz1vnmzhxm8w5tjc	2637607	Smethwick	52.49268	-1.96745	53653	PPL
plc_01m0n2yy0evz1vnmzhxp3gks4x	2637613	Smarden	51.1492	0.68742	614	PPL
plc_01m0n2yy0evz1vnmzhxsvzw7m0	2637620	Smalley	52.99854	-1.39462	2202	PPL
plc_01m0n2yy0evz1vnmzhxwfe0jvg	2637627	Slough	51.50949	-0.59541	164793	PPLA2
plc_01m0n2yy0evz1vnmzhxz5s295b	2637633	Slingsby	54.16429	-0.93444	665	PPL
plc_01m0n2yy0evz1vnmzhy0x32rpt	2637634	Slinfold	51.07209	-0.40658	1147	PPL
plc_01m0n2yy0evz1vnmzhy1cnj93e	2637637	Slimbridge	51.73104	-2.37888	742	PPL
plc_01m0n2yy0evz1vnmzhy1mg1b13	2637652	Sleights	54.45506	-0.66484	1972	PPL
plc_01m0n2yy0evz1vnmzhy58ja998	2637659	Sleaford	52.99826	-0.40941	17359	PPL
plc_01m0n2yy0evz1vnmzhy7wbjypf	2637670	Slamannan	55.93729	-3.83311	1360	PPL
plc_01m0n2yy0evz1vnmzhy910zfpw	2637671	Slaley	54.91368	-2.03711	711	PPLA3
plc_01m0n2yy0evz1vnmzhyb7bn7p3	2637702	Skipton	53.96144	-2.01676	14623	PPL
plc_01m0n2yy0evz1vnmzhybavxy07	2637703	Skipsea	53.97674	-0.22084	693	PPLA3
plc_01m0n2yy0evz1vnmzhybhtaqpt	2637710	Skinningrove	54.56908	-0.89869	1606	PPL
plc_01m0n2yy0evz1vnmzhyf5y6p15	2637716	Skidby	53.78921	-0.46131	1132	PPL
plc_01m0n2yy0evz1vnmzhygf526ev	2637746	Skelton	54.56062	-0.98825	6535	PPL
plc_01m0n2yy0evz1vnmzhyhy1svf7	2637747	Skelton	54	-1.13333	1549	PPLA3
plc_01m0n2yy0evz1vnmzhyj33cdcv	2637748	Skelton	53.72521	-0.84187	6538	PPL
plc_01m0n2yy0evz1vnmzhyjn867zc	2637751	Skelmorlie	55.8695	-4.88475	1990	PPL
plc_01m0n2yy0evz1vnmzhyp9bhcyx	2637752	Skelmersdale	53.55024	-2.77348	38813	PPL
plc_01m0n2yy0evz1vnmzhyrk0vshr	2637753	Skelmanthorpe	53.59057	-1.65173	4549	PPL
plc_01m0n2yy0evz1vnmzhyvmgwz7p	2637756	Skellingthorpe	53.23531	-0.61905	3359	PPL
plc_01m0n2yy0evz1vnmzhyy7spffp	2637762	Skegness	53.14362	0.3363	24876	PPL
plc_01m0n2yy0evz1vnmzhz19ttrax	2637802	Sittingbourne	51.34128	0.73282	54392	PPL
plc_01m0n2yy0evz1vnmzhz2yvt94w	2637805	Siston	51.47444	-2.45	501	PPLA3
plc_01m0n2yy0evz1vnmzhz6cpcnfp	2637806	Sissinghurst	51.10905	0.56	1068	PPL
plc_01m0n2yy0evz1vnmzhz9wkmv60	2637809	Sion Mills	54.78752	-7.47276	2212	PPL
plc_01m0n2yy0evz1vnmzhzcjvqvfb	2637826	Silverton	50.81667	-3.48333	1494	PPL
plc_01m0n2yy0evz1vnmzhzf6mjbgc	2637827	Silverstone	52.09216	-1.02602	1907	PPL
plc_01m0n2yy0evz1vnmzhzjtzdj7x	2637829	Silverdale	54.16667	-2.81667	1326	PPL
plc_01m0n2yy0evz1vnmzhznqzf1ze	2637832	Silsoe	52.00854	-0.42484	1791	PPLA3
plc_01m0n2yy0evz1vnmzhzpvaegzm	2637833	Silsden	53.91443	-1.93802	7912	PPL
plc_01m0n2yy0evz1vnmzhztt3edhb	2637836	Silloth	54.8687	-3.38448	2906	PPL
plc_01m0n2yy0evz1vnmzhzwkx5h99	2637841	Silkstone	53.54808	-1.56381	1764	PPL
plc_01m0n2yy0evz1vnmzj00esnmjt	2637845	Sileby	52.73286	-1.10773	7261	PPL
plc_01m0n2yy0evz1vnmzj024jbk8c	2637846	Silchester	51.35356	-1.10061	774	PPL
plc_01m0n2yy0evz1vnmzj02k4p0xy	2637853	Sidmouth	50.69094	-3.2397	12569	PPL
plc_01m0n2yy0evz1vnmzj02mkg1h9	2637861	Sidcup	51.42619	0.1036	10400	PPL
plc_01m0n2yy0evz1vnmzj069p9g57	2637870	Sibsey	53.03858	0.01579	1464	PPL
plc_01m0n2yy0evz1vnmzj09yx1er8	2637871	Sible Hedingham	51.97772	0.59262	3702	PPL
plc_01m0n2yy0evz1vnmzj0bdqscza	2637878	Shurdington	51.86264	-2.1206	1798	PPL
plc_01m0n2yy0evz1vnmzj0chfzdy8	2637889	Shrivenham	51.59853	-1.65461	4676	PPL
plc_01m0n2yy0evz1vnmzj0fgzhh2n	2637890	Shrewton	51.19194	-1.90264	1723	PPL
plc_01m0n2yy0evz1vnmzj0jnsb72f	2637891	Shrewsbury	52.71009	-2.75208	76782	PPLA2
plc_01m0n2yy0evz1vnmzj0m4pybxe	2637897	Shouldham	52.65254	0.47494	605	PPL
plc_01m0n2yy0evz1vnmzj0mewr072	2637906	Shotley Gate	51.95789	1.26877	1511	PPL
plc_01m0n2yy0evz1vnmzj0qtzfb6f	2637908	Shotley	51.9695	1.25047	831	PPL
plc_01m0n2yy0evz1vnmzj0s1jf0dy	2637916	Shoreham-by-Sea	50.83413	-0.27431	19175	PPL
plc_01m0n2yy0evz1vnmzj0w94erka	2637917	Shoreham	51.3334	0.17801	800	PPL
plc_01m0n2yy0evz1vnmzj0zvr9cfy	2637929	Shobdon	52.25116	-2.88325	656	PPL
plc_01m0n2yy0evz1vnmzj1209zz4z	2637935	Shirley	51.37762	-0.04961	14296	PPL
plc_01m0n2yy0evz1vnmzj12bmrj3x	2637936	Shirland	53.12155	-1.40464	3447	PPL
plc_01m0n2yy0evz1vnmzj12j9ep2n	2637941	Shirebrook	53.20333	-1.21336	10885	PPL
plc_01m0n2yy0evz1vnmzj12z5aw4j	2637948	Shipton under Wychwood	51.86035	-1.59847	2892	PPL
plc_01m0n2yy0evz1vnmzj13e1dagn	2637951	Shiptonthorpe	53.87928	-0.70609	503	PPL
plc_01m0n2yy0evz1vnmzj16jy1r3q	2637954	Shipston on Stour	52.06057	-1.62778	5038	PPL
plc_01m0n2yy0evz1vnmzj1707906f	2637958	Shipley	53.83333	-1.76667	28544	PPL
plc_01m0n2yy0evz1vnmzj18v7ws2z	2637960	Shiplake	51.50062	-0.9026	682	PPL
plc_01m0n2yy0evz1vnmzj1951asfq	2637961	Shipham	51.31428	-2.8001	1087	PPL
plc_01m0n2yy0evz1vnmzj1d0pf8na	2637962	Shipdham	52.62923	0.88577	1860	PPL
plc_01m0n2yy0evz1vnmzj1gvh83my	2637977	Shillington	51.99344	-0.36006	1447	PPLA3
plc_01m0n2yy0evz1vnmzj1kfr2x5b	2637978	Shillingstone	50.89567	-2.24495	1170	PPL
plc_01m0n2yy0evz1vnmzj1kvghj84	2637983	Shildon	54.62997	-1.64295	9976	PPL
plc_01m0n2yy0evz1vnmzj1q1gpv8f	2637984	Shilbottle	55.37099	-1.6882	1834	PPL
plc_01m0n2yy0evz1vnmzj1s22y5w0	2637985	Shifnal	52.67043	-2.37248	6240	PPL
plc_01m0n2yy0evz1vnmzj1tn4epd1	2638009	Shevington	53.57236	-2.69316	5195	PPL
plc_01m0n2yy0evz1vnmzj1vtg7890	2638013	Sherston	51.57205	-2.21278	1449	PPL
plc_01m0n2yy0evz1vnmzj1ze91j4r	2638017	Sherington	52.11172	-0.69973	954	PPLA3
plc_01m0n2yy0evz1vnmzj20eeddne	2638019	Sheringham	52.94078	1.20931	8090	PPL
plc_01m0n2yy0evz1vnmzj237ns3fz	2638021	Sheriff Hutton	54.08904	-1.00639	1019	PPL
plc_01m0n2yy0evz1vnmzj25hax50y	2638026	Shere	51.22086	-0.46597	670	PPL
plc_01m0n2yy0evz1vnmzj276rqnmq	2638027	Sherburn in Elmet	53.79519	-1.2466	6657	PPL
plc_01m0n2yy0evz1vnmzj28fx954n	2638028	Sherburn Hill	54.7727	-1.47985	1202	PPL
plc_01m0n2yy0evz1vnmzj2ah95t1v	2638029	Sherburn	54.77606	-1.50474	3140	PPL
plc_01m0n2yy0evz1vnmzj2dy8ds02	2638032	Sherborne St John	51.29705	-1.11387	1186	PPL
plc_01m0n2yy0evz1vnmzj2hqe6kh6	2638033	Sherborne	50.94599	-2.51776	9523	PPL
plc_01m0n2yy0evz1vnmzj2nkgkn50	2638035	Shepton Mallet	51.18972	-2.54722	10369	PPL
plc_01m0n2yy0evz1vnmzj2pj1peb0	2638036	Shepshed	52.7657	-1.29021	13505	PPL
plc_01m0n2yy0evz1vnmzj2qajgbmd	2638037	Shepreth	52.11241	0.03253	594	PPL
plc_01m0n2yy0evz1vnmzj2v3j47wh	2638039	Shepperton	51.39546	-0.44889	10106	PPL
plc_01m0n2yy0evz1vnmzj2vr4nr8e	2638040	Shepley	53.58333	-1.71667	5444	PPL
plc_01m0n2yy0evz1vnmzj2yw5krzc	2638041	Shepherdswell	51.18713	1.23049	1630	PPL
plc_01m0n2yy0evz1vnmzj3133r0nf	2638043	Shepherds Bush	51.505	-0.2211	39724	PPL
plc_01m0n2yy0evz1vnmzj34rb75t6	2638047	Shenstone	52.63802	-1.84147	2220	PPL
plc_01m0n2yy0evz1vnmzj379jhknc	2638051	Shenley	51.69054	-0.28067	4143	PPL
plc_01m0n2yy0evz1vnmzj3aym3e4t	2638053	Shenfield	51.63171	0.33199	5460	PPL
plc_01m0n2yy0evz1vnmzj3d8jejdf	2638065	Shelley	53.6	-1.68333	5359	PPL
plc_01m0n2yy0evz1vnmzj3dx49han	2638074	Shefford	52.0387	-0.33399	7311	PPL
plc_01m0n2yy0evz1vnmzj3gcnkkj5	2638077	Sheffield	53.38297	-1.4659	556500	PPLA2
plc_01m0n2yy0evz1vnmzj3hhqbpb6	2638081	Sheerness	51.44042	0.76252	13249	PPL
plc_01m0n2yy0evz1vnmzj3kn0ayny	2638082	Sheering	51.80373	0.18454	891	PPL
plc_01m0n2yy0evz1vnmzj3ksqf5yg	2638099	Shebbear	50.86255	-4.21446	707	PPL
plc_01m0n2yy0evz1vnmzj3m20pc17	2638111	Shawbury	52.79098	-2.66183	2317	PPLA3
plc_01m0n2yy0evz1vnmzj3qsfsxk7	2638113	Shaw	53.56667	-2.08333	1001	PPL
plc_01m0n2yy0evz1vnmzj3t7n2g92	2638117	Sharpness	51.71972	-2.4775	1029	PPL
plc_01m0n2yy0evz1vnmzj3trdq6av	2638121	Sharnford	52.52122	-1.29474	985	PPL
plc_01m0n2yy0evz1vnmzj3w0qwhrr	2638122	Sharnbrook	52.22606	-0.54425	1795	PPLA3
plc_01m0n2yy0evz1vnmzj3yg03r76	2638126	Shareshill	52.65602	-2.08141	759	PPL
plc_01m0n2yy0evz1vnmzj3yqazm55	2638127	Shardlow	52.86954	-1.36265	637	PPL
plc_01m0n2yy0evz1vnmzj3z4xma53	2638129	Shapwick	51.14018	-2.83263	536	PPL
plc_01m0n2yy0evz1vnmzj4181jrpq	2638135	Shap	54.53149	-2.67551	1264	PPL
plc_01m0n2yy0evz1vnmzj4426encx	2638138	Shanklin	50.62613	-1.1785	8055	PPL
plc_01m0n2yy0evz1vnmzj44k9bb5e	2638151	Shalfleet	50.70113	-1.42007	605	PPLA3
plc_01m0n2yy0evz1vnmzj46e6mkzt	2638153	Shalbourne	51.36358	-1.55053	558	PPLA3
plc_01m0n2yy0evz1vnmzj498evj2j	2638157	Shaftesbury	51.00528	-2.19333	7314	PPL
plc_01m0n2yy0evz1vnmzj49ydsm6t	2638158	Shadoxhurst	51.10797	0.81917	1287	PPL
plc_01m0n2yy0evz1vnmzj4de7dbh2	2638185	Seven Sisters	51.76667	-3.71667	2123	PPLA3
plc_01m0n2yy0evz1vnmzj4fjvzqpa	2638187	Sevenoaks	51.27266	0.18883	29506	PPL
plc_01m0n2yy0evz1vnmzj4gfmsacv	2638192	Settle	54.06865	-2.2772	3659	PPL
plc_01m0n2yy0evz1vnmzj4h8vk7qv	2638207	Send	51.28875	-0.52666	6597	PPL
plc_01m0n2yy0evz1vnmzj4m1amzds	2638209	Semington	51.34493	-2.14798	786	PPL
plc_01m0n2yy0evz1vnmzj4nyg69yc	2638219	Selsey	50.73501	-0.78979	10550	PPL
plc_01m0n2yy0evz1vnmzj4pvatmky	2638223	Sellindge	51.10297	1.00546	759	PPL
plc_01m0n2yy0evz1vnmzj4sa1m2wj	2638229	Selkirk	55.54738	-2.83911	5730	PPL
plc_01m0n2yy0evz1vnmzj4x21t7e1	2638235	Selby	53.78333	-1.06667	24859	PPL
plc_01m0n2yy0evz1vnmzj50x27efn	2638236	Selborne	51.09479	-0.93997	540	PPL
plc_01m0n2yy0evz1vnmzj54g33pm4	2638239	Seisdon	52.55126	-2.23662	752	PPL
plc_01m0n2yy0evz1vnmzj55wn9nzc	2638248	Seghill	55.06225	-1.55027	2990	PPL
plc_01m0n2yy0evz1vnmzj5818m5pq	2638253	Sedlescombe	50.93393	0.53378	891	PPL
plc_01m0n2yy0evz1vnmzj584t8nt1	2638257	Sedgeford	52.89927	0.5453	613	PPL
plc_01m0n2yy0evz1vnmzj5b1d1nm0	2638259	Sedgefield	54.65329	-1.44952	4456	PPL
plc_01m0n2yy0evz1vnmzj5ded12df	2638261	Sedgeberrow	52.04561	-1.96642	845	PPL
plc_01m0n2yy0evz1vnmzj5gt7bqtx	2638262	Sedbergh	54.32123	-2.52514	2171	PPL
plc_01m0n2yy0evz1vnmzj5j5m5scy	2638264	Seaview	50.71956	-1.11164	2337	PPL
plc_01m0n2yy0evz1vnmzj5jra1qvk	2638269	Seaton Ross	53.86124	-0.81302	565	PPL
plc_01m0n2yy0evz1vnmzj5m8pb7mt	2638273	Seaton Delaval	55.07196	-1.52609	9350	PPL
plc_01m0n2yy0evz1vnmzj5ms3fws3	2638278	Seaton	50.70494	-3.06999	7100	PPL
plc_01m0n2yy0evz1vnmzj5qcej0g5	2638282	Seascale	54.39831	-3.47961	1754	PPL
plc_01m0n2yy0evz1vnmzj5qp2fksp	2638301	Seahouses	55.58063	-1.65497	1959	PPL
plc_01m0n2yy0evz1vnmzj5tphmx9m	2638302	Seaham	54.83903	-1.34575	22373	PPL
plc_01m0n2yy0evz1vnmzj5wgxep7z	2638305	Seagrave	52.75084	-1.08507	546	PPL
plc_01m0n2yy0evz1vnmzj5yjxtrhd	2638311	Seaford	50.77141	0.10268	22584	PPL
plc_01m0n2yy0evz1vnmzj61v5beze	2638324	Scunthorpe	53.57905	-0.65437	81576	PPLA2
plc_01m0n2yy0evz1vnmzj63kyxd63	2638348	Scotter	53.49652	-0.67429	2865	PPL
plc_01m0n2yy0evz1vnmzj65ekr8x8	2638361	Scothern	53.28388	-0.45175	860	PPL
plc_01m0n2yy0evz1vnmzj65vbn6v7	2638365	Scotby	54.89004	-2.87464	2366	PPL
plc_01m0n2yy0evz1vnmzj69hr36x0	2638366	Scorton	54.39785	-1.61276	1012	PPL
plc_01m0n2yy0evz1vnmzj6ayt76e0	2638372	Scopwick	53.10905	-0.40139	815	PPL
plc_01m0n2yy0evz1vnmzj6bbek6ny	2638379	Scole	52.36706	1.15674	1028	PPL
plc_01m0n2yy0evz1vnmzj6cfp8ghe	2638386	Scholes	53.82346	-1.42805	2266	PPL
plc_01m0n2yy0evz1vnmzj6fq0xhzr	2638391	Scawby	53.53787	-0.54085	1631	PPL
plc_01m0n2yy0evz1vnmzj6kq09dtb	2638417	Scarcroft	53.86667	-1.45	1194	PPLA3
plc_01m0n2yy0evz1vnmzj6p0tjsw8	2638419	Scarborough	54.27966	-0.40443	61749	PPL
plc_01m0n2yy0evz1vnmzj6q46syzp	2638439	Scalloway	60.13832	-1.2769	1100	PPL
plc_01m0n2yy0evz1vnmzj6tt8svrp	2638448	Scalby	53.76667	-0.71667	9462	PPL
plc_01m0n2yy0evz1vnmzj6wtqdkrz	2638460	Saxton	53.82556	-1.27754	592	PPL
plc_01m0n2yy0evz1vnmzj6xns6v5y	2638464	Saxmundham	52.21497	1.48805	4225	PPL
plc_01m0n2yy0evz1vnmzj703f2wkm	2638466	Saxlingham Nethergate	52.52998	1.28565	688	PPL
plc_01m0n2yy0evz1vnmzj72xvh1nt	2638467	Saxilby	53.26746	-0.66253	3992	PPL
plc_01m0n2yy0evz1vnmzj73ejdzf5	2638473	Sawtry	52.43984	-0.28422	5252	PPL
plc_01m0n2yy0evz1vnmzj76054hen	2638474	Sawston	52.12089	0.16943	7275	PPL
plc_01m0n2yy0evz1vnmzj78j03swy	2638481	Sawbridgeworth	51.81667	0.15	8400	PPL
plc_01m0n2yy0evz1vnmzj7ceqs3jp	2638490	Saundersfoot	51.70945	-4.70215	3361	PPLA3
plc_01m0n2yy0evz1vnmzj7fvvmfa0	2638495	Saughall	53.22618	-2.95649	2569	PPL
plc_01m0n2yy0evz1vnmzj7kpj90fy	2638496	Sauchie	56.12869	-3.76611	6310	PPL
plc_01m0n2yy0evz1vnmzj7pbzcez7	2638501	Sarratt	51.68458	-0.494	1900	PPL
plc_01m0n2yy0evz1vnmzj7rjp1p69	2638515	Sapcote	52.53707	-1.279	2442	PPL
plc_01m0n2yy0evz1vnmzj7vfwh4p4	2638520	Sanquhar	55.36527	-3.9216	1980	PPL
plc_01m0n2yy0evz1vnmzj7x5cwz9y	2638530	Sandy	52.12927	-0.28925	11657	PPLA3
plc_01m0n2yy0evz1vnmzj815btb2w	2638534	Sandwick	60	-1.25	1217	PPL
plc_01m0n2yy0evz1vnmzj81gfd7nt	2638535	Sandwick	58.20378	-6.35671	660	PPL
plc_01m0n2yy0evz1vnmzj83bntqy6	2638542	Sandwich	51.27223	1.33776	4851	PPL
plc_01m0n2yy0evz1vnmzj84a9n40q	2638560	Sandridge	51.7809	-0.30521	1500	PPL
plc_01m0n2yy0evz1vnmzj8745bg5m	2638568	Sandown	50.65158	-1.16103	20155	PPL
plc_01m0n2yy0evz1vnmzj89f24zar	2638573	Sandleheath	50.88333	-1.81667	680	PPL
plc_01m0n2yy0evz1vnmzj8anxbcnw	2638580	Sandhurst	51.34675	-0.78655	20803	PPLA3
plc_01m0n2yy0evz1vnmzj8ejg32d6	2638587	Sandhaven	57.69722	-2.0634	820	PPL
plc_01m0n2yy0evz1vnmzj8j6gz4pj	2638593	Sandford	51.33228	-2.83122	2135	PPL
plc_01m0n2yy0evz1vnmzj8kavw65q	2638594	Sandford	50.80978	-3.66367	641	PPL
plc_01m0n2yy0evz1vnmzj8kbftara	2638595	Sanderstead	51.33591	-0.07778	12777	PPL
plc_01m0n2yy0evz1vnmzj8qav94sw	2638599	Sandbank	55.98203	-4.94973	1380	PPL
plc_01m0n2yy0evz1vnmzj8t4vfyr7	2638600	Sandbach	53.14515	-2.36251	17976	PPL
plc_01m0n2yy0evz1vnmzj8v21588k	2638617	Sampford Peverell	50.91945	-3.38081	1302	PPL
plc_01m0n2yy0evz1vnmzj8xm6xz1m	2638639	Saltford	51.40139	-2.45944	4073	PPLA3
plc_01m0n2yy0evz1vnmzj8yg9rmda	2638644	Saltfleet	53.42186	0.18644	543	PPL
plc_01m0n2yy0evz1vnmzj9223md5a	2638648	Saltcoats	55.63616	-4.78588	12250	PPL
plc_01m0n2yy0evz1vnmzj94gktwes	2638650	Saltburn-by-the-Sea	54.58237	-0.97367	5958	PPL
plc_01m0n2yy0evz1vnmzj97xh6nmf	2638651	Saltash	50.40959	-4.22514	15566	PPL
plc_01m0n2yy0evz1vnmzj9a8w2tkh	2638652	Saltaire	53.83333	-1.78333	9000	PPL
plc_01m0n2yy0evz1vnmzj9c4xawa1	2638664	Salisbury	51.06931	-1.79569	44748	PPLA3
plc_01m0n2yy0evz1vnmzj9g4k4w7m	2638665	Saline	56.11399	-3.57034	1100	PPL
plc_01m0n2yy0evz1vnmzj9gkdkhfn	2638667	Salhouse	52.67365	1.4132	987	PPL
plc_01m0n2yy0evz1vnmzj9j59napd	2638669	Salfords	51.2043	-0.16947	4534	PPL
plc_01m0n2yy0evz1vnmzj9nqb25ma	2638670	Salford Priors	52.15813	-1.89054	590	PPL
plc_01m0n2yy0evz1vnmzj9prznts4	2638671	Salford	53.48771	-2.29042	129794	PPLA2
plc_01m0n2yy0evz1vnmzj9s64cy7v	2638678	Sale	53.42519	-2.32443	62550	PPL
plc_01m0n2yy0evz1vnmzj9sh8bw1h	2638682	Salcombe	50.23743	-3.76874	1909	PPL
plc_01m0n2yy0evz1vnmzj9st1g3wr	2638698	Saint Stephen	50.34469	-4.89973	2252	PPL
plc_01m0n2yy0evz1vnmzj9vxck08c	2638703	Saint Peters	51.36667	1.41667	125370	PPL
plc_01m0n2yy0evz1vnmzj9wstczpk	2638708	Saint Osyth	51.8	1.08333	2093	PPL
plc_01m0n2yy0evz1vnmzja0n9jt94	2638717	Saint Neots	52.21667	-0.26667	30811	PPL
plc_01m0n2yy0evz1vnmzja1cq1paz	2638719	Saint Monans	56.20651	-2.76821	1230	PPL
plc_01m0n2yy0evz1vnmzja3fsf84s	2638746	Saint Margaret's Hope	58.8253	-2.95828	550	PPL
plc_01m0n2yy0evz1vnmzja3spyeez	2638756	Saint Leonards-on-Sea	50.85565	0.5452	10001	PPL
plc_01m0n2yy0evz1vnmzja4wby604	2638757	St Leonards	50.83077	-1.84377	5984	PPL
plc_01m0n2yy0evz1vnmzja5hh0a4x	2638776	Saint Ives	52.33251	-0.07656	16815	PPL
plc_01m0n2yy0evz1vnmzja6g4ap45	2638778	St Ives	50.20861	-5.4875	5410	PPL
plc_01m0n2yy0evz1vnmzjaa3e1qaa	2638785	St Helens	53.45	-2.73333	183200	PPLA2
plc_01m0n2yy0evz1vnmzjacv5xqtg	2638786	St. Helens	50.69688	-1.11159	1213	PPL
plc_01m0n2yy0evz1vnmzjaf4jn6c4	2638800	Saintfield	54.46046	-5.83065	3327	PPL
plc_01m0n2yy0evz1vnmzjaft5cdf1	2638801	Saint Fergus	57.55958	-1.84311	750	PPL
plc_01m0n2yy0evz1vnmzjajhbtkgd	2638817	Saint Dennis	50.38333	-4.88333	2206	PPL
plc_01m0n2yy0evz1vnmzjamwat8rb	2638819	St. Day	50.23958	-5.18572	700	PPLA3
plc_01m0n2yy0evz1vnmzjarr96q8w	2638822	Saint Davids	51.88094	-5.26554	1751	PPL
plc_01m0n2yy0evz1vnmzjawkt4n4k	2638823	Saint Cyrus	56.77504	-2.41553	1060	PPL
plc_01m0n2yy0evz1vnmzjazg34kb2	2638825	Saint Combs	57.65761	-1.91066	660	PPL
plc_01m0n2yy0evz1vnmzjazs4har0	2638828	Saint Columb Major	50.43163	-4.94336	3679	PPL
plc_01m0n2yy0evz1vnmzjb26m47yf	2638833	Saint Clears	51.81989	-4.49783	1605	PPL
plc_01m0n2yy0evz1vnmzjb3g5bak4	2638848	Saint Boswells	55.57301	-2.6441	1400	PPL
plc_01m0n2yy0evz1vnmzjb4baczr0	2638849	Saint Blazey	50.36334	-4.71893	6575	PPL
plc_01m0n2yy0evz1vnmzjb56ewqmd	2638851	Saint Bees	54.49183	-3.58987	1644	PPL
plc_01m0n2yy0evz1vnmzjb5cfbbs6	2638853	St Austell	50.3425	-4.77442	24360	PPL
plc_01m0n2yy0evz1vnmzjb5mamv4m	2638855	Saint Asaph	53.25815	-3.44524	3355	PPL
plc_01m0n2yy0evz1vnmzjb93tvhz7	2638864	Saint Andrews	56.33871	-2.79902	18410	PPL
plc_01m0n2yy0evz1vnmzjbaevzcdx	2638867	St Albans	51.75	-0.33333	84561	PPL
plc_01m0n2yy0evz1vnmzjbddh79ed	2638870	Saint Agnes	50.31278	-5.20456	2820	PPL
plc_01m0n2yy0evz1vnmzjbh77jcz8	2638878	Saffron Walden	52.02337	0.24234	16610	PPL
plc_01m0n2yy0evz1vnmzjbkgs52qf	2638879	Saddleworth	53.54846	-2.00455	25441	PPL
plc_01m0n2yy0evz1vnmzjbn8848wx	2638888	Sacriston	54.81769	-1.6241	7030	PPL
plc_01m0n2yy0evz1vnmzjbqpg9erc	2638891	Sabden	53.83355	-2.33728	1422	PPL
plc_01m0n2yy0evz1vnmzjbv4x97pj	2638892	Ryton on Dunsmore	52.36667	-1.43333	1813	PPL
plc_01m0n2yy0evz1vnmzjbypprdxe	2638894	Ryton	52.61667	-2.35	16093	PPLA3
plc_01m0n2yy0evz1vnmzjbzpywt9q	2638899	Ryhope	54.87139	-1.37	14000	PPL
plc_01m0n2yy0evz1vnmzjc2txhn8s	2638901	Ryhill	53.62204	-1.41071	5150	PPLA3
plc_01m0n2yy0evz1vnmzjc3hnb345	2638902	Ryhall	52.68585	-0.46846	1459	PPLA3
plc_01m0n2yy0evz1vnmzjc4f4maf6	2638909	Rye	50.95114	0.7337	9041	PPL
plc_01m0n2yy0evz1vnmzjc4hxq4d2	2638911	Ryde	50.72999	-1.1621	24096	PPL
plc_01m0n2yy0evz1vnmzjc5mg05v6	2638917	Ruyton-XI-Towns	52.79555	-2.90318	1040	PPL
plc_01m0n2yy0evz1vnmzjc798d9db	2638925	Ruthin	53.11368	-3.31782	5461	PPLA2
plc_01m0n2yy0evz1vnmzjcaeq514m	2638926	Rutherglen	55.82885	-4.21376	30950	PPL
plc_01m0n2yy0evz1vnmzjcafjbk7h	2638930	Rustington	50.81027	-0.50674	13210	PPL
plc_01m0n2yy0evz1vnmzjcb1nx3x2	2638934	Rusper	51.12149	-0.27865	647	PPL
plc_01m0n2yy0evz1vnmzjcd6ne4r7	2638938	Ruskington	53.04544	-0.38692	5637	PPL
plc_01m0n2yy0evz1vnmzjce5xj42t	2638946	Rushden	52.28927	-0.60184	37584	PPL
plc_01m0n2yy0evz1vnmzjcgdekmx0	2638959	Runcton Holme	52.6547	0.38907	657	PPL
plc_01m0n2yy0evz1vnmzjch4b8xf9	2638960	Runcorn	53.34174	-2.73124	61145	PPL
plc_01m0n2yy0evz1vnmzjcjrsg92r	2638976	Ruislip	51.57344	-0.42341	31000	PPL
plc_01m0n2yy0evz1vnmzjcmgms57j	2638977	Rugeley	52.7593	-1.93694	26156	PPL
plc_01m0n2yy0evz1vnmzjcphq80wp	2638978	Rugby	52.37092	-1.26417	78117	PPL
plc_01m0n2yy0evz1vnmzjct19vck3	2638980	Rufforth	53.95454	-1.19292	633	PPL
plc_01m0n2yy0evz1vnmzjcx1c8z9m	2638981	Rufford	53.63375	-2.81662	1420	PPL
plc_01m0n2yy0evz1vnmzjd0k87csj	2638992	Rudgwick	51.08735	-0.45164	1955	PPL
plc_01m0n2yy0evz1vnmzjd11y8eah	2638995	Ruddington	52.89254	-1.14953	6404	PPL
plc_01m0n2yy0evz1vnmzjd2x3h65y	2639005	Ruan Minor	49.99337	-5.18216	558	PPL
plc_01m0n2yy0evz1vnmzjd32b8gw4	2639014	Ruabon	52.9878	-3.03883	3091	PPL
plc_01m0n2yy0evz1vnmzjd490x9gs	2639015	Royton	53.56507	-2.12267	22848	PPL
plc_01m0n2yy0evz1vnmzjd6serfyw	2639017	Royston	53.6	-1.45	9584	PPL
plc_01m0n2yy0evz1vnmzjdac4g671	2639018	Royston	52.04832	-0.02438	15781	PPL
plc_01m0n2yy0evz1vnmzjdd21ka1s	2639020	Roydon	51.7718	0.0403	1582	PPL
plc_01m0n2yy0evz1vnmzjddkmsgd3	2639022	Royal Tunbridge Wells	51.13321	0.26256	68910	PPL
plc_01m0n2yy0evz1vnmzjddtpp594	2639040	Rowley Regis	52.48292	-2.04376	1001	PPL
plc_01m0n2yy0evz1vnmzjdh47pdf4	2639042	Rowlands Gill	54.91922	-1.74489	6096	PPL
plc_01m0n2yy0evz1vnmzjdjvqyvzs	2639045	Rowhedge	51.85738	0.94534	1626	PPL
plc_01m0n2yy0evz1vnmzjdpv6f0y9	2639048	Rowde	51.36325	-2.03098	1223	PPL
plc_01m0n2yy0evz1vnmzjdq23jms4	2639063	Roughton	52.88333	1.3	571	PPL
plc_01m0n2yy0evz1vnmzjdqtqbqzg	2639069	Rottingdean	50.80984	-0.05939	21756	PPLA3
plc_01m0n2yy0evz1vnmzjdvfcyfwv	2639074	Rothwell	52.41667	-0.8	7694	PPL
plc_01m0n2yy0evz1vnmzjdy085ac2	2639076	Rothley	52.70916	-1.13739	3897	PPL
plc_01m0n2yy0evz1vnmzjdy8cw2ht	2639079	Rothienorman	57.41145	-2.46455	1060	PPL
plc_01m0n2yy0evz1vnmzje1zg4mw3	2639083	Rothesay	55.83648	-5.05508	4310	PPL
plc_01m0n2yy0evz1vnmzje3xtr9zs	2639086	Rothes	57.52624	-3.20663	1230	PPL
plc_01m0n2yy0evz1vnmzje5vwjyrr	2639087	Rotherwick	51.30282	-0.97066	564	PPL
plc_01m0n2yy0evz1vnmzje7hg975e	2639091	Rotherhithe	51.5	-0.05	13743	PPLX
plc_01m0n2yy0evz1vnmzje84eg8t0	2639093	Rotherham	53.43012	-1.35678	117618	PPLA2
plc_01m0n2yy0evz1vnmzjeb3hkazs	2639094	Rotherfield Peppard	51.53064	-0.97847	1500	PPL
plc_01m0n2yy0evz1vnmzjeebatx0b	2639101	Rothbury	55.31059	-1.90845	2326	PPLA3
plc_01m0n2yy0evz1vnmzjeg9nbdsx	2639104	Rosyth	56.03689	-3.438	13570	PPL
plc_01m0n2yy0evz1vnmzjeh3zdjp0	2639106	Rostrevor	54.1	-6.2	2515	PPL
plc_01m0n2yy0evz1vnmzjej848m35	2639110	Ross on Wye	51.91667	-2.56667	10582	PPL
plc_01m0n2yy0evz1vnmzjejt6ca16	2639116	Rosslea	54.23333	-7.18333	528	PPL
plc_01m0n2yy0evz1vnmzjem1q0mzs	2639123	Rossett	53.10921	-2.94478	2279	PPL
plc_01m0n2yy0evz1vnmzjeq18726x	2639134	Rosneath	56.00985	-4.80151	1260	PPL
plc_01m0n2yy0evz1vnmzjeqczs0mx	2639142	Rosemarkie	57.5915	-4.11519	660	PPL
plc_01m0n2yy0evz1vnmzjev9ce98y	2639143	Rosemarket	51.73717	-4.96664	613	PPL
plc_01m0n2yy0evz1vnmzjeysrg3ve	2639144	Rosehearty	57.697	-2.11322	1320	PPL
plc_01m0n2yy0evz1vnmzjezcm0sy7	2639160	Ropsley	52.89699	-0.52563	647	PPL
plc_01m0n2yy0evz1vnmzjf0w7m1x9	2639166	Roos	53.75292	-0.04463	846	PPLA3
plc_01m0n2yy0evz1vnmzjf3038ta6	2639169	Rookley	50.65512	-1.28334	638	PPL
plc_01m0n2yy0evz1vnmzjf33yw5k0	2639187	Romsley	52.41996	-2.05695	1360	PPL
plc_01m0n2yy0evz1vnmzjf4k0wj1x	2639189	Romsey	50.98906	-1.49989	17161	PPL
plc_01m0n2yy0evz1vnmzjf837p89a	2639192	Romford	51.57515	0.18582	95000	PPLA3
plc_01m0n2yy0evz1vnmzjfb3wg8nc	2639201	Rolvenden	51.05111	0.63068	691	PPL
plc_01m0n2yy0evz1vnmzjfdd4msym	2639206	Rollesby	52.68353	1.63382	651	PPL
plc_01m0n2yy0evz1vnmzjfgbhfh0e	2639223	Roehampton	51.45165	-0.24393	16132	PPLX
plc_01m0n2yy0evz1vnmzjfjk0tpw1	2639231	Rodmell	50.83917	0.01588	527	PPL
plc_01m0n2yy0evz1vnmzjfmkq816a	2639239	Rode Heath	53.11387	-2.29186	2019	PPL
plc_01m0n2yy0evz1vnmzjfnhsj4sr	2639240	Rode	51.2839	-2.28141	1025	PPL
plc_01m0n2yy0evz1vnmzjfqfsc89a	2639265	Rochford	51.58198	0.70673	16739	PPL
plc_01m0n2yy0evz1vnmzjfqzbrqxd	2639268	Rochester	51.38764	0.50546	28671	PPLA2
plc_01m0n2yy0evz1vnmzjfss9zgka	2639270	Roche	50.40808	-4.83373	2517	PPLA3
plc_01m0n2yy0evz1vnmzjfxr0k8cm	2639272	Rochdale	53.61766	-2.1552	97550	PPLA2
plc_01m0n2yy0evz1vnmzjfy1cy5jw	2639282	Robertsbridge	50.98569	0.47253	2047	PPL
plc_01m0n2yy0evz1vnmzjg083nmrz	2639296	Roade	52.15824	-0.89745	2312	PPL
plc_01m0n2yy0evz1vnmzjg0wn1vbw	2639310	Rishton	53.76806	-2.41444	6625	PPL
plc_01m0n2yy0evz1vnmzjg2g5b2t6	2639313	Riseley	52.25213	-0.47928	1286	PPLA3
plc_01m0n2yy0evz1vnmzjg2tvkj6v	2639317	Risca	51.60799	-3.10081	20443	PPL
plc_01m0n2yy0evz1vnmzjg4vwemm3	2639318	Risby	52.264	0.63268	866	PPL
plc_01m0n2yy0evz1vnmzjg7r5swd7	2639320	Ripponden	53.67449	-1.94183	4665	PPL
plc_01m0n2yy0evz1vnmzjg9p2nj86	2639322	Rippingale	52.83865	-0.37027	929	PPL
plc_01m0n2yy0evz1vnmzjgcer0cq8	2639323	Ripon	54.13579	-1.52826	16363	PPL
plc_01m0n2yy0evz1vnmzjgfr2g5fb	2639325	Ripley	53.03333	-1.4	21097	PPL
plc_01m0n2yy0evz1vnmzjggezmx81	2639326	Ripley	51.29907	-0.49164	1334	PPL
plc_01m0n2yy0evz1vnmzjgjjdsaf6	2639334	Ringwood	50.84541	-1.78871	14084	PPL
plc_01m0n2yy0evz1vnmzjgmvrpbz3	2639337	Ringstead	52.36528	-0.5549	1461	PPL
plc_01m0n2yy0evz1vnmzjgpncpkwm	2639343	Ringmer	50.89264	0.05472	3165	PPL
plc_01m0n2yy0evz1vnmzjgr5ycjv3	2639354	Rillington	54.15779	-0.69494	1114	PPL
plc_01m0n2yy0evz1vnmzjgsc207ev	2639372	Ridgewell	52.03929	0.53181	509	PPL
plc_01m0n2yy0evz1vnmzjgtf77ced	2639376	Ridge	51.68911	-0.24445	830	PPL
plc_01m0n2yy0evz1vnmzjgtxd7yw1	2639381	Rickmansworth	51.63898	-0.47718	25413	PPL
plc_01m0n2yy0evz1vnmzjgxjetn8z	2639382	Rickinghall	52.33649	0.99272	2073	PPL
plc_01m0n2yy0evz1vnmzjgzaebw1a	2639388	Richmond	54.4036	-1.73434	8413	PPL
plc_01m0n2yy0evz1vnmzjh1va1d0j	2639389	Richmond	51.46171	-0.30633	21469	PPL
plc_01m0n2yy0evz1vnmzjh1w0n3qv	2639393	Riccall	53.83331	-1.0573	2216	PPL
plc_01m0n2yy0evz1vnmzjh45xcw1f	2639397	Ribchester	53.81361	-2.53244	888	PPL
plc_01m0n2yy0evz1vnmzjh6vzm134	2639407	Rhymney	51.75998	-3.28553	8537	PPL
plc_01m0n2yy0evz1vnmzjh7staw2w	2639409	Rhyl	53.31929	-3.49228	25874	PPL
plc_01m0n2yy0evz1vnmzjhax0k4dw	2639411	Rhydymwyn	53.19261	-3.18957	537	PPL
plc_01m0n2yy0evz1vnmzjheghzsnr	2639425	Rhuddlan	53.29203	-3.46996	3709	PPLA3
plc_01m0n2yy0evz1vnmzjhg4qp3wy	2639426	Rhu	56.01667	-4.76667	1870	PPL
plc_01m0n2yy0evz1vnmzjhg8yqftr	2639435	Rhosneigr	53.23186	-4.5148	1008	PPL
plc_01m0n2yy0evz1vnmzjhky6sjfa	2639436	Rhosllannerchrugog	53.00974	-3.05814	25362	PPL
plc_01m0n2yy0evz1vnmzjhpjysc85	2639444	Rhoose	51.38818	-3.3543	6160	PPL
plc_01m0n2yy0evz1vnmzjhtem4k0z	2639447	Rhondda	51.65896	-3.44885	69506	PPL
plc_01m0n2yy0evz1vnmzjhv51fpsj	2639470	Rhayader	52.30154	-3.51146	1824	PPL
plc_01m0n2yy0evz1vnmzjhwyhqnsn	2639482	Resolven	51.71193	-3.69745	2068	PPL
plc_01m0n2yy0evz1vnmzjhxxhbtzk	2639489	Repton	52.83983	-1.55061	2629	PPL
plc_01m0n2yy0evz1vnmzjj099z8bx	2639492	Renton	55.972	-4.58399	2490	PPL
plc_01m0n2yy0evz1vnmzjj283dt7a	2639495	Renfrew	55.87197	-4.39253	24270	PPL
plc_01m0n2yy0evz1vnmzjj2vpkv3x	2639496	Rendlesham	52.12665	1.41536	3013	PPL
plc_01m0n2yy0evz1vnmzjj5fk77be	2639506	Reigate	51.23736	-0.20582	21820	PPL
plc_01m0n2yy0evz1vnmzjj5t8e2tw	2639510	Reeth	54.38746	-1.94475	724	PPL
plc_01m0n2yy0evz1vnmzjj704m9cc	2639511	Reepham	53.23333	-0.43333	2172	PPL
plc_01m0n2yy0evz1vnmzjj8bwtv44	2639512	Reepham	52.7632	1.11099	2319	PPL
plc_01m0n2yy0evz1vnmzjjaepfagt	2639519	Reedham	52.56054	1.57122	1207	PPL
plc_01m0n2yy0evz1vnmzjjc912xj9	2639524	Redruth	50.23315	-5.22434	42690	PPLA3
plc_01m0n2yy0evz1vnmzjjdrxe6wm	2639536	Redlynch	51.09861	-2.42667	2674	PPL
plc_01m0n2yy0evz1vnmzjjdttrtw6	2639545	Redhill	51.24048	-0.17044	51559	PPL
plc_01m0n2yy0evz1vnmzjjgn93z29	2639557	Redditch	52.3065	-1.94569	87847	PPL
plc_01m0n2yy0evz1vnmzjjh9vctpx	2639563	Redcar	54.61657	-1.05999	37073	PPL
plc_01m0n2yy0evz1vnmzjjj0aen1m	2639567	Redbourn	51.79896	-0.39594	5113	PPL
plc_01m0n2yy0evz1vnmzjjkv60m1c	2639577	Reading	51.45625	-0.97113	318014	PPLA2
plc_01m0n2yy0evz1vnmzjjkysvf08	2639582	Rayne	51.86667	0.58333	2018	PPL
plc_01m0n2yy0evz1vnmzjjp5pg4jp	2639583	Rayleigh	51.58571	0.60459	32380	PPL
plc_01m0n2yy0evz1vnmzjjqm1ezn3	2639586	Rawtenstall	53.70076	-2.28442	23000	PPL
plc_01m0n2yy0evz1vnmzjjqvm0qyj	2639588	Rawmarsh	53.46062	-1.34437	18498	PPL
plc_01m0n2yy0evz1vnmzjjseft3z6	2639590	Rawcliffe	53.69777	-0.96319	1542	PPLA3
plc_01m0n2yy0evz1vnmzjjswda012	2639596	Ravenstone	52.72111	-1.40582	1623	PPL
plc_01m0n2yy0evz1vnmzjjtkkzgfa	2639600	Raunds	52.34428	-0.53657	8641	PPL
plc_01m0n2yy0evz1vnmzjjxgnfkax	2639615	Ratho	55.92164	-3.38028	1730	PPL
plc_01m0n2yy0evz1vnmzjjys8c1bh	2639621	Rathfriland	54.25	-6.16667	2063	PPL
plc_01m0n2yy0evz1vnmzjk1e65gmb	2639627	Raskelf	54.13305	-1.24879	519	PPLA4
plc_01m0n2yy0evz1vnmzjk48yygmx	2639638	Ranskill	53.38281	-1.01402	1362	PPL
plc_01m0n2yy0evz1vnmzjk4tqy33k	2639648	Rangeworthy	51.5652	-2.44661	500	PPL
plc_01m0n2yy0evz1vnmzjk8ec8evd	2639653	Randalstown	54.75	-6.3	5378	PPL
plc_01m0n2yy0evz1vnmzjkajgwwq8	2639660	Ramsgate	51.33568	1.41797	42027	PPL
plc_01m0n2yy0evz1vnmzjkcbnxrsg	2639664	Ramsey	52.45058	-0.10932	7829	PPL
plc_01m0n2yy0evz1vnmzjkfncezwh	2639667	Ramsbury	51.44373	-1.60257	1574	PPL
plc_01m0n2yy0evz1vnmzjkjs350n9	2639668	Ramsbottom	53.64789	-2.31683	17067	PPL
plc_01m0n2yy0evz1vnmzjknkd3na8	2639681	Rake	51.04323	-0.85801	1556	PPL
plc_01m0n2yy0evz1vnmzjkpt4gbw7	2639687	Rainworth	53.11883	-1.11852	7693	PPL
plc_01m0n2yy0evz1vnmzjktrn5x4f	2639689	Rainhill	53.41567	-2.76607	10853	PPLA3
plc_01m0n2yy0evz1vnmzjkv4w5zn4	2639690	Rainham	51.51686	0.19432	12482	PPL
plc_01m0n2yy0evz1vnmzjkvy4qg70	2639691	Rainham	51.36323	0.60893	6394	PPL
plc_01m0n2yy0evz1vnmzjkwqjq0d0	2639693	Rainford	53.50223	-2.78839	6131	PPL
plc_01m0n2yy0evz1vnmzjkzbx8qgs	2639700	Raglan	51.765	-2.85331	1183	PPL
plc_01m0n2yy0evz1vnmzjm07bq52k	2639710	Radyr	51.51864	-3.25829	4710	PPL
plc_01m0n2yy0evz1vnmzjm2vdwmty	2639715	Radstock	51.292	-2.445	5275	PPL
plc_01m0n2yy0evz1vnmzjm580pxr4	2639719	Radley	51.68746	-1.24025	1979	PPL
plc_01m0n2yy0evz1vnmzjm5ek1ctr	2639720	Radlett	51.68593	-0.31868	8163	PPL
plc_01m0n2yy0evz1vnmzjm9dmvc9j	2639727	Radcliffe on Trent	52.94802	-1.03855	7510	PPL
plc_01m0n2yy0evz1vnmzjmbasb2xf	2639736	Rackheath	52.66254	1.38032	1628	PPL
plc_01m0n2yy0evz1vnmzjme5g9bz2	2639755	Quorndon	52.74461	-1.17348	5071	PPL
plc_01m0n2yy0evz1vnmzjmhcaexrf	2639778	Quenington	51.73659	-1.79142	603	PPL
plc_01m0n2yy0evz1vnmzjmjbem1mx	2639779	Queniborough	52.70591	-1.04749	2307	PPL
plc_01m0n2yy0evz1vnmzjmjjk98xx	2639788	Queensferry	55.99089	-3.39847	8960	PPL
plc_01m0n2yy0evz1vnmzjmm50ghtx	2639792	Queensbury	53.76657	-1.84912	8912	PPL
plc_01m0n2yy0evz1vnmzjmmp7pf71	2639795	Queen Camel	51.01943	-2.57678	574	PPL
plc_01m0n2yy0evz1vnmzjmq41bjs3	2639796	Queenborough	51.4176	0.74441	3548	PPL
plc_01m0n2yy0evz1vnmzjmtcgcj54	2639800	Quarter	55.73835	-4.03197	750	PPL
plc_01m0n2yy0evz1vnmzjmwjhff3s	2639805	Quarndon	52.96494	-1.50376	933	PPL
plc_01m0n2yy0evz1vnmzjmybyb5n4	2639814	Quainton	51.87408	-0.91727	913	PPL
plc_01m0n2yy0evz1vnmzjn1mmqkqx	2639816	Quadring	52.88239	-0.18316	961	PPL
plc_01m0n2yy0evz1vnmzjn4qsmzks	2639820	Pyrford	51.31471	-0.51022	5022	PPL
plc_01m0n2yy0evz1vnmzjn5n8ggk7	2639823	Pyle	51.51667	-3.7	13701	PPLA3
plc_01m0n2yy0evz1vnmzjn92j2qfp	2639828	Pwllheli	52.8899	-4.41451	4076	PPLA3
plc_01m0n2yy0evz1vnmzjn9xm8etj	2639833	Puttenham	51.22227	-0.66984	601	PPL
plc_01m0n2yy0evz1vnmzjnar628z5	2639835	Putney	51.46072	-0.21814	77140	PPLX
plc_01m0n2yy0evz1vnmzjnb7y4q7n	2639840	Purton	51.58889	-1.87419	3554	PPLA3
plc_01m0n2yy0evz1vnmzjncg6tjqa	2639842	Purley	51.33678	-0.11201	72000	PPL
plc_01m0n2yy0evz1vnmzjnf5hx46k	2639843	Purleigh	51.68724	0.65832	526	PPL
plc_01m0n2yy0evz1vnmzjnfyh2njz	2639844	Puriton	51.16933	-2.97198	1968	PPL
plc_01m0n2yy0evz1vnmzjnhnam44c	2639845	Purfleet-on-Thames	51.4839	0.24247	5883	PPL
plc_01m0n2yy0evz1vnmzjnk2xsdgf	2639856	Pulloxhill	51.99487	-0.45316	569	PPLA3
plc_01m0n2yy0evz1vnmzjnpah5fnz	2639861	Pulham St Mary	52.42333	1.24862	770	PPL
plc_01m0n2yy0evz1vnmzjnpg6df0c	2639864	Pulborough	50.95753	-0.5128	3993	PPL
plc_01m0n2yy0evz1vnmzjnrjk8sah	2639866	Pudsey	53.79538	-1.66134	25393	PPL
plc_01m0n2yy0evz1vnmzjnrxedc6p	2639867	Puddletown	50.75	-2.35	1158	PPL
plc_01m0n2yy0evz1vnmzjnvc1dzvq	2639870	Puckeridge	51.89013	0.01309	3561	PPL
plc_01m0n2yy0evz1vnmzjnx0v14ht	2639874	Prudhoe	54.96154	-1.85168	12075	PPL
plc_01m0n2yy0evz1vnmzjnzjjkb5v	2639880	Probus	50.29267	-4.95401	1906	PPL
plc_01m0n2yy0evz1vnmzjp31scmxj	2639884	Priors Marston	52.21374	-1.28586	579	PPL
plc_01m0n2yy0evz1vnmzjp565fye4	2639885	Princetown	50.54393	-3.98855	1366	PPL
plc_01m0n2yy0evz1vnmzjp6h1zm69	2639888	Princes Risborough	51.72549	-0.83144	8231	PPL
plc_01m0n2yy0evz1vnmzjpabrbjsk	2639896	Prestwick	55.48333	-4.61667	14880	PPL
plc_01m0n2yy0evz1vnmzjpcf9p085	2639897	Prestwich	53.53333	-2.28333	31500	PPL
plc_01m0n2yy0evz1vnmzjpdmx4kdr	2639902	Prestonpans	55.95939	-2.98038	9490	PPL
plc_01m0n2yy0evz1vnmzjpgd2jnga	2639908	Preston Candover	51.17057	-1.13372	510	PPL
plc_01m0n2yy0evz1vnmzjpkzd402s	2639912	Preston	53.76282	-2.70452	313332	PPLA2
plc_01m0n2yy0evz1vnmzjppcc1fwq	2639924	Presteigne	52.27183	-3.00579	2056	PPL
plc_01m0n2yy0evz1vnmzjprth9c76	2639925	Prestbury	53.28333	-2.15	3342	PPLA3
plc_01m0n2yy0evz1vnmzjptwap940	2639926	Prestatyn	53.33748	-3.40776	19085	PPL
plc_01m0n2yy0evz1vnmzjpwnk3f61	2639928	Prescot	53.42948	-2.80031	40889	PPLA3
plc_01m0n2yy0evz1vnmzjq039djef	2639934	Preesall	53.9182	-2.96633	5367	PPL
plc_01m0n2yy0evz1vnmzjq1wyx2ca	2639935	Prees	52.89689	-2.66401	939	PPLA3
plc_01m0n2yy0evz1vnmzjq51vyjs1	2639941	Poynton	53.35	-2.11667	14351	PPL
plc_01m0n2yy0evz1vnmzjq5m2s7sw	2639958	Poulton-le-Fylde	53.83333	-2.98333	19914	PPL
plc_01m0n2yy0evz1vnmzjq7781mdz	2639961	Poughill	50.84295	-4.52727	712	PPL
plc_01m0n2yy0evz1vnmzjq8j8rrys	2639964	Potton	52.12911	-0.21561	4870	PPLA3
plc_01m0n2yy0evz1vnmzjqa7s23hb	2639969	Potterspury	52.08288	-0.89676	1453	PPL
plc_01m0n2yy0evz1vnmzjqchvzna6	2639970	Potters Bar	51.69353	-0.17835	22639	PPLA4
plc_01m0n2yy0evz1vnmzjqdqa3g7g	2639971	Potterne	51.32917	-2.00519	1622	PPL
plc_01m0n2yy0evz1vnmzjqhkkvnpn	2639973	Potter Heigham	52.71754	1.57527	829	PPL
plc_01m0n2yy0evz1vnmzjqn64d21k	2639991	Portstewart	55.18132	-6.71402	8394	PPL
plc_01m0n2yy0evz1vnmzjqrsbdwm5	2639992	Portsoy	57.68144	-2.68956	1730	PPL
plc_01m0n2yy0evz1vnmzjqrvyh7mj	2639996	Portsmouth	50.79899	-1.09125	208100	PPLA2
plc_01m0n2yy0evz1vnmzjqv46pjyh	2639998	Portslade	50.84286	-0.21608	20000	PPL
plc_01m0n2yy0evz1vnmzjqz0kvhyp	2640004	Portrush	55.19592	-6.6493	6684	PPL
plc_01m0n2yy0evz1vnmzjr1tkwtw2	2640006	Portree	57.41288	-6.19418	2310	PPL
plc_01m0n2yy0evz1vnmzjr2jycn3j	2640007	Portreath	50.26058	-5.28933	963	PPL
plc_01m0n2yy0evz1vnmzjr5knmex2	2640009	Portpatrick	54.84143	-5.11705	620	PPL
plc_01m0n2yy0evz1vnmzjr6kv1h8d	2640030	Portlethen	57.06942	-2.13246	8200	PPL
plc_01m0n2yy0evz1vnmzjr7bq6170	2640035	Portknockie	57.70248	-2.85989	1270	PPL
plc_01m0n2yy0evz1vnmzjr8ybqs5g	2640037	Portishead	51.48199	-2.76973	26355	PPL
plc_01m0n2yy0evz1vnmzjrccs64r7	2640040	Port Isaac	50.59309	-4.82878	721	PPL
plc_01m0n2yy0evz1vnmzjret85y37	2640044	Portscatho	50.17271	-4.97356	1500	PPL
plc_01m0n2yy0evz1vnmzjrj47w8q0	2640045	Porthmadog	52.92924	-4.13137	2981	PPLA3
plc_01m0n2yy0evz1vnmzjrm87ws21	2640046	Porthleven	50.08618	-5.31501	3059	PPL
plc_01m0n2yy0evz1vnmzjrpgws2cv	2640054	Porthcawl	51.47903	-3.70362	15672	PPL
plc_01m0n2yy0evz1vnmzjrs1bg4tx	2640058	Portgordon	57.66407	-3.01353	850	PPL
plc_01m0n2yy0evz1vnmzjrv47f967	2640059	Portglenone	54.87147	-6.47146	1230	PPL
plc_01m0n2yy0evz1vnmzjrx5kv5z8	2640060	Port Glasgow	55.93464	-4.6895	14200	PPL
plc_01m0n2yy0evz1vnmzjrzpg61p0	2640063	Portesham	50.67065	-2.56393	566	PPL
plc_01m0n2yy0evz1vnmzjs1nfbasz	2640064	Port Erroll	57.41427	-1.84596	1620	PPL
plc_01m0n2yy0evz1vnmzjs4k8b1wr	2640067	Port Ellen	55.63333	-6.18333	830	PPL
plc_01m0n2yy0evz1vnmzjs8jtpbz3	2640076	Port Bannatyne	55.8566	-5.06503	1200	PPL
plc_01m0n2yy0evz1vnmzjsa4rhnkv	2640078	Portavogie	54.45916	-5.44304	1639	PPL
plc_01m0n2yy0evz1vnmzjsb7xr8a4	2640084	Portaferry	54.38086	-5.54569	2525	PPL
plc_01m0n2yy0evz1vnmzjscn0832y	2640085	Portadown	54.42302	-6.44434	32926	PPL
plc_01m0n2yy0evz1vnmzjsg5c0rm9	2640088	Porlock	51.20889	-3.59556	1213	PPL
plc_01m0n2yy0evz1vnmzjsg5zcm3s	2640090	Poringland	52.56756	1.34961	5132	PPL
plc_01m0n2yy0evz1vnmzjsm5qyr34	2640091	Poplar	51.51113	-0.01565	8069	PPLA3
plc_01m0n2yy0evz1vnmzjsp94cs3t	2640101	Poole	50.71429	-1.98458	151500	PPL
plc_01m0n2yy0evz1vnmzjsssra6hz	2640102	Pool	53.9	-1.61667	1935	PPLA3
plc_01m0n2yy0evz1vnmzjsw629575	2640104	Pontypridd	51.6021	-3.34211	31206	PPL
plc_01m0n2yy0evz1vnmzjsz8njfz5	2640106	Pontypool	51.70111	-3.04444	35686	PPLA2
plc_01m0n2yy0evz1vnmzjt3064s4k	2640109	Pontycymer	51.61118	-3.58421	4288	PPL
plc_01m0n2yy0evz1vnmzjt56400hq	2640110	Pontyberem	51.77826	-4.1689	1695	PPL
plc_01m0n2yy0evz1vnmzjt8jbqb4s	2640111	Pontyates	51.75182	-4.21718	1449	PPL
plc_01m0n2yy0evz1vnmzjt9wvxeqb	2640118	Pontrhydyfen	51.63435	-3.74469	830	PPL
plc_01m0n2yy0evz1vnmzjta00qmyp	2640119	Pontrhydfendigaid	52.28258	-3.863	712	PPL
plc_01m0n2yy0evz1vnmzjtbgwq4gx	2640129	Pontesbury	52.64826	-2.89035	1873	PPL
plc_01m0n2yy0evz1vnmzjtcncyea8	2640131	Ponteland	55.05024	-1.74532	10135	PPL
plc_01m0n2yy0evz1vnmzjtg4nq0sj	2640132	Pontefract	53.69107	-1.31269	44710	PPL
plc_01m0n2yy0evz1vnmzjtgfwjdjr	2640134	Pontarddulais	51.71423	-4.03859	9073	PPL
plc_01m0n2yy0evz1vnmzjtkwmggw4	2640140	Ponders End	51.6445	-0.04652	15664	PPL
plc_01m0n2yy0evz1vnmzjtn16vnm0	2640151	Polruan	50.32689	-4.63144	614	PPL
plc_01m0n2yy0evz1vnmzjtpaydhbt	2640152	Polperro	50.3313	-4.5222	1206	PPL
plc_01m0n2yy0evz1vnmzjtqmhg8dm	2640155	Polmont	55.9905	-3.70737	5040	PPL
plc_01m0n2yy0evz1vnmzjtqvesn0f	2640166	Pollington	53.67093	-1.07237	834	PPLA3
plc_01m0n2yy0evz1vnmzjtt1xsjvh	2640173	Polesworth	52.61962	-1.61036	9645	PPL
plc_01m0n2yy0evz1vnmzjtw38tcfq	2640179	Pointon	52.87203	-0.34298	532	PPL
plc_01m0n2yy0evz1vnmzjty9n6r89	2640185	Pocklington	53.93335	-0.78106	8337	PPLA3
plc_01m0n2yy0evz1vnmzjv1w593da	2640190	Plymstock	50.35999	-4.09049	24103	PPL
plc_01m0n2yy0evz1vnmzjv5t1pha2	2640192	Plympton	50.39074	-4.06022	8892	PPL
plc_01m0n2yy0evz1vnmzjv7njkk3m	2640194	Plymouth	50.37153	-4.14305	260203	PPLA2
plc_01m0n2yy0evz1vnmzjv8etw369	2640201	Plumstead	51.48333	0.08333	16736	PPL
plc_01m0n2yy0evz1vnmzjv94b2q3h	2640204	Plumpton Green	50.9342	-0.0612	1123	PPL
plc_01m0n2yy0evz1vnmzjvatsb3tx	2640219	Plean	56.06516	-3.87596	1920	PPL
plc_01m0n2yy0evz1vnmzjveq1er12	2640223	Plaxtol	51.25832	0.29569	606	PPL
plc_01m0n2yy0evz1vnmzjvfgaz25b	2640238	Pitton	51.08168	-1.69868	510	PPL
plc_01m0n2yy0evz1vnmzjvkatdfmy	2640242	Pittenweem	56.21406	-2.72839	1490	PPL
plc_01m0n2yy0evz1vnmzjvn0fbkgv	2640244	Pitstone	51.8283	-0.63987	3674	PPL
plc_01m0n2yy0evz1vnmzjvn1vgdz4	2640245	Pitsford	52.30345	-0.89821	671	PPL
plc_01m0n2yy0evz1vnmzjvrdkcsd2	2640246	Pitsea	51.56387	0.50859	25000	PPL
plc_01m0n2yy0evz1vnmzjvt7dy3zy	2640253	Pitmedden	57.33691	-2.18022	1420	PPL
plc_01m0n2yy0evz1vnmzjvtrnsxy5	2640255	Pitlochry	56.70514	-3.73432	2880	PPL
plc_01m0n2yy0evz1vnmzjvv6afeks	2640267	Pirton	51.9712	-0.33394	1274	PPL
plc_01m0n2yy0evz1vnmzjvvppa3s2	2640269	Pirbright	51.29137	-0.64721	3691	PPLA4
plc_01m0n2yy0evz1vnmzjvy4keh8j	2640273	Pinxton	53.09062	-1.31767	14357	PPL
plc_01m0n2yy0evz1vnmzjw0skmxv1	2640275	Pinner	51.59384	-0.38216	19158	PPL
plc_01m0n2yy0evz1vnmzjw40s00r7	2640279	Pinchbeck	52.81303	-0.16256	3918	PPL
plc_01m0n2yy0evz1vnmzjw46cyzh4	2640280	Pimperne	50.88374	-2.1362	1109	PPL
plc_01m0n2yy0evz1vnmzjw59e04c2	2640282	Pilton	51.16528	-2.58722	646	PPL
plc_01m0n2yy0evz1vnmzjw5m7j9a0	2640285	Pilsley	53.15	-1.36667	3183	PPL
plc_01m0n2yy0evz1vnmzjw7e0fvsj	2640288	Pilning	51.56337	-2.64264	1465	PPL
plc_01m0n2yy0evz1vnmzjwa63y8y1	2640298	Pierowall	59.31944	-2.99051	563	PPL
plc_01m0n2yy0evz1vnmzjwck90v2c	2640312	Pickering	54.25	-0.76667	6936	PPL
plc_01m0n2yy0evz1vnmzjwfmwz1dq	2640327	Pewsey	51.33855	-1.76545	3634	PPLA3
plc_01m0n2yy0evz1vnmzjwj86by85	2640331	Pevensey	50.81966	0.33963	3152	PPL
plc_01m0n2yy0evz1vnmzjwjxebefv	2640332	Petworth	50.98669	-0.61	2544	PPL
plc_01m0n2yy0evz1vnmzjwm2746z6	2640348	Petersfield	51.00495	-0.93375	14974	PPL
plc_01m0n2yy0evz1vnmzjwqyw68qr	2640349	Peterlee	54.76032	-1.33649	20300	PPL
plc_01m0n2yy0evz1vnmzjwsabjvtq	2640351	Peterhead	57.50517	-1.78435	19060	PPL
plc_01m0n2yy0evz1vnmzjww8hmczy	2640352	Peterculter	57.09929	-2.26588	4560	PPL
plc_01m0n2yy0evz1vnmzjwy9rv91z	2640353	Peterchurch	52.04188	-2.95566	732	PPL
plc_01m0n2yy0evz1vnmzjx1kj6jav	2640354	Peterborough	52.57364	-0.24777	163379	PPLA2
plc_01m0n2yy0evz1vnmzjx3vmd4yk	2640358	Perth	56.39522	-3.43139	47350	PPLA2
plc_01m0n2yy0evz1vnmzjx5r5zwhn	2640360	Pershore	52.11163	-2.07586	7626	PPL
plc_01m0n2yy0evz1vnmzjx9ekhd11	2640365	Perranwell	50.21333	-5.12053	1207	PPL
plc_01m0n2yy0evz1vnmzjxd687pw6	2640367	Perranporth	50.34377	-5.15558	3210	PPL
plc_01m0n2yy0evz1vnmzjxgw59rze	2640376	Peopleton	52.15338	-2.09131	585	PPL
plc_01m0n2yy0evz1vnmzjxkbv2xz3	2640377	Penzance	50.11861	-5.53715	19872	PPLA3
plc_01m0n2yy0evz1vnmzjxq8atkt4	2640379	Penygroes	53.05502	-4.28535	1793	PPL
plc_01m0n2yy0evz1vnmzjxt5hdq5t	2640393	Pentyrch	51.52889	-3.295	2287	PPLA3
plc_01m0n2yy0evz1vnmzjxw8abfej	2640399	Pentraeth	53.28374	-4.21784	557	PPL
plc_01m0n2yy0evz1vnmzjy01qaypt	2640409	Penshurst	51.17267	0.18282	708	PPL
plc_01m0n2yy0evz1vnmzjy2pp449x	2640410	Pensford	51.37111	-2.54722	870	PPL
plc_01m0n2yy0evz1vnmzjy5ad5ypx	2640413	Penryn	50.16812	-5.10416	7326	PPL
plc_01m0n2yy0evz1vnmzjy66ndnrg	2640416	Penrith	54.66579	-2.75757	16700	PPL
plc_01m0n2yy0evz1vnmzjy8zey5ga	2640419	Penrhyndeudraeth	52.93333	-4.06667	1546	PPL
plc_01m0n2yy0evz1vnmzjycwea61c	2640452	Penmaenmawr	53.26667	-3.93333	2535	PPL
plc_01m0n2yy0evz1vnmzjygmww43g	2640458	Penley	52.95338	-2.87027	606	PPL
plc_01m0n2yy0evz1vnmzjykf9w8vh	2640460	Penkridge	52.72556	-2.1156	7791	PPL
plc_01m0n2yy0evz1vnmzjyq1nm72q	2640463	Penistone	53.52572	-1.63027	10956	PPLA3
plc_01m0n2yy0evz1vnmzjyqr4ygxg	2640465	Penicuik	55.83116	-3.22608	16150	PPL
plc_01m0n2yy0evz1vnmzjyst41p4g	2640484	Pencoed	51.52371	-3.50016	9166	PPL
plc_01m0n2yy0evz1vnmzjyt7mrhpw	2640485	Pen-clawdd	51.64028	-4.09917	1935	PPL
plc_01m0n2yy0evz1vnmzjyx3ppzrz	2640490	Pencaitland	55.90727	-2.8949	1480	PPL
plc_01m0n2yy0evz1vnmzjyz1tdy7a	2640491	Pencader	52.0008	-4.26575	1107	PPL
plc_01m0n2yy0evz1vnmzjyzf2h9th	2640496	Penarth	51.4386	-3.17342	23437	PPL
plc_01m0n2yy0evz1vnmzjyzv7qq9x	2640497	Penally	51.65986	-4.72399	848	PPLA3
plc_01m0n2yy0evz1vnmzjz28njbqw	2640498	Pembury	51.14296	0.32187	6128	PPL
plc_01m0n2yy0evz1vnmzjz3tvzhe9	2640502	Pembroke Dock	51.69161	-4.94036	9657	PPL
plc_01m0n2yy0evz1vnmzjz7mmw6pk	2640503	Pembroke	51.67464	-4.91286	7552	PPL
plc_01m0n2yy0evz1vnmzjzb2ba7xr	2640508	Pelynt	50.36589	-4.52274	763	PPL
plc_01m0n2yy0evz1vnmzjzcmwd9ne	2640511	Pelton	54.87305	-1.6095	5366	PPLA3
plc_01m0n2yy0evz1vnmzjzdqq9122	2640512	Pelsall	52.6291	-1.96738	11371	PPL
plc_01m0n2yy0evz1vnmzjzebts7vn	2640513	Peldon	51.81313	0.88552	559	PPL
plc_01m0n2yy0evz1vnmzjzh25r76z	2640517	Pegswood	55.1793	-1.64525	3280	PPL
plc_01m0n2yy0evz1vnmzjzkq2g882	2640526	Peebles	55.6519	-3.1888	8380	PPL
plc_01m0n2yy0evz1vnmzjzph1e8s6	2640531	Pebworth	52.11964	-1.81213	808	PPL
plc_01m0n2yy0evz1vnmzjzrm3kypx	2640537	Peasenhall	52.27136	1.45114	517	PPL
plc_01m0n2yy0evz1vnmzjzsvxzncm	2640554	Pawlett	51.18022	-3.0024	892	PPL
plc_01m0n2yy0evz1vnmzjzw7rrvqk	2640556	Pavenham	52.18913	-0.55249	527	PPL
plc_01m0n2yy0evz1vnmzk002ct6cx	2640559	Paulton	51.30472	-2.50028	4873	PPLA3
plc_01m0n2yy0evz1vnmzk027tt1aj	2640562	Paulerspury	52.10271	-0.95023	644	PPL
plc_01m0n2yy0evz1vnmzk04hprmxx	2640565	Pattishall	52.18293	-1.02085	664	PPL
plc_01m0n2yy0evz1vnmzk0560a942	2640566	Pattingham	52.5891	-2.26538	1749	PPL
plc_01m0n2yy0evz1vnmzk07014p4z	2640571	Patrington	53.68395	-0.0133	1501	PPLA3
plc_01m0n2yy0evz1vnmzk087be1yp	2640574	Patna	55.36406	-4.50594	2190	PPL
plc_01m0n2yy0evz1vnmzk0bwaaxfh	2640575	Pathhead	55.86667	-2.96667	960	PPL
plc_01m0n2yy0evz1vnmzk0d35qwq8	2640579	Pateley Bridge	54.08616	-1.75981	1432	PPL
plc_01m0n2yy0evz1vnmzk0fbnkmxh	2640589	Partridge Green	50.9594	-0.30796	2341	PPL
plc_01m0n2yy0evz1vnmzk0k8xhgm8	2640593	Partington	53.41884	-2.42815	7895	PPLA3
plc_01m0n2yy0evz1vnmzk0ky4r61z	2640600	Park Street	51.71667	-0.33333	2900	PPL
plc_01m0n2yy0evz1vnmzk0mtrd7h1	2640601	Parkstone	50.72994	-1.94492	9593	PPL
plc_01m0n2yy0evz1vnmzk0qdnay4k	2640621	Parbold	53.59145	-2.77028	3904	PPL
plc_01m0n2yy0evz1vnmzk0s0cxm90	2640623	Par	50.35107	-4.70288	9462	PPL
plc_01m0n2yy0evz1vnmzk0vrw45hj	2640624	Papworth Everard	52.24893	-0.11827	2880	PPL
plc_01m0n2yy0evz1vnmzk0x8wmvyt	2640646	Pant	52.79005	-3.08031	1998	PPL
plc_01m0n2yy0evz1vnmzk0zd6s1nq	2640651	Pannal	53.96031	-1.53573	2219	PPL
plc_01m0n2yy0evz1vnmzk11rdqzg8	2640654	Pangbourne	51.4837	-1.08519	3802	PPL
plc_01m0n2yy0evz1vnmzk14b4rhpb	2640655	Panfield	51.89858	0.52108	841	PPL
plc_01m0n2yy0evz1vnmzk1669j8f1	2640667	Palmers Green	51.61794	-0.11012	15162	PPL
plc_01m0n2yy0evz1vnmzk19hc4e6j	2640674	Pakenham	52.27051	0.82103	592	PPL
plc_01m0n2yy0evz1vnmzk1bqrpjtv	2640677	Paisley	55.83173	-4.43254	77270	PPLA2
plc_01m0n2yy0evz1vnmzk1d5t5gg4	2640678	Painswick	51.78568	-2.19555	1762	PPL
plc_01m0n2yy0evz1vnmzk1fe7nekq	2640680	Pailton	52.43337	-1.30872	516	PPL
plc_01m0n2yy0evz1vnmzk1jrq0y2t	2640681	Paignton	50.43565	-3.56789	67520	PPL
plc_01m0n2yy0evz1vnmzk1kkhez8c	2640685	Padstow	50.53885	-4.93664	2296	PPLA3
plc_01m0n2yy0evz1vnmzk1q6acy4k	2640687	Padiham	53.80187	-2.31511	11338	PPL
plc_01m0n2yy0evz1vnmzk1qxq8dsq	2640690	Paddock Wood	51.18187	0.38229	7840	PPLA4
plc_01m0n2yy0evz1vnmzk1sykaqne	2640693	Padbury	51.97098	-0.95281	810	PPL
plc_01m0n2yy0evz1vnmzk1wdsj0tf	2640697	Packington	52.72855	-1.46616	734	PPL
plc_01m0n2yy0evz1vnmzk1zxxdqja	2640716	Oxton	53.05526	-1.0628	568	PPL
plc_01m0n2yy0evz1vnmzk21w4bmkp	2640717	Oxted	51.25687	-0.00601	13452	PPL
plc_01m0n2yy0evz1vnmzk24avy7pg	2640718	Oxshott	51.33217	-0.3562	4922	PPL
plc_01m0n2yy0evz1vnmzk27dv8sg1	2640729	Oxford	51.75222	-1.25596	162100	PPLA2
plc_01m0n2yy0evz1vnmzk2ahfpvm5	2640731	Oxenhope	53.81233	-1.95196	1872	PPLA3
plc_01m0n2yy0evz1vnmzk2dymh3c8	2640740	Owston Ferry	53.49407	-0.78045	1172	PPL
plc_01m0n2yy0evz1vnmzk2eqm4hx8	2640742	Owslebury	51.00857	-1.26738	818	PPL
plc_01m0n2yy0evz1vnmzk2fmw954h	2640761	Over Wallop	51.14623	-1.59481	981	PPL
plc_01m0n2yy0evz1vnmzk2hn33vrz	2640762	Overtown	55.75719	-3.91645	2110	PPL
plc_01m0n2yy0evz1vnmzk2nbabrhf	2640763	Overton	54.01528	-2.86065	1069	PPL
plc_01m0n2yy0evz1vnmzk2rgh8rb3	2640764	Overton	52.96667	-2.93333	965	PPLA3
plc_01m0n2yy0evz1vnmzk2t6krjmq	2640765	Overton	51.24389	-1.26154	3392	PPL
plc_01m0n2yy0evz1vnmzk2vdj7j60	2640766	Overstrand	52.91623	1.339	1030	PPL
plc_01m0n2yy0evz1vnmzk2xw8cpnx	2640772	Over Kellet	54.12277	-2.73203	581	PPL
plc_01m0n2yy0evz1vnmzk2zba983w	2640777	Over	53.18333	-2.55	2804	PPL
plc_01m0n2yy0evz1vnmzk324wnjwx	2640778	Over	52.31667	0.01667	2862	PPL
plc_01m0n2yy0evz1vnmzk32e1v92j	2640781	Outwell	52.60946	0.23333	3320	PPL
plc_01m0n2yy0evz1vnmzk335kdrbp	2640825	Oundle	52.48093	-0.46732	5735	PPL
plc_01m0n2yy0evz1vnmzk33r39fse	2640832	Oughtibridge	53.43612	-1.53902	4939	PPL
plc_01m0n2yy0evz1vnmzk36zqrpr3	2640833	Ottringham	53.70092	-0.07909	597	PPLA3
plc_01m0n2yy0evz1vnmzk395vz7xc	2640834	Ottery St Mary	50.75	-3.26667	4898	PPL
plc_01m0n2yy0evz1vnmzk3bprv0ab	2640837	Otterton	50.66014	-3.29802	656	PPL
plc_01m0n2yy0evz1vnmzk3cnd2921	2640840	Ottershaw	51.36262	-0.52752	3451	PPL
plc_01m0n2yy0evz1vnmzk3dqbvrmg	2640852	Otterburn	55.2334	-2.18059	654	PPLA3
plc_01m0n2yy0evz1vnmzk3hkn42mv	2640857	Otley	53.90553	-1.69383	14668	PPLA3
plc_01m0n2yy0evz1vnmzk3mscg7qm	2640858	Otley	52.15134	1.22	676	PPL
plc_01m0n2yy0evz1vnmzk3pm0zvta	2640859	Othery	51.08056	-2.88111	642	PPL
plc_01m0n2yy0evz1vnmzk3s4c871v	2640860	Otford	51.31283	0.19046	7155	PPL
plc_01m0n2yy0evz1vnmzk3s560vzr	2640861	Oswestry	52.86195	-3.05497	18743	PPLA3
plc_01m0n2yy0evz1vnmzk3sgvedcy	2640869	Ossett	53.67978	-1.58006	21861	PPL
plc_01m0n2yy0evz1vnmzk3t9tk66v	2640872	Osmotherley	54.36843	-1.29916	668	PPL
plc_01m0n2yy0evz1vnmzk3v1t9tk4	2640883	Orwell	52.1356	-0.01099	1035	PPL
plc_01m0n2yy0evz1vnmzk3xjvym7w	2640890	Orsett	51.51232	0.36753	1267	PPL
plc_01m0n2yy0evz1vnmzk3xrpbcdn	2640894	Orpington	51.37457	0.09785	15248	PPL
plc_01m0n2yy0evz1vnmzk41374mag	2640908	Ormskirk	53.56685	-2.88178	24073	PPL
plc_01m0n2yy0evz1vnmzk44xkqps4	2640910	Ormiston	55.91302	-2.93985	2040	PPL
plc_01m0n2yy0evz1vnmzk48bg766p	2640912	Ormesby St Margaret	52.67506	1.6885	2810	PPL
plc_01m0n2yy0evz1vnmzk49pdhr54	2640920	Orleton	52.3	-2.75	573	PPLA3
plc_01m0n2yy0evz1vnmzk4c46m219	2640930	Orford	52.09572	1.53448	713	PPL
plc_01m0n2yy0evz1vnmzk4cemnhdm	2640966	Ombersley	52.27103	-2.22883	623	PPL
plc_01m0n2yy0evz1vnmzk4ct2zea4	2640967	Omagh	54.6	-7.3	21056	PPLA2
plc_01m0n2yy0evz1vnmzk4en1x24q	2640969	Olveston	51.58032	-2.5775	1015	PPL
plc_01m0n2yy0evz1vnmzk4eq64jmb	2640972	Olney	52.15345	-0.70201	6477	PPLA3
plc_01m0n2yy0evz1vnmzk4j3e2vy5	2640981	Old Windsor	51.45807	-0.58674	7168	PPLA3
plc_01m0n2yy0evz1vnmzk4nwmhzxz	2640995	Old Sarum	51.10169	-1.78532	987	PPL
plc_01m0n2yy0evz1vnmzk4pe2aj9y	2641003	Old Newton	52.22349	1.0001	828	PPL
plc_01m0n2yy0evz1vnmzk4qc7cwer	2641007	Oldmeldrum	57.33492	-2.3199	3230	PPL
plc_01m0n2yy0evz1vnmzk4qxcrxmp	2641012	Old Leake	53.03108	0.09873	1242	PPL
plc_01m0n2yy0evz1vnmzk4rf6gw2z	2641014	Old Kilpatrick	55.92241	-4.45567	4850	PPL
plc_01m0n2yy0evz1vnmzk4rk120c5	2641022	Oldham	53.54051	-2.1183	237110	PPLA2
plc_01m0n2yy0evz1vnmzk4vjvdjaa	2641036	Oldbury	52.5	-2.01667	10830	PPLA2
plc_01m0n2yy0evz1vnmzk4wps6zbg	2641037	Old Buckenham	52.48061	1.04143	792	PPL
plc_01m0n2yy0evz1vnmzk4xygwg2v	2641049	Okehampton	50.73841	-4.0016	7647	PPL
plc_01m0n2yy0evz1vnmzk50cavahg	2641079	Odiham	51.25407	-0.93933	3165	PPL
plc_01m0n2yy0evz1vnmzk536zxc9n	2641090	Ockley	51.14678	-0.36366	595	PPLA4
plc_01m0n2yy0evz1vnmzk553z83mp	2641098	Ochiltree	55.45981	-4.36782	1080	PPL
plc_01m0n2yy0evz1vnmzk559q2d8n	2641102	Occold	52.29347	1.15944	519	PPL
plc_01m0n2yy0evz1vnmzk55s20jqk	2641108	Oban	56.41535	-5.47184	8140	PPL
plc_01m0n2yy0evz1vnmzk58dkznmb	2641117	Oaksey	51.64133	-2.01699	530	PPL
plc_01m0n2yy0evz1vnmzk5bw1xcjx	2641120	Oakley	56.08421	-3.56311	2280	PPL
plc_01m0n2yy0evz1vnmzk5cyh0fcw	2641121	Oakley	52.16862	-0.52649	2493	PPLA3
plc_01m0n2yy0evz1vnmzk5ebjcfzr	2641122	Oakley	51.80406	-1.07261	1007	PPL
plc_01m0n2yy0evz1vnmzk5esb76x9	2641125	Oakington	52.26044	0.06849	1527	PPL
plc_01m0n2yy0evz1vnmzk5jantdrj	2641126	Oakhill	51.22361	-2.52639	739	PPL
plc_01m0n2yy0evz1vnmzk5p9f8aag	2641128	Oakham	52.66667	-0.73333	10922	PPLA2
plc_01m0n2yy0evz1vnmzk5pwadpmj	2641130	Oakengates	52.69501	-2.45036	8517	PPL
plc_01m0n2yy0evz1vnmzk5q2pz39p	2641134	Oadby	52.60621	-1.08354	23849	PPL
plc_01m0n2yy0evz1vnmzk5s45snnt	2641144	Nutfield	51.24505	-0.14299	2673	PPL
plc_01m0n2yy0evz1vnmzk5ts09kt6	2641154	Nunney	51.20729	-2.37858	844	PPL
plc_01m0n2yy0evz1vnmzk5x4q3r3m	2641157	Nuneaton	52.52323	-1.46523	88813	PPL
plc_01m0n2yy0evz1vnmzk600ww1rh	2641161	Nuffield	51.57947	-1.03477	939	PPL
plc_01m0n2yy0evz1vnmzk60wsv25w	2641168	Notting Hill	51.5115	-0.20587	21000	PPLX
plc_01m0n2yy0evz1vnmzk61h4r4nb	2641170	Nottingham	52.9536	-1.15047	323632	PPLA2
plc_01m0n2yy0evz1vnmzk65745a5b	2641181	Norwich	52.62783	1.29834	143135	PPLA2
plc_01m0n2yy0evz1vnmzk67x9jm18	2641183	Norton St Philip	51.30222	-2.32472	556	PPL
plc_01m0n2yy0evz1vnmzk6be0amhr	2641193	Norton Canes	52.67142	-1.96262	7479	PPL
plc_01m0n2yy0evz1vnmzk6f0kse3k	2641198	Norton	54.13303	-0.78501	7000	PPL
plc_01m0n2yy0evz1vnmzk6fr0djak	2641199	Norton	53.63333	-1.18333	4486	PPLA3
plc_01m0n2yy0evz1vnmzk6j87a3jv	2641213	North Wootton	52.78333	0.43333	2445	PPL
plc_01m0n2yy0evz1vnmzk6ndpx53j	2641216	Northwood	51.61162	-0.42454	11300	PPL
plc_01m0n2yy0evz1vnmzk6qx098ds	2641218	Northwold	52.54452	0.58425	736	PPL
plc_01m0n2yy0evz1vnmzk6t7q6cf1	2641224	Northwich	53.25882	-2.52025	47421	PPL
plc_01m0n2yy0evz1vnmzk6wqswhb2	2641225	North Wheatley	53.36232	-0.85635	509	PPL
plc_01m0n2yy0evz1vnmzk709n5awh	2641232	North Waltham	51.21248	-1.19605	870	PPL
plc_01m0n2yy0evz1vnmzk73g23n69	2641233	North Walsham	52.82121	1.38746	13007	PPL
plc_01m0n2yy0evz1vnmzk76h8kk9j	2641244	North Thoresby	53.46651	-0.05575	1068	PPL
plc_01m0n2yy0evz1vnmzk77dwj7ky	2641245	North Tawton	50.79968	-3.89759	1630	PPL
plc_01m0n2yy0evz1vnmzk7951ahfn	2641253	North Sunderland	55.57688	-1.66436	1843	PPL
plc_01m0n2yy0evz1vnmzk7cz91ghz	2641260	North Somercotes	53.44573	0.14103	1732	PPL
plc_01m0n2yy0evz1vnmzk7e5hea12	2641267	North Shields	55.01646	-1.44925	39747	PPL
plc_01m0n2yy0evz1vnmzk7fqbkhey	2641269	North Scarle	53.19305	-0.72869	640	PPL
plc_01m0n2yy0evz1vnmzk7ker6v7q	2641278	Northrepps	52.90423	1.33724	866	PPL
plc_01m0n2yy0evz1vnmzk7pj0qcjt	2641280	North Queensferry	56.00899	-3.39134	1070	PPL
plc_01m0n2yy0evz1vnmzk7pjgr6wv	2641284	North Petherton	51.09243	-3.01549	3142	PPL
plc_01m0n2yy0evz1vnmzk7s94eaqc	2641287	Northorpe	53.46307	-0.65347	2184	PPL
plc_01m0n2yy0evz1vnmzk7szr1jp9	2641289	Northop	53.20692	-3.13277	1001	PPL
plc_01m0n2yy0evz1vnmzk7vmb7fbn	2641290	Northolt	51.54855	-0.36778	26000	PPL
plc_01m0n2yy0evz1vnmzk7z9q1yn8	2641294	North Newbald	53.81667	-0.61667	1115	PPL
plc_01m0n2yy0evz1vnmzk81eg4nt9	2641298	North Muskham	53.11988	-0.81091	985	PPL
plc_01m0n2yy0evz1vnmzk8232phdz	2641302	North Molton	51.05394	-3.79909	721	PPL
plc_01m0n2yy0evz1vnmzk85v7m4t8	2641308	North Marston	51.89901	-0.87702	781	PPL
plc_01m0n2yy0evz1vnmzk8669fp32	2641310	North Luffenham	52.62108	-0.61987	679	PPLA3
plc_01m0n2yy0evz1vnmzk86t77agx	2641312	North Lopham	52.40352	0.99169	623	PPL
plc_01m0n2yy0evz1vnmzk897dnsgd	2641315	North Leigh	51.81432	-1.44144	1552	PPL
plc_01m0n2yy0evz1vnmzk8a2eyx9r	2641318	Northleach	51.82994	-1.83712	1854	PPL
plc_01m0n2yy0evz1vnmzk8c3ryew7	2641319	Lancing	50.82882	-0.32247	18692	PPL
plc_01m0n2yy0evz1vnmzk8fqfcebv	2641321	North Kilworth	52.44424	-1.0958	597	PPL
plc_01m0n2yy0evz1vnmzk8khdhx3z	2641325	North Kessock	57.50254	-4.24793	1000	PPL
plc_01m0n2yy0evz1vnmzk8krrjkzj	2641327	North Kelsey	53.5034	-0.42542	777	PPL
plc_01m0n2yy0evz1vnmzk8npmcjg6	2641331	Northiam	50.99439	0.60026	1785	PPL
plc_01m0n2yy0evz1vnmzk8redwhr6	2641356	North Ferriby	53.72124	-0.5052	7416	PPLA3
plc_01m0n2yy0evz1vnmzk8rmn0ja1	2641357	North Fambridge	51.64279	0.6751	835	PPL
plc_01m0n2yy0evz1vnmzk8w7a3yfz	2641370	North Elmham	52.7464	0.94611	1124	PPL
plc_01m0n2yy0evz1vnmzk900spz8j	2641379	North Curry	51.0225	-2.97167	926	PPL
plc_01m0n2yy0evz1vnmzk93q1fn0a	2641383	North Crawley	52.09298	-0.64859	736	PPL
plc_01m0n2yy0evz1vnmzk97h4w9af	2641385	North Cowton	54.43045	-1.56311	503	PPL
plc_01m0n2yy0evz1vnmzk98hd2k00	2641389	North Collingham	53.15	-0.75	2578	PPL
plc_01m0n2yy0evz1vnmzk98r4pbdr	2641394	Northchurch	51.77113	-0.58519	2800	PPL
plc_01m0n2yy0evz1vnmzk9aq95qp1	2641404	North Cave	53.78012	-0.64965	1348	PPLA3
plc_01m0n2yy0evz1vnmzk9e6nmpvz	2641409	North Cadbury	51.0428	-2.52312	638	PPL
plc_01m0n2yy0evz1vnmzk9eqh7v8a	2641416	Northborough	52.65868	-0.29818	1318	PPLA3
plc_01m0n2yy0evz1vnmzk9esk39tr	2641419	North Berwick	56.05825	-2.7229	7840	PPL
plc_01m0n2yy0evz1vnmzk9fhvw76b	2641427	Northaw	51.70344	-0.14795	590	PPL
plc_01m0n2yy0evz1vnmzk9fqqythf	2641430	Northampton	52.25	-0.88333	245899	PPLA2
plc_01m0n2yy0evz1vnmzk9g4q8d3z	2641434	Northam	51.03333	-4.21667	7668	PPL
plc_01m0n2yy0evz1vnmzk9j9dmj6t	2641435	Northallerton	54.33901	-1.43243	16832	PPLA2
plc_01m0n2yy0evz1vnmzk9jtwscp6	2641447	Normandy	51.25751	-0.67472	1563	PPL
plc_01m0n2yy0evz1vnmzk9p1chskg	2641454	Norham	55.71884	-2.16266	579	PPL
plc_01m0n2yy0evz1vnmzk9qjwe9er	2641462	Norbury	51.41667	-0.11667	16476	PPLX
plc_01m0n2yy0evz1vnmzk9qvc0q7z	2641477	Nocton	53.16368	-0.41938	819	PPL
plc_01m0n2yy0evz1vnmzk9v2gcdmz	2641480	Niton	50.58702	-1.28489	1162	PPL
plc_01m0n2yy0evz1vnmzk9ywft1hc	2641489	Ninfield	50.88641	0.42529	1307	PPL
plc_01m0n2yy0evz1vnmzka2rfx340	2641506	Neyland	51.71014	-4.95155	3708	PPL
plc_01m0n2yy0evz1vnmzka592vb0k	2641509	Newtyle	56.55874	-3.14583	730	PPL
plc_01m0n2yy0evz1vnmzka7d7djaj	2641510	New Tredegar	51.72051	-3.2413	4208	PPL
plc_01m0n2yy0evz1vnmzka82aare3	2641511	Newtownstewart	54.71778	-7.37886	1465	PPL
plc_01m0n2yy0evz1vnmzka85wgak9	2641513	Newtown St Boswells	55.57887	-2.66874	1330	PPLA2
plc_01m0n2yy0evz1vnmzka9gkeb43	2641514	Newtown Limford	52.68342	-1.22878	537	PPL
plc_01m0n2yy0evz1vnmzkac9ebhkm	2641515	Newtownhamilton	54.1907	-6.57632	2836	PPL
plc_01m0n2yy0evz1vnmzkadtmb5px	2641517	Newtownbutler	54.18273	-7.35912	943	PPL
plc_01m0n2yy0evz1vnmzkagg58djw	2641519	Newtownards	54.59236	-5.69092	29363	PPLA2
plc_01m0n2yy0evz1vnmzkakbx79db	2641520	Newtownabbey	54.65983	-5.90858	63860	PPLA2
plc_01m0n2yy0evz1vnmzkan2x0xv3	2641523	Newtown	52.51667	-3.3	11362	PPL
plc_01m0n2yy0evz1vnmzkaqtydzkc	2641528	Newton Stewart	54.95784	-4.48315	4010	PPL
plc_01m0n2yy0evz1vnmzkasa1tkrp	2641529	Newton Solney	52.8288	-1.58289	659	PPL
plc_01m0n2yy0evz1vnmzkaxa1nh4f	2641532	Newton St Cyres	50.76958	-3.59061	562	PPL
plc_01m0n2yy0evz1vnmzkaz5tyt5w	2641535	Newton Regis	52.66602	-1.58778	599	PPL
plc_01m0n2yy0evz1vnmzkb0e6xm8p	2641536	Newton Poppleford	50.7	-3.29586	1715	PPL
plc_01m0n2yy0evz1vnmzkb49tppss	2641542	Newtonmore	57.06567	-4.12097	1100	PPL
plc_01m0n2yy0evz1vnmzkb7wm52xk	2641544	Newton Mearns	55.77334	-4.33339	28210	PPL
plc_01m0n2yy0evz1vnmzkb9cjs39g	2641545	Newton Longville	51.976	-0.76595	1846	PPL
plc_01m0n2yy0evz1vnmzkbd1t10ez	2641546	Newton-le-Willows	53.45	-2.6	24642	PPL
plc_01m0n2yy0evz1vnmzkbdhnmf7e	2641549	Newtonhill	57.03333	-2.15	3040	PPL
plc_01m0n2yy0evz1vnmzkbfgvpssd	2641552	Newton Ferrers	50.31467	-4.0392	1268	PPL
plc_01m0n2yy0evz1vnmzkbhnc8fra	2641555	Newton Aycliffe	54.61842	-1.5719	26415	PPL
plc_01m0n2yy0evz1vnmzkbk74ecjw	2641557	Newton Abbot	50.52858	-3.61186	36474	PPL
plc_01m0n2yy0evz1vnmzkbnyrzrqy	2641577	Scone	56.41942	-3.40507	5030	PPL
plc_01m0n2yy0evz1vnmzkbsvz1ts3	2641581	Newry	54.17841	-6.33739	27757	PPLA2
plc_01m0n2yy0evz1vnmzkbxfg5gsk	2641582	New Romney	50.98599	0.94122	9674	PPL
plc_01m0n2yy0evz1vnmzkbxgs9ng2	2641588	New Quay	52.21515	-4.35887	694	PPLA3
plc_01m0n2yy0evz1vnmzkc18mk30e	2641589	Newquay	50.41557	-5.07319	20189	PPLA3
plc_01m0n2yy0evz1vnmzkc31h98s8	2641591	Newport Pagnell	52.08731	-0.72218	15067	PPLA3
plc_01m0n2yy0evz1vnmzkc4d79z2b	2641593	Newport-on-Tay	56.43911	-2.9367	4203	PPL
plc_01m0n2yy0evz1vnmzkc7mb1va1	2641594	Newport	53.76333	-0.69986	1580	PPLA3
plc_01m0n2yy0evz1vnmzkc8txs2ba	2641595	Newport	52.76684	-2.37734	12741	PPLA3
plc_01m0n2yy0evz1vnmzkcbcwvmh4	2641596	Newport	52.01667	-4.83333	851	PPLA3
plc_01m0n2yy0evz1vnmzkccf9g9sj	2641597	Newport	51.98425	0.21355	2352	PPL
plc_01m0n2yy0evz1vnmzkcegvmj3h	2641598	Newport	51.58774	-2.99835	161506	PPLA2
plc_01m0n2yy0evz1vnmzkcf42hdwh	2641599	Newport	50.70146	-1.29124	24884	PPLA2
plc_01m0n2yy0evz1vnmzkcgvt07jg	2641600	New Pitsligo	57.59019	-2.19535	1150	PPL
plc_01m0n2yy0evz1vnmzkcmf8gjw1	2641609	New Milton	50.75601	-1.6658	25546	PPL
plc_01m0n2yy0evz1vnmzkcpecyy8z	2641610	Newmilns	55.60751	-4.32416	2980	PPL
plc_01m0n2yy0evz1vnmzkcsgh1p16	2641612	New Mills	53.36592	-1.99986	17968	PPL
plc_01m0n2yy0evz1vnmzkctkcks92	2641616	Newmarket	52.24467	0.40418	20384	PPL
plc_01m0n2yy0evz1vnmzkcxcm8569	2641617	New Malden	51.40065	-0.2617	23818	PPLX
plc_01m0n2yy0evz1vnmzkcybyr55d	2641618	Newmains	55.78514	-3.87465	5710	PPL
plc_01m0n2yy0evz1vnmzkcz5s7q06	2641619	Newmacher	57.26667	-2.18333	2510	PPL
plc_01m0n2yy0evz1vnmzkd0r3b7zb	2641629	Newington	51.35217	0.66768	2164	PPL
plc_01m0n2yy0evz1vnmzkd1hvfa3w	2641630	Newick	50.97518	0.01579	3726	PPL
plc_01m0n2yy0evz1vnmzkd27cpz0e	2641633	New Holland	53.70004	-0.36059	970	PPL
plc_01m0n2yy0evz1vnmzkd4aqh4a0	2641637	Newhaven	50.79693	0.05545	12854	PPL
plc_01m0n2yy0evz1vnmzkd56g43te	2641649	New Ferry	53.36046	-2.99377	5300	PPLX
plc_01m0n2yy0evz1vnmzkd92yxd1p	2641651	Newent	51.93365	-2.40815	4322	PPL
plc_01m0n2yy0evz1vnmzkd9ec59m2	2641654	Newdigate	51.16664	-0.29105	744	PPLA4
plc_01m0n2yy0evz1vnmzkdahf0c0h	2641656	New Deer	57.51411	-2.19495	660	PPL
plc_01m0n2yy0evz1vnmzkdavvb6bx	2641657	Dailly	55.27638	-4.72361	850	PPL
plc_01m0n2yy0evz1vnmzkdcsb178f	2641658	New Cumnock	55.39563	-4.18458	2840	PPL
plc_01m0n2yy0evz1vnmzkdd1yt5xx	2641661	New Cross	51.47534	-0.03837	15756	PPLX
plc_01m0n2yy0evz1vnmzkdgcc40zm	2641673	Newcastle upon Tyne	54.97328	-1.61396	300125	PPLA2
plc_01m0n2yy0evz1vnmzkdkt84b3v	2641674	Newcastle under Lyme	53	-2.23333	127727	PPL
plc_01m0n2yy0evz1vnmzkdpx2jrcj	2641675	Newcastleton	55.17908	-2.81336	770	PPL
plc_01m0n2yy0evz1vnmzkdsnkzqv9	2641676	Newcastle Emlyn	52.04056	-4.4667	1883	PPL
plc_01m0n2yy0evz1vnmzkdt0cf8j5	2641689	Newbury	51.40148	-1.32471	33065	PPLA2
plc_01m0n2yy0evz1vnmzkdt58zqmm	2641690	Newburn	54.9876	-1.74415	41347	PPL
plc_01m0n2yy0evz1vnmzkdwrjvn1e	2641691	Newburgh	57.31711	-2.00449	1470	PPL
plc_01m0n2yy0evz1vnmzke04brk89	2641692	Newburgh	56.35079	-3.2365	2060	PPL
plc_01m0n2yy0evz1vnmzke1zvd5rh	2641693	New Buildings	54.9603	-7.35581	3381	PPL
plc_01m0n2yy0evz1vnmzke2y1khr3	2641697	Newbridge on Wye	52.21363	-3.4411	566	PPL
plc_01m0n2yy0evz1vnmzke6t4sfav	2641698	Newbridge	55.93333	-3.4	1013	PPL
plc_01m0n2yy0evz1vnmzke9vg9xhf	2641700	Newbridge	51.66667	-3.13333	6509	PPLA3
plc_01m0n2yy0evz1vnmzkedc681kd	2641710	Newbold Verdon	52.62959	-1.3422	2850	PPL
plc_01m0n2yy0evz1vnmzkefw0hp5g	2641711	Newbold on Stour	52.11478	-1.64113	517	PPL
plc_01m0n2yy0evz1vnmzkegtthbx9	2641718	Newbiggin-by-the-Sea	55.18532	-1.51469	6308	PPL
plc_01m0n2yy0evz1vnmzkegvd720w	2641727	New Barnet	51.64969	-0.17527	14000	PPL
plc_01m0n2yy0evz1vnmzkejz6s583	2641729	Newarthill	55.8151	-3.93733	6480	PPL
plc_01m0n2yy0evz1vnmzkem4en1c6	2641731	Newark on Trent	53.06667	-0.81667	43363	PPL
plc_01m0n2yy0evz1vnmzkepk60fr8	2641736	New Alresford	51.08624	-1.17011	5431	PPL
plc_01m0n2yy0evz1vnmzkes5pcnk9	2641745	Nefyn	52.93538	-4.5225	1373	PPLA3
plc_01m0n2yy0evz1vnmzketf4yr6e	2641757	Nettleton	53.48519	-0.33057	685	PPL
plc_01m0n2yy0evz1vnmzketkj79k5	2641760	Nettleham	53.26603	-0.48866	3437	PPL
plc_01m0n2yy0evz1vnmzkewg5c7rg	2641763	Nettlebed	51.57547	-0.98963	727	PPL
plc_01m0n2yy0evz1vnmzkeyr002jk	2641765	Netley	50.87463	-1.35476	6338	PPL
plc_01m0n2yy0evz1vnmzkezh7v7ms	2641773	Netherton	52.48333	-2.08333	2587	PPL
plc_01m0n2yy0evz1vnmzkf1kpjzv4	2641774	Nether Stowey	51.15101	-3.15676	1373	PPL
plc_01m0n2yy0evz1vnmzkf1vy14bd	2641776	Nether Poppleton	53.98793	-1.15062	3504	PPL
plc_01m0n2yy0evz1vnmzkf42rw357	2641781	Nether Kellet	54.10686	-2.75783	663	PPL
plc_01m0n2yy0evz1vnmzkf68harg4	2641783	Nether Edge	53.35934	-1.48759	18890	PPLX
plc_01m0n2yy0evz1vnmzkfa6e64pf	2641790	Netherburn	55.70868	-3.90357	760	PPL
plc_01m0n2yy0evz1vnmzkfbccdqx0	2641792	Netheravon	51.23613	-1.79083	1321	PPL
plc_01m0n2yy0evz1vnmzkfdmfrp7q	2641795	Neston	53.28333	-3.05	15064	PPLA3
plc_01m0n2yy0evz1vnmzkfdnqew52	2641810	Nelson	53.83333	-2.2	29317	PPL
plc_01m0n2yy0evz1vnmzkfgkfhx8p	2641811	Nelson	51.65333	-3.28444	12857	PPLA3
plc_01m0n2yy0evz1vnmzkfh293ty3	2641815	Neilston	55.78574	-4.42637	5310	PPL
plc_01m0n2yy0evz1vnmzkfkm7kzbc	2641827	Needingworth	52.33051	-0.03116	2191	PPL
plc_01m0n2yy0evz1vnmzkfpdm60m6	2641828	Needham Market	52.1555	1.0516	4528	PPL
plc_01m0n2yy0evz1vnmzkfpy7ae0b	2641833	Necton	52.64994	0.77539	1798	PPL
plc_01m0n2yy0evz1vnmzkfr46r2ck	2641843	Neath	51.66317	-3.80443	46126	PPL
plc_01m0n2yy0evz1vnmzkfv4zerc2	2641850	Nayland	51.97246	0.87144	938	PPL
plc_01m0n2yy0fqhe7zdmzn14bykzy	2641851	Nawton	54.2554	-0.99169	798	PPL
plc_01m0n2yy0fqhe7zdmzn46s43qw	2641861	Navenby	53.1068	-0.52494	2932	PPL
plc_01m0n2yy0fqhe7zdmzn5hhmx6f	2641869	Nassington	52.55318	-0.43383	827	PPL
plc_01m0n2yy0fqhe7zdmzn7j96jtk	2641874	Naseby	52.39422	-0.98927	687	PPL
plc_01m0n2yy0fqhe7zdmzn7w7fs16	2641883	Narborough	52.68333	0.58333	1094	PPL
plc_01m0n2yy0fqhe7zdmzn9zd3wv4	2641884	Narborough	52.57767	-1.21027	6321	PPL
plc_01m0n2yy0fqhe7zdmzna2p9556	2641885	Narberth	51.79784	-4.74275	2265	PPL
plc_01m0n2yy0fqhe7zdmznccdtcy7	2641888	Napton on the Hill	52.24898	-1.31845	898	PPL
plc_01m0n2yy0fqhe7zdmzndt7nsjr	2641892	Nantwich	53.06878	-2.52051	17226	PPL
plc_01m0n2yy0fqhe7zdmznga9jewv	2641899	Nantgaredig	51.87104	-4.18943	524	PPL
plc_01m0n2yy0fqhe7zdmzngw5fc3w	2641910	Nairn	57.58094	-3.87973	10190	PPL
plc_01m0n2yy0fqhe7zdmznmdb7bbd	2641912	Nailsworth	51.69382	-2.2199	5394	PPL
plc_01m0n2yy0fqhe7zdmznqgbj39e	2641913	Nailsea	51.43239	-2.75847	20543	PPL
plc_01m0n2yy0fqhe7zdmznr0xapdm	2641915	Nafferton	54.01965	-0.3919	2433	PPLA3
plc_01m0n2yy0fqhe7zdmzntj8xfqz	2641922	Mytholmroyd	53.73065	-1.98258	3949	PPL
plc_01m0n2yy0fqhe7zdmznvs8rb7s	2641924	Mytchett	51.2882	-0.72866	4624	PPL
plc_01m0n2yy0fqhe7zdmznwf19dsg	2641931	Mylor Bridge	50.18506	-5.07963	1443	PPL
plc_01m0n2yy0fqhe7zdmznwtfqwvx	2641933	Meidrim	51.86064	-4.48582	582	PPL
plc_01m0n2yy0fqhe7zdmznxc6zztn	2641939	Muthill	56.33206	-3.83291	760	PPL
plc_01m0n2yy0fqhe7zdmznzg0ravc	2641942	Musselburgh	55.9417	-3.04991	23620	PPL
plc_01m0n2yy0fqhe7zdmzp2n2pjay	2641944	Musbury	50.74746	-3.03221	543	PPL
plc_01m0n2yy0fqhe7zdmzp4v27v54	2641945	Murton	54.81812	-1.39036	7413	PPLA3
plc_01m0n2yy0fqhe7zdmzp69qft6t	2641950	Mursley	51.94961	-0.81161	611	PPL
plc_01m0n2yy0fqhe7zdmzp9t4ff6q	2641951	Murrow	52.64257	0.02738	792	PPL
plc_01m0n2yy0fqhe7zdmzpbt3adjd	2641965	Mundford	52.5093	0.64991	1835	PPL
plc_01m0n2yy0fqhe7zdmzpc5kdf4k	2641966	Mundesley	52.87842	1.4297	2755	PPL
plc_01m0n2yy0fqhe7zdmzpe97kxgf	2641976	Mullion	50.02706	-5.24248	1955	PPL
plc_01m0n2yy0fqhe7zdmzpgqmr56c	2641997	Mulbarton	52.55913	1.23327	3315	PPL
plc_01m0n2yy0fqhe7zdmzpjast866	2642001	Muir of Ord	57.51976	-4.45939	2620	PPL
plc_01m0n2yy0fqhe7zdmzpn1g1s9m	2642005	Muirkirk	55.52272	-4.06551	1540	PPL
plc_01m0n2yy0fqhe7zdmzprgq1rdh	2642006	Muirhead	56.5	-3.06667	1542	PPL
plc_01m0n2yy0fqhe7zdmzpry6vp5s	2642054	Much Wenlock	52.59582	-2.55749	2211	PPL
plc_01m0n2yy0fqhe7zdmzpv5a2nth	2642057	Much Hadham	51.85407	0.07188	1994	PPL
plc_01m0n2yy0fqhe7zdmzpyk3an35	2642077	Moy	54.45	-6.66667	1234	PPL
plc_01m0n2yy0fqhe7zdmzq0tjravc	2642084	Mousehole	50.08313	-5.53921	697	PPL
plc_01m0n2yy0fqhe7zdmzq3v69sba	2642096	Mountsorrel	52.71667	-1.15	17297	PPL
plc_01m0n2yy0fqhe7zdmzq7742h5q	2642116	Mountain Ash	51.68361	-3.38008	11230	PPL
plc_01m0n2yy0fqhe7zdmzq7zm66fg	2642121	Moulton Chapel	52.74668	-0.08274	1050	PPL
plc_01m0n2yy0fqhe7zdmzq9jn64zx	2642125	Moulton	52.2524	0.48288	1033	PPL
plc_01m0n2yy0fqhe7zdmzqatat2e2	2642135	Motherwell	55.78924	-3.99187	32840	PPLA2
plc_01m0n2yy0fqhe7zdmzqecb72qa	2642136	Motcombe	51.02929	-2.21627	1014	PPL
plc_01m0n2yy0fqhe7zdmzqhy2acf3	2642137	Mostyn	53.31271	-3.26765	1606	PPL
plc_01m0n2yy0fqhe7zdmzqk59fpys	2642139	Mosterton	50.84452	-2.77297	604	PPL
plc_01m0n2yy0fqhe7zdmzqkmhm2rp	2642143	Mossley	53.51454	-2.03462	9929	PPLA3
plc_01m0n2yy0fqhe7zdmzqnpg589g	2642145	Mossend	55.81667	-4	13480	PPL
plc_01m0n2yy0fqhe7zdmzqsn8zx4x	2642182	Morpeth	55.16882	-1.68893	14403	PPLA3
plc_01m0n2yy0fqhe7zdmzqt5f96k9	2642183	Morningside	55.77637	-3.86761	650	PPL
plc_01m0n2yy0fqhe7zdmzqvnj5h4k	2642189	Morley	53.74013	-1.59877	57385	PPLA3
plc_01m0n2yy0fqhe7zdmzqyjzs5rb	2642195	Morfa Nefyn	52.93289	-4.54943	857	PPL
plc_01m0n2yy0fqhe7zdmzqzh4cfd9	2642199	Moreton on Lugg	52.10723	-2.72227	920	PPL
plc_01m0n2yy0fqhe7zdmzr0t0hw7j	2642200	Moreton in Marsh	51.98964	-1.70297	3493	PPL
plc_01m0n2yy0fqhe7zdmzr3dv0wm9	2642201	Moretonhampstead	50.66077	-3.76495	1339	PPL
plc_01m0n2yy0fqhe7zdmzr4q8fhkb	2642204	Moreton	53.4	-3.11667	17670	PPL
plc_01m0n2yy0fqhe7zdmzr776bv2r	2642214	Morecambe	54.06835	-2.86108	51644	PPL
plc_01m0n2yy0fqhe7zdmzr9xa9nhx	2642233	Morden	51.39822	-0.19837	48233	PPLA3
plc_01m0n2yy0fqhe7zdmzrc54qrnp	2642237	Morchard Bishop	50.85416	-3.74894	1078	PPL
plc_01m0n2yy0fqhe7zdmzrfhdhdba	2642299	Monxton	51.19787	-1.55271	530	PPL
plc_01m0n2yy0fqhe7zdmzrgh11fty	2642302	Montrose	56.71683	-2.46695	11730	PPL
plc_01m0n2yy0fqhe7zdmzrhffrxwv	2642304	Montgomery	52.56133	-3.14612	986	PPL
plc_01m0n2yy0fqhe7zdmzrkxme7b8	2642308	Montacute	50.95	-2.71667	533	PPL
plc_01m0n2yy0fqhe7zdmzrnkkecm1	2642313	Monmouth	51.81265	-2.71363	10110	PPL
plc_01m0n2yy0fqhe7zdmzrq5sktkd	2642318	Monkton	55.51356	-4.59339	930	PPL
plc_01m0n2yy0fqhe7zdmzrv3mc8pc	2642329	Monks Eleigh	52.09174	0.86831	505	PPL
plc_01m0n2yy0fqhe7zdmzryc15jep	2642336	Monk Fryston	53.7616	-1.23751	1728	PPL
plc_01m0n2yy0fqhe7zdmzs16nr224	2642342	Monifieth	56.48227	-2.81732	8210	PPL
plc_01m0n2yy0fqhe7zdmzs25dfvb2	2642343	Moniaive	55.19723	-3.91978	500	PPL
plc_01m0n2yy0fqhe7zdmzs49wa1m0	2642349	Moneymore	54.69229	-6.66956	1426	PPL
plc_01m0n2yy0fqhe7zdmzs4rv0esy	2642363	Mollington	53.22934	-2.92159	626	PPLA3
plc_01m0n2yy0fqhe7zdmzs7d2xzy9	2642372	Mold	53.16674	-3.14143	10058	PPLA2
plc_01m0n2yy0fqhe7zdmzsb1zyh58	2642376	Moira	54.48021	-6.22822	4098	PPL
plc_01m0n2yy0fqhe7zdmzsdxc9xbc	2642377	Moira	52.73698	-1.53496	2458	PPL
plc_01m0n2yy0fqhe7zdmzsgawxmeq	2642384	Moffat	55.33527	-3.44142	2550	PPL
plc_01m0n2yy0fqhe7zdmzsm3vxsay	2642391	Moelfre	53.35228	-4.23734	710	PPLA3
plc_01m0n2yy0fqhe7zdmzsqeh89eh	2642395	Modbury	50.34957	-3.88684	1372	PPL
plc_01m0n2yy0fqhe7zdmzstkfvzsh	2642404	Mobberley	53.31667	-2.31667	2034	PPLA3
plc_01m0n2yy0fqhe7zdmzsxh7d74p	2642412	Mitcheldean	51.8644	-2.4895	2783	PPL
plc_01m0n2yy0fqhe7zdmzsxhq6ax5	2642414	Mitcham	51.40322	-0.16831	63393	PPL
plc_01m0n2yy0fqhe7zdmzt1983cgh	2642416	Mistley	51.94331	1.08254	1696	PPL
plc_01m0n2yy0fqhe7zdmzt461a4k8	2642417	Misterton	53.44492	-0.85032	1862	PPL
plc_01m0n2yy0fqhe7zdmzt488c5d2	2642419	Misson	53.44763	-0.96639	745	PPL
plc_01m0n2yy0fqhe7zdmzt73577wd	2642423	Mirfield	53.67343	-1.69636	18800	PPLA3
plc_01m0n2yy0fqhe7zdmzt7gdb0dt	2642430	Mintlaw	57.52414	-2.00099	2720	PPL
plc_01m0n2yy0fqhe7zdmzt8dxdqte	2642432	Minster Lovell	51.79274	-1.5483	1236	PPL
plc_01m0n2yy0fqhe7zdmztbwpd25r	2642433	Minsterley	52.63989	-2.92807	1532	PPL
plc_01m0n2yy0fqhe7zdmzteeb2qap	2642448	Minety	51.61667	-1.95	854	PPLA3
plc_01m0n2yy0fqhe7zdmztj7v4k5w	2642450	Minehead	51.20452	-3.48284	11757	PPL
plc_01m0n2yy0fqhe7zdmztm3g869r	2642452	Minchinhampton	51.70675	-2.18502	2500	PPL
plc_01m0n2yy0fqhe7zdmztpz3ztgc	2642457	Milverton	51.02333	-3.25222	1112	PPL
plc_01m0n2yy0fqhe7zdmztqagbw97	2642465	Milton Keynes	52.04172	-0.75583	256385	PPLA2
plc_01m0n2yy0fqhe7zdmztsn54wmv	2642467	Milton Ernest	52.19302	-0.5114	761	PPL
plc_01m0n2yy0fqhe7zdmztsntz6g8	2642473	Milton	57.33949	-4.50457	945	PPL
plc_01m0n2yy0fqhe7zdmztt7z536f	2642482	Milnthorpe	54.22785	-2.76939	2199	PPL
plc_01m0n2yy0fqhe7zdmzty46hgyn	2642483	Milnrow	53.61115	-2.11266	9227	PPL
plc_01m0n2yy0fqhe7zdmztykbqnm4	2642484	Milngavie	55.94071	-4.32311	12840	PPL
plc_01m0n2yy0fqhe7zdmztzmqw3pf	2642486	Milnathort	56.22688	-3.4193	1910	PPL
plc_01m0n2yy0fqhe7zdmzv3jgm0ng	2642497	Milltimber	57.10424	-2.24099	2660	PPL
plc_01m0n2yy0fqhe7zdmzv4h1kacz	2642503	Millport	55.75348	-4.92559	1280	PPL
plc_01m0n2yy0fqhe7zdmzv7ybqmmb	2642505	Millom	54.21072	-3.272	5980	PPL
plc_01m0n2yy0fqhe7zdmzvbct4mhr	2642511	Millisle	54.60638	-5.52973	1914	PPL
plc_01m0n2yy0fqhe7zdmzvef5fnk9	2642533	Milford on Sea	50.72561	-1.59004	4348	PPL
plc_01m0n2yy0fqhe7zdmzvgxatysq	2642534	Milford Haven	51.71278	-5.0341	13582	PPL
plc_01m0n2yy0fqhe7zdmzvk50e5hc	2642537	Milford	51.17272	-0.65042	6220	PPL
plc_01m0n2yy0fqhe7zdmzvkbs3hjj	2642540	Mileham	52.73748	0.8326	563	PPL
plc_01m0n2yy0fqhe7zdmzvpqdcytk	2642543	Mildenhall	52.34446	0.51086	14382	PPL
plc_01m0n2yy0fqhe7zdmzvq9w7qja	2642548	Milborne St Andrew	50.77829	-2.28114	1062	PPL
plc_01m0n2yy0fqhe7zdmzvqgzg8zy	2642549	Milborne Port	50.96605	-2.46248	2802	PPLA4
plc_01m0n2yy0fqhe7zdmzvqws34j0	2642557	Midsomer Norton	51.28567	-2.48591	13000	PPL
plc_01m0n2yy0fqhe7zdmzvr0qkwxh	2642567	Midhurst	50.98559	-0.74003	6514	PPL
plc_01m0n2yy0fqhe7zdmzvrhyk126	2642571	Middlezoy	51.09083	-2.89278	725	PPL
plc_01m0n2yy0fqhe7zdmzvtcm39dc	2642572	Middle Winterslow	51.09346	-1.65453	1579	PPL
plc_01m0n2yy0fqhe7zdmzvw51hdwv	2642573	Middlewich	53.19296	-2.44402	13595	PPL
plc_01m0n2yy0fqhe7zdmzvw8ecs5b	2642579	Middleton Tyas	54.44745	-1.64975	581	PPL
plc_01m0n2yy0fqhe7zdmzvzmyhte5	2642581	Middleton on the Wolds	53.93349	-0.5609	825	PPL
plc_01m0n2yy0fqhe7zdmzw2sjkhst	2642586	Middleton in Teesdale	54.62507	-2.08234	934	PPL
plc_01m0n2yy0fqhe7zdmzw2wk42bs	2642593	Middleton	53.55	-2.2	45589	PPL
plc_01m0n2yy0fqhe7zdmzw5xbgx24	2642603	Middlestown	53.65079	-1.59762	2402	PPL
plc_01m0n2yy0fqhe7zdmzw8hgtdfb	2642607	Middlesbrough	54.57623	-1.23483	142707	PPLA2
plc_01m0n2yy0fqhe7zdmzwby9eyvx	2642608	Middle Rasen	53.38722	-0.36202	1174	PPL
plc_01m0n2yy0fqhe7zdmzwekazr2k	2642615	Middleham	54.28592	-1.80838	825	PPL
plc_01m0n2yy0fqhe7zdmzwgk74nw7	2642632	Mid Calder	55.89261	-3.48002	3460	PPL
plc_01m0n2yy0fqhe7zdmzwhzes4ss	2642637	Mickle Trafford	53.22146	-2.83225	1822	PPL
plc_01m0n2yy0fqhe7zdmzwme080a0	2642639	Mickleton	52.09152	-1.76623	1554	PPL
plc_01m0n2yy0fqhe7zdmzwq3sz26v	2642642	Mickleham	51.26549	-0.32719	585	PPLA4
plc_01m0n2yy0fqhe7zdmzwqeqzvnq	2642648	Michelmersh	51.03227	-1.50496	881	PPL
plc_01m0n2yy0fqhe7zdmzwqk4jq55	2642683	Mexborough	53.49389	-1.29243	15079	PPL
plc_01m0n2yy0fqhe7zdmzwtwv74kn	2642687	Mevagissey	50.27324	-4.79166	2117	PPL
plc_01m0n2yy0fqhe7zdmzwx1cnaje	2642689	Methwold	52.52332	0.55402	914	PPL
plc_01m0n2yy0fqhe7zdmzx00vj8cg	2642691	Methven	56.41737	-3.57832	1200	PPL
plc_01m0n2yy0fqhe7zdmzx0ckkm1b	2642693	Methley	53.72887	-1.40318	1184	PPL
plc_01m0n2yy0fqhe7zdmzx0mw7hbd	2642694	Methil	56.18543	-3.02157	10890	PPL
plc_01m0n2yy0fqhe7zdmzx1msdtn8	2642695	Metheringham	53.14015	-0.40368	3605	PPL
plc_01m0n2yy0fqhe7zdmzx3mzhxye	2642697	Messingham	53.52828	-0.65385	3496	PPL
plc_01m0n2yy0fqhe7zdmzx4xc3zn3	2642704	Merton	50.88333	-4.1	740	PPL
plc_01m0n2yy0fqhe7zdmzx6kaavc6	2642705	Merthyr Tydfil	51.74794	-3.37779	43820	PPLA2
plc_01m0n2yy0fqhe7zdmzx9157vb2	2642711	Merstham	51.25969	-0.15728	8123	PPL
plc_01m0n2yy0fqhe7zdmzxava811n	2642712	Mersham	51.1192	0.93307	806	PPL
plc_01m0n2yy0fqhe7zdmzxcqsm3yy	2642720	Merrow	51.24552	-0.53136	8036	PPLX
plc_01m0n2yy0fqhe7zdmzxfn2dm96	2642727	Meriden	52.4377	-1.64366	1753	PPLA3
plc_01m0n2yy0fqhe7zdmzxj434qc0	2642730	Mere	51.08889	-2.26694	2686	PPLA3
plc_01m0n2yy0fqhe7zdmzxj7ct12p	2642731	Meppershall	52.01713	-0.33991	1745	PPLA3
plc_01m0n2yy0fqhe7zdmzxjrb3qyp	2642732	Mepal	52.40425	0.11514	982	PPL
plc_01m0n2yy0fqhe7zdmzxmyv297x	2642733	Meopham	51.36844	0.36007	4361	PPL
plc_01m0n2yy0fqhe7zdmzxrnbjsws	2642734	Meonstoke	50.97751	-1.1276	833	PPL
plc_01m0n2yy0fqhe7zdmzxs55rdcf	2642743	Menston	53.89041	-1.74395	4764	PPL
plc_01m0n2yy0fqhe7zdmzxvyh4063	2642749	Menheniot	50.44006	-4.41194	782	PPL
plc_01m0n2yy0fqhe7zdmzxz9jqp4e	2642750	Mendlesham	52.25014	1.0813	884	PPL
plc_01m0n2yy0fqhe7zdmzy0wk78gf	2642755	Menai Bridge	53.22775	-4.16926	3376	PPL
plc_01m0n2yy0fqhe7zdmzy3b8xmr3	2642763	Melton Mowbray	52.76588	-0.88693	27737	PPL
plc_01m0n2yy0fqhe7zdmzy4639yrb	2642766	Meltham	53.59305	-1.84861	7836	PPLA3
plc_01m0n2yy0fqhe7zdmzy81mq8t7	2642767	Melsonby	54.47253	-1.69481	735	PPL
plc_01m0n2yy0fqhe7zdmzy948j4x0	2642769	Melrose	55.59969	-2.7277	2500	PPL
plc_01m0n2yy0fqhe7zdmzycreb2g2	2642776	Mells	51.24	-2.39139	638	PPL
plc_01m0n2yy0fqhe7zdmzyct28y1j	2642780	Mellis	52.32954	1.07979	519	PPL
plc_01m0n2yy0fqhe7zdmzydb73x7y	2642786	Melksham	51.37281	-2.14002	19357	PPL
plc_01m0n2yy0fqhe7zdmzyefkmpz3	2642792	Meldreth	52.09396	0.00807	1783	PPL
plc_01m0n2yy0fqhe7zdmzyfp2b3ga	2642800	Melbourne	53.88755	-0.85925	793	PPLA3
plc_01m0n2yy0fqhe7zdmzyk2smj13	2642801	Melbourne	52.8219	-1.42522	4404	PPL
plc_01m0n2yy0fqhe7zdmzym3shjkf	2642802	Melbourn	52.08128	0.01514	4689	PPL
plc_01m0n2yy0fqhe7zdmzym87mh83	2642814	Meikle Earnock	55.75	-4.03333	54480	PPL
plc_01m0n2yy0fqhe7zdmzynnbhxrg	2642843	Measham	52.70644	-1.50637	5209	PPL
plc_01m0n2yy0fqhe7zdmzysfqz1c2	2642874	Mayland	51.68033	0.76715	3724	PPL
plc_01m0n2yy0fqhe7zdmzyx30chre	2642876	Mayfield	53	-1.76667	1125	PPL
plc_01m0n2yy0fqhe7zdmzyxcz42h0	2642882	Maybole	55.35503	-4.68026	4750	PPL
plc_01m0n2yy0fqhe7zdmzyyqddvqf	2642902	Maulden	52.03063	-0.46975	2357	PPLA3
plc_01m0n2yy0fqhe7zdmzyzgvvwmq	2642903	Maud	57.52165	-2.1257	870	PPL
plc_01m0n2yy0fqhe7zdmzz26zqjck	2642904	Mauchline	55.51604	-4.37928	4130	PPL
plc_01m0n2yy0fqhe7zdmzz4pc0815	2642905	Mattishall	52.65905	1.0325	2315	PPL
plc_01m0n2yy0fqhe7zdmzz54mvs47	2642910	Matlock	53.13838	-1.5556	14956	PPLA2
plc_01m0n2yy0fqhe7zdmzz8p6671m	2642921	Masham	54.2227	-1.65718	1205	PPL
plc_01m0n2yy0fqhe7zdmzz9ng8ajq	2642927	Maryport	54.71434	-3.49509	9555	PPL
plc_01m0n2yy0fqhe7zdmzzapt3m8z	2642947	Martock	50.97361	-2.76684	4522	PPL
plc_01m0n2yy0fqhe7zdmzzbpyy6xk	2642956	Martin	53.12499	-0.32719	684	PPL
plc_01m0n2yy0fqhe7zdmzzewg8h59	2642959	Martham	52.70464	1.63636	3405	PPL
plc_01m0n2yy0fqhe7zdmzzgfjv6zs	2642961	Marsworth	51.82246	-0.66613	741	PPL
plc_01m0n2yy0fqhe7zdmzzj7n25xm	2642963	Marston Moretaine	52.0641	-0.54932	3850	PPLA3
plc_01m0n2yy0fqhe7zdmzzjf6ek5n	2642967	Marston Magna	51	-2.58333	523	PPL
plc_01m0n2yy0fqhe7zdmzzkkfa06j	2642972	Marston	51.78051	-1.24485	3348	PPL
plc_01m0n2yy0fqhe7zdmzzm85nx4j	2642974	Marske-by-the-Sea	54.59147	-1.01959	8282	PPL
plc_01m0n2yy0fqhe7zdmzznazyggk	2642979	Marsh Gibbon	51.90265	-1.06115	969	PPL
plc_01m0n2yy0fqhe7zdmzzrtq1w9k	2642980	Marshfield	51.53389	-3.07306	3054	PPLA3
plc_01m0n2yy0fqhe7zdmzzs609awh	2642981	Marshfield	51.46194	-2.32	1441	PPLA3
plc_01m0n2yy0fqhe7zdmzzvdgdsx1	2642986	Marsham	52.76881	1.2533	521	PPL
plc_01m0n2yy0fqhe7zdmzzy29s9e9	2642992	Marsden	53.6	-1.91667	3889	PPL
plc_01m0n2yy0fqhe7zdmzzzttcdh4	2642999	Marple	53.39452	-2.06292	12970	PPL
plc_01m0n2yy0fqhe7zdn001w4akcp	2643001	Marnhull	50.97045	-2.31327	1483	PPL
plc_01m0n2yy0fqhe7zdn005kbd4ek	2643003	Marlow	51.56933	-0.77415	18261	PPL
plc_01m0n2yy0fqhe7zdn0062962vx	2643009	Marldon	50.45512	-3.59678	1838	PPL
plc_01m0n2yy0fqhe7zdn0066qhcs5	2643010	Marlborough	51.42027	-1.72949	8395	PPLA3
plc_01m0n2yy0fqhe7zdn0090w8d2r	2643011	Markyate	51.83846	-0.46345	2912	PPL
plc_01m0n2yy0fqhe7zdn00apcgzte	2643012	Marks Tey	51.87628	0.76424	3679	PPL
plc_01m0n2yy0fqhe7zdn00bjsftw7	2643016	Markinch	56.20214	-3.13517	2430	PPL
plc_01m0n2yy0fqhe7zdn00edvgfjv	2643019	Markfield	52.68747	-1.27476	4993	PPL
plc_01m0n2yy0fqhe7zdn00h46kjrt	2643021	Market Weighton	53.8631	-0.66505	6429	PPL
plc_01m0n2yy0fqhe7zdn00jwamv43	2643022	Market Warsop	53.20516	-1.15257	9018	PPL
plc_01m0n2yy0fqhe7zdn00p073s4t	2643023	Market Rasen	53.38764	-0.33781	4773	PPL
plc_01m0n2yy0fqhe7zdn00p8bmpqx	2643024	Market Overton	52.73806	-0.6863	584	PPLA3
plc_01m0n2yy0fqhe7zdn00ph9e8g5	2643025	Market Lavington	51.28756	-1.97729	2482	PPL
plc_01m0n2yy0fqhe7zdn00sxa7m70	2643027	Market Harborough	52.4776	-0.92053	24779	PPL
plc_01m0n2yy0fqhe7zdn00vts0cbh	2643028	Market Drayton	52.90538	-2.49012	11773	PPLA3
plc_01m0n2yy0fqhe7zdn00z1jes2z	2643029	Market Deeping	52.67654	-0.31629	13574	PPL
plc_01m0n2yy0fqhe7zdn00zbr8ec8	2643030	Market Bosworth	52.62428	-1.40174	2097	PPL
plc_01m0n2yy0fqhe7zdn010zx9ngy	2643035	Mark	51.22699	-2.89014	741	PPL
plc_01m0n2yy0fqhe7zdn0142czmj4	2643040	Marhamchurch	50.80513	-4.52241	658	PPL
plc_01m0n2yy0fqhe7zdn016e62a8a	2643041	Marham	52.65921	0.52159	733	PPL
plc_01m0n2yy0fqhe7zdn017pgs4yx	2643044	Margate	51.38132	1.38617	63322	PPL
plc_01m0n2yy0fqhe7zdn01a9hfg9c	2643045	Margaretting	51.69001	0.41499	527	PPL
plc_01m0n2yy0fqhe7zdn01dgkj7hf	2643054	Mareham le Fen	53.13184	-0.09005	944	PPL
plc_01m0n2yy0fqhe7zdn01fdwbptt	2643060	Marden	51.17482	0.48855	2466	PPL
plc_01m0n2yy0fqhe7zdn01g4ew2w1	2643064	Marchwood	50.88966	-1.4544	6141	PPL
plc_01m0n2yy0fqhe7zdn01k68zxq1	2643065	Marchwiel	53.0239	-2.96106	1092	PPL
plc_01m0n2yy0fqhe7zdn01mgd1j6v	2643068	Marchington	52.87545	-1.80244	615	PPL
plc_01m0n2yy0fqhe7zdn01r7zjqj7	2643070	Marcham	51.66755	-1.34295	1740	PPL
plc_01m0n2yy0fqhe7zdn01w2hnex6	2643071	March	52.55131	0.08828	21051	PPL
plc_01m0n2yy0fqhe7zdn01zpeb1sk	2643076	Marazion	50.12556	-5.47505	1326	PPL
plc_01m0n2yy0fqhe7zdn022pm5dcg	2643088	Manuden	51.91891	0.1672	677	PPL
plc_01m0n2yy0fqhe7zdn022wgw3cy	2643095	Manston	50.95	-2.26667	5261	PPL
plc_01m0n2yy0fqhe7zdn026hrsbk8	2643096	Mansfield Woodhouse	53.16495	-1.19384	18330	PPL
plc_01m0n2yy0fqhe7zdn028a5mx26	2643097	Mansfield	53.13333	-1.2	171958	PPL
plc_01m0n2yy0fqhe7zdn02at01r2v	2643107	Manningtree	51.94538	1.06112	5696	PPL
plc_01m0n2yy0fqhe7zdn02dph3b8h	2643116	Mangotsfield	51.4878	-2.50403	36427	PPL
plc_01m0n2yy0fqhe7zdn02fmns7jf	2643121	Manea	52.48487	0.1793	2088	PPL
plc_01m0n2yy0fqhe7zdn02h673wjd	2643123	Manchester	53.48095	-2.23743	568996	PPLA2
plc_01m0n2yy0fqhe7zdn02hk6vv18	2643125	Manby	53.36291	0.09653	1479	PPL
plc_01m0n2yy0fqhe7zdn02mghpgh6	2643142	Malton	54.13695	-0.7996	5135	PPLA4
plc_01m0n2yy0fqhe7zdn02pzt3x88	2643144	Maltby	53.41667	-1.2	17513	PPLA3
plc_01m0n2yy0fqhe7zdn02qze93xm	2643145	Malpas	53.01667	-2.76667	1321	PPLA3
plc_01m0n2yy0fqhe7zdn02v87744f	2643146	Malmesbury	51.58175	-2.09708	6318	PPL
plc_01m0n2yy0fqhe7zdn02w09j942	2643156	Mallaig	57.00293	-5.83082	780	PPL
plc_01m0n2yy0fqhe7zdn02xf8wyp8	2643160	Maldon	51.7311	0.67463	23380	PPL
plc_01m0n2yy0fqhe7zdn031dx5nv5	2643164	Malborough	50.2432	-3.8114	819	PPL
plc_01m0n2yy0fqhe7zdn032kk4380	2643179	Maidstone	51.26667	0.51667	107627	PPLA2
plc_01m0n2yy0fqhe7zdn03367m8xa	2643183	Maidens	55.33333	-4.81667	530	PPL
plc_01m0n2yy0fqhe7zdn03704f8t0	2643185	Maiden Newton	50.77909	-2.57226	1268	PPL
plc_01m0n2yy0fqhe7zdn0382r9gcs	2643186	Maidenhead	51.52279	-0.71986	70374	PPLA2
plc_01m0n2yy0fqhe7zdn03a5g35nz	2643196	Magor	51.57944	-2.83139	5941	PPL
plc_01m0n2yy0fqhe7zdn03cm3b9kp	2643198	Maghull	53.51619	-2.94117	26997	PPL
plc_01m0n2yy0fqhe7zdn03eq36s7q	2643205	Magheralin	54.46695	-6.2598	1172	PPL
plc_01m0n2yy0fqhe7zdn03g7gr8n0	2643208	Magherafelt	54.75356	-6.60656	9157	PPLA2
plc_01m0n2yy0fqhe7zdn03m4xshaa	2643211	Maghera	54.8439	-6.67145	4085	PPL
plc_01m0n2yy0fqhe7zdn03qr7rbzf	2643218	Maesteg	51.60926	-3.65823	21001	PPL
plc_01m0n2yy0fqhe7zdn03rs0m2q9	2643227	Maenclochog	51.91183	-4.78754	731	PPL
plc_01m0n2yy0fqhe7zdn03ses7bhx	2643228	Madron	50.13266	-5.56484	626	PPL
plc_01m0n2yy0fqhe7zdn03xe8wed5	2643230	Madley	52.04555	-2.85091	712	PPLA4
plc_01m0n2yy0fqhe7zdn040n3z3qg	2643234	Madeley	53	-2.33333	3893	PPL
plc_01m0n2yy0fqhe7zdn0431nw3ra	2643247	Macmerry	55.94045	-2.90503	1350	PPL
plc_01m0n2yy0fqhe7zdn0445xbpa8	2643251	Machynlleth	52.58965	-3.85308	2235	PPL
plc_01m0n2yy0fqhe7zdn045qznq57	2643259	Machen	51.59599	-3.1419	2362	PPL
plc_01m0n2yy0fqhe7zdn048rpa7e1	2643262	Macduff	57.67012	-2.49686	4030	PPL
plc_01m0n2yy0fqhe7zdn04bpff69r	2643266	Macclesfield	53.26023	-2.12564	54345	PPL
plc_01m0n2yy0fqhe7zdn04emv4kg3	2643269	Mablethorpe	53.3409	0.26102	12531	PPL
plc_01m0n2yy0fqhe7zdn04er720sn	2643276	Lytchett Matravers	50.75826	-2.07806	3315	PPL
plc_01m0n2yy0fqhe7zdn04ffcs6jf	2643281	Lyonshall	52.19802	-2.97467	521	PPL
plc_01m0n2yy0fqhe7zdn04k19b7ms	2643285	Lynton	51.22968	-3.84131	1157	PPL
plc_01m0n2yy0fqhe7zdn04q0w788k	2643286	Lynsted	51.31224	0.78638	619	PPL
plc_01m0n2yy0fqhe7zdn04qtpj0d3	2643293	Lyng	52.71667	1.06667	807	PPL
plc_01m0n2yy0fqhe7zdn04qzq6d99	2643298	Lyneham	51.51667	-1.96667	5437	PPL
plc_01m0n2yy0fqhe7zdn04sw2xfdz	2643304	Lyndhurst	50.87259	-1.57662	2347	PPL
plc_01m0n2yy0fqhe7zdn04w79zb8q	2643306	Lympstone	50.64751	-3.43162	1763	PPL
plc_01m0n2yy0fqhe7zdn04yh5qxs1	2643307	Lympsham	51.28389	-2.95417	618	PPL
plc_01m0n2yy0fqhe7zdn050zyemmh	2643308	Lympne	51.07773	1.02808	1704	PPL
plc_01m0n2yy0fqhe7zdn052as63ws	2643309	Lymm	53.38105	-2.47763	11608	PPLA3
plc_01m0n2yy0fqhe7zdn05694kbw0	2643312	Lymington	50.75916	-1.53828	14858	PPL
plc_01m0n2yy0fqhe7zdn056mtx8m1	2643313	Lyminge	51.12951	1.08896	1948	PPL
plc_01m0n2yy0fqhe7zdn057yzfzde	2643314	Lyme Regis	50.72654	-2.93477	4712	PPL
plc_01m0n2yy0fqhe7zdn058fdxp6g	2643318	Lydney	51.72598	-2.52605	8776	PPL
plc_01m0n2yy0fqhe7zdn058tp2trh	2643322	Lydiard Millicent	51.57117	-1.86346	1029	PPL
plc_01m0n2yy0fqhe7zdn05ccsrg81	2643326	Lydden	51.16304	1.23536	673	PPL
plc_01m0n2yy0fqhe7zdn05ef22v4z	2643327	Lydd	50.95132	0.90654	3889	PPL
plc_01m0n2yy0fqhe7zdn05jd4db9n	2643329	Lydbrook	51.83763	-2.57818	1894	PPL
plc_01m0n2yy0fqhe7zdn05ka9rwg3	2643335	Lutton	52.80837	0.12497	779	PPL
plc_01m0n2yy0fqhe7zdn05kge9129	2643337	Lutterworth	52.45634	-1.20218	9907	PPL
plc_01m0n2yy0fqhe7zdn05q5krk68	2643339	Luton	51.87967	-0.41748	225262	PPLA2
plc_01m0n2yy0fqhe7zdn05qnar3a9	2643343	Luston	52.26402	-2.75406	541	PPL
plc_01m0n2yy0fqhe7zdn05szphgbh	2643385	Lundin Links	56.21399	-2.95173	2124	PPL
plc_01m0n2yy0fqhe7zdn05x910cp9	2643391	Luncarty	56.45308	-3.47007	1680	PPL
plc_01m0n2yy0fqhe7zdn05yt8h3zx	2643398	Lumphanan	57.12655	-2.68839	550	PPL
plc_01m0n2yy0fqhe7zdn05ywb3k87	2643411	Lugwardine	52.06583	-2.6578	1913	PPL
plc_01m0n2yy0fqhe7zdn05zcns57b	2643425	Ludlow	52.37431	-2.71311	10515	PPL
plc_01m0n2yy0fqhe7zdn0632bfm69	2643426	Ludham	52.70991	1.53603	979	PPL
plc_01m0n2yy0fqhe7zdn0653h2ad2	2643429	Ludgershall	51.25558	-1.6222	4427	PPL
plc_01m0n2yy0fqhe7zdn0658sgkzn	2643437	Luddenden Foot	53.71873	-1.94582	2190	PPL
plc_01m0n2yy0fqhe7zdn065fvmgpt	2643443	Luckington	51.55444	-2.24222	630	PPLA3
plc_01m0n2yy0fqhe7zdn066ndqsy4	2643451	Lubenham	52.4799	-0.96438	781	PPL
plc_01m0n2yy0fqhe7zdn066xqx3wg	2643461	Loxwood	51.07781	-0.51872	956	PPL
plc_01m0n2yy0fqhe7zdn06ab5rqa6	2643488	Low Etherley	54.65349	-1.74315	1929	PPL
plc_01m0n2yy0fqhe7zdn06c7fkscf	2643490	Lowestoft	52.47523	1.75167	71327	PPL
plc_01m0n2yy0fqhe7zdn06cjgtt08	2643512	Lower Kingswood	51.26968	-0.2123	1760	PPL
plc_01m0n2yy0fqhe7zdn06cshbq6g	2643519	Lower Halstow	51.37395	0.66819	1180	PPL
plc_01m0n2yy0fqhe7zdn06e1xbd4j	2643534	Lower Brailes	52.05034	-1.54176	1027	PPL
plc_01m0n2yy0fqhe7zdn06g3drv46	2643543	Lowdham	53.01205	-1.00483	2234	PPL
plc_01m0n2yy0fqhe7zdn06j8prmse	2643545	Lowca	54.58072	-3.56987	888	PPL
plc_01m0n2yy0fqhe7zdn06kbnwhpc	2643546	Low Bradley	53.93217	-1.99646	1244	PPL
plc_01m0n2yy0fqhe7zdn06nx4adcp	2643548	Low Ackworth	53.65023	-1.32334	1500	PPL
plc_01m0n2yy0fqhe7zdn06qjj3a1g	2643553	Louth	53.36664	-0.00438	17382	PPL
plc_01m0n2yy0fqhe7zdn06t6es0b5	2643556	Loughton	52.43333	-2.56667	33346	PPL
plc_01m0n2yy0fqhe7zdn06wa47bz9	2643567	Loughborough	52.76667	-1.2	64884	PPL
plc_01m0n2yy0fqhe7zdn06z1pj3wc	2643570	Loudwater	51.61073	-0.70153	4170	PPL
plc_01m0n2yy0fqhe7zdn07179c10y	2643583	Lostwithiel	50.40784	-4.67023	2659	PPL
plc_01m0n2yy0fqhe7zdn072ntg7e1	2643587	Lossiemouth	57.72136	-3.28341	6840	PPL
plc_01m0n2yy0fqhe7zdn075488tqt	2643611	Longworth	51.69139	-1.43754	566	PPL
plc_01m0n2yy0fqhe7zdn077ceamx8	2643613	Long Wittenham	51.64098	-1.21184	876	PPL
plc_01m0n2yy0fqhe7zdn079qpv51g	2643614	Longwick	51.73607	-0.85676	1143	PPL
plc_01m0n2yy0fqhe7zdn07avj5899	2643615	Long Whatton	52.80577	-1.28506	1124	PPL
plc_01m0n2yy0fqhe7zdn07bcd3drh	2643617	Longtown	55.00925	-2.96722	3000	PPL
plc_01m0n2yy0fqhe7zdn07ed6a8b6	2643618	Longtown	51.95	-2.98333	2064	PPLA3
plc_01m0n2yy0fqhe7zdn07f9hgr7k	2643620	Longton	52.98333	-2.13333	27214	PPL
plc_01m0n2yy0fqhe7zdn07hw3hfzh	2643625	Long Sutton	51.21978	-0.94293	4633	PPL
plc_01m0n2yy0fqhe7zdn07j0817ga	2643628	Long Stratton	52.48803	1.23478	4434	PPL
plc_01m0n2yy0fqhe7zdn07mcaz936	2643634	Longstanton	52.28076	0.04558	2294	PPL
plc_01m0n2yy0fqhe7zdn07mpesj2t	2643636	Longside	57.51731	-1.93976	960	PPL
plc_01m0n2yy0fqhe7zdn07qg643ek	2643643	Long Riston	53.865	-0.28895	979	PPL
plc_01m0n2yy0fqhe7zdn07rd0fb7w	2643646	Longridge	53.83212	-2.59964	7526	PPL
plc_01m0n2yy0fqhe7zdn07vwr9v9r	2643647	Long Preston	54.01938	-2.25678	742	PPL
plc_01m0n2yy0fqhe7zdn07xba9k62	2643652	Longniddry	55.97543	-2.89593	2430	PPL
plc_01m0n2yy0fqhe7zdn080keydd7	2643661	Long Melford	52.07481	0.71639	2898	PPL
plc_01m0n2yy0fqhe7zdn083jat1r1	2643673	Long Lawford	52.38176	-1.30716	3007	PPL
plc_01m0n2yy0fqhe7zdn083qg0fn6	2643674	Long Itchington	52.28396	-1.39243	1683	PPL
plc_01m0n2yy0fqhe7zdn08494at5n	2643676	Longhoughton	55.43131	-1.61691	1383	PPL
plc_01m0n2yy0fqhe7zdn0884cx4w3	2643677	Longhorsley	55.24586	-1.76914	887	PPLA3
plc_01m0n2yy0fqhe7zdn08bhsshp4	2643678	Longhope	51.86667	-2.45	1092	PPL
plc_01m0n2yy0fqhe7zdn08d4nkmg5	2643688	Longframlington	55.30392	-1.79504	864	PPL
plc_01m0n2yy0fqhe7zdn08dvg6rc5	2643691	Longforgan	56.45732	-3.11437	1210	PPL
plc_01m0n2yy0fqhe7zdn08fekk7m5	2643696	Longfield	51.3969	0.30212	16808	PPL
plc_01m0n2yy0fqhe7zdn08kb6tevd	2643697	Long Eaton	52.89855	-1.27136	47898	PPL
plc_01m0n2yy0fqhe7zdn08pv9h69p	2643701	Long Ditton	51.38432	-0.32041	6343	PPL
plc_01m0n2yy0fqhe7zdn08pxggb0j	2643704	Longdendale	53.46667	-2	8873	PPL
plc_01m0n2yy0fqhe7zdn08sadrn11	2643705	Longcross	51.37746	-0.58923	943	PPL
plc_01m0n2yy0fqhe7zdn08vs08dja	2643707	Long Crendon	51.77294	-0.99684	2335	PPL
plc_01m0n2yy0fqhe7zdn08yv7pne3	2643711	Long Compton	51.99298	-1.58222	764	PPL
plc_01m0n2yy0fqhe7zdn091sw88ax	2643712	Long Clawson	52.83725	-0.9288	1066	PPL
plc_01m0n2yy0fqhe7zdn095fz2mn8	2643714	Long Buckby	52.3026	-1.08113	3759	PPL
plc_01m0n2yy0fqhe7zdn098gcx7y4	2643720	Long Bennington	52.99314	-0.75803	2018	PPL
plc_01m0n2yy0fqhe7zdn09bc29cyw	2643726	Long Ashton	51.42997	-2.66098	5254	PPL
plc_01m0n2yy0fqhe7zdn09by3809r	2643734	Londonderry County Borough	54.99721	-7.30917	87153	PPLX
plc_01m0n2yy0fqhe7zdn09fed4cqe	2643736	Derry	54.9981	-7.30934	83652	PPLA2
plc_01m0n2yy0fqhe7zdn09hsg06dk	2643738	London Colney	51.72453	-0.29646	9800	PPL
plc_01m0n2yy0fqhe7zdn09ke1zxn8	2643741	City of London	51.51279	-0.09184	8072	PPLA3
plc_01m0n2yy0fqhe7zdn09mp4d1pn	2643743	London	51.50853	-0.12574	8961989	PPLC
plc_01m0n2yy0fqhe7zdn09q72j0nz	2643773	Loftus	54.55543	-0.89459	4824	PPL
plc_01m0n2yy0fqhe7zdn09s5a8w77	2643776	Lofthouse	53.72947	-1.49697	23458	PPL
plc_01m0n2yy0fqhe7zdn09v1zdam9	2643783	Loddon	52.5327	1.48183	3552	PPL
plc_01m0n2yy0fqhe7zdn09x8rdxg9	2643784	Loddiswell	50.32267	-3.80024	777	PPL
plc_01m0n2yy0fqhe7zdn0a00ga63v	2643786	Loddington	52.39734	-0.80174	520	PPL
plc_01m0n2yy0fqhe7zdn0a1g05s3h	2643790	Locking	51.33327	-2.91387	1742	PPL
plc_01m0n2yy0fqhe7zdn0a4kvrfj5	2643791	Lockerbie	55.12302	-3.35635	4190	PPL
plc_01m0n2yy0fqhe7zdn0a51qgnff	2643797	Lochwinnoch	55.79521	-4.63034	2900	PPL
plc_01m0n2yy0fqhe7zdn0a76bs646	2643812	Lochmaben	55.13011	-3.44286	2100	PPL
plc_01m0n2yy0fqhe7zdn0a8ecjjcx	2643825	Lochgilphead	56.03796	-5.43206	2390	PPLA2
plc_01m0n2yy0fqhe7zdn0a8kyfgds	2643827	Lochgelly	56.12826	-3.30964	6586	PPL
plc_01m0n2yy0fqhe7zdn0a9091th6	2643853	Locharbriggs	55.10337	-3.58438	5960	PPL
plc_01m0n2yy0fqhe7zdn0acje06sw	2643861	Loans	55.5504	-4.6241	730	PPL
plc_01m0n2yy0fqhe7zdn0afmn6st7	2643862	Loanhead	55.87945	-3.15874	6350	PPL
plc_01m0n2yy0fqhe7zdn0aj0r7e7b	2643874	Llwynypia	51.63333	-3.45	2253	PPL
plc_01m0n2yy0fqhe7zdn0akfym4wt	2643875	Llwyngwril	52.66765	-4.08417	526	PPL
plc_01m0n2yy0fqhe7zdn0akq7jaf3	2643891	Llechryd	52.06774	-4.60807	875	PPL
plc_01m0n2yy0fqhe7zdn0akw1ydnd	2643895	Llanymynech	52.78086	-3.08875	887	PPL
plc_01m0n2yy0fqhe7zdn0amzstkhj	2643905	Llanwrtyd Wells	52.10659	-3.63924	630	PPL
plc_01m0n2yy0fqhe7zdn0apr9x7y6	2643933	Llantwit Major	51.4107	-3.48632	14384	PPL
plc_01m0n2yy0fqhe7zdn0art9tvzn	2643934	Llantwit Fardre	51.5546	-3.33241	3992	PPL
plc_01m0n2yy0fqhe7zdn0awk6wat7	2643937	Llantrisant	51.54028	-3.37389	14422	PPLA3
plc_01m0n2yy0fqhe7zdn0b041tmeh	2643951	Llansantffraid Glan Conwy	53.26667	-3.8	1862	PPL
plc_01m0n2yy0fqhe7zdn0b3c1vqpc	2643957	Llanrwst	53.14021	-3.79527	3323	PPL
plc_01m0n2yy0fqhe7zdn0b49kjenj	2643958	Llanrug	53.14788	-4.19596	1916	PPL
plc_01m0n2yy0fqhe7zdn0b5x0zenb	2643962	Llanrhystud	52.30589	-4.1447	646	PPL
plc_01m0n2yy0fqhe7zdn0b97mbwm3	2643965	Llanrhidian	51.60641	-4.16984	512	PPL
plc_01m0n2yy0fqhe7zdn0bckw90sg	2643971	Llan-non	52.2815	-4.17721	598	PPL
plc_01m0n2yy0fqhe7zdn0bf7bkb5v	2643973	Llannon	51.75519	-4.11752	869	PPL
plc_01m0n2yy0fqhe7zdn0bjkypq2p	2643988	Llanilar	52.35657	-4.02574	1085	PPL
plc_01m0n2yy0fqhe7zdn0bk4ef67t	2643990	Llanidloes	52.44977	-3.53997	2929	PPL
plc_01m0n2yy0fqhe7zdn0bny486qy	2643993	Llanharry	51.51422	-3.4324	3035	PPL
plc_01m0n2yy0fqhe7zdn0brpgyppv	2643994	Llanharan	51.53805	-3.43906	5755	PPL
plc_01m0n2yy0fqhe7zdn0bwbbxv8g	2644003	Llangynidr	51.8673	-3.22762	1036	PPL
plc_01m0n2yy0fqhe7zdn0bwvrqsza	2644021	Llangollen	52.96829	-3.17127	3466	PPLA3
plc_01m0n2yy0fqhe7zdn0bxjbk19b	2644022	Llangoed	53.2942	-4.08772	849	PPLA3
plc_01m0n2yy0fqhe7zdn0bz4ghqg3	2644034	Llangeler	52.02771	-4.3716	3427	PPL
plc_01m0n2yy0fqhe7zdn0c063n4pt	2644036	Llangeinor	51.57559	-3.56897	973	PPL
plc_01m0n2yy0fqhe7zdn0c34gwgv2	2644037	Llangefni	53.25561	-4.31063	4864	PPLA2
plc_01m0n2yy0fqhe7zdn0c6ecjs7v	2644041	Llangattock	51.85184	-3.14778	662	PPL
plc_01m0n2yy0fqhe7zdn0c8pbxmh5	2644053	Llanfyllin	52.7657	-3.27187	1105	PPLA3
plc_01m0n2yy0fqhe7zdn0c9hbqs87	2644074	Llanfechell	53.39193	-4.45605	589	PPL
plc_01m0n2yy0fqhe7zdn0cd5e48bj	2644080	Llanfairpwllgwyngyll	53.22141	-4.20329	2900	PPL
plc_01m0n2yy0fqhe7zdn0cfmw19hj	2644081	Llanfairfechan	53.25779	-3.97423	3637	PPL
plc_01m0n2yy0fqhe7zdn0cfy944zj	2644084	Llanfair Caereinion	52.6479	-3.32668	1055	PPL
plc_01m0n2yy0fqhe7zdn0cjsnwv8h	2644095	Llanerchymedd	53.33055	-4.377	1133	PPL
plc_01m0n2yy0fqhe7zdn0cp0q68n4	2644100	Llanelli	51.68195	-4.16191	49591	PPL
plc_01m0n2yy0fqhe7zdn0crtc5hp1	2644101	Llanellen	51.79302	-3.01231	506	PPL
plc_01m0n2yy0fqhe7zdn0ctqztqjn	2644107	Llandysul	52.04166	-4.30909	1484	PPL
plc_01m0n2yy0fqhe7zdn0cvr8fvbw	2644112	Llandyrnog	53.17505	-3.33646	747	PPL
plc_01m0n2yy0fqhe7zdn0cws7qcpn	2644115	Llandybie	51.82044	-4.0071	2813	PPL
plc_01m0n2yy0fqhe7zdn0cx3m8swc	2644120	Llandudno	53.32498	-3.83148	15371	PPLA3
plc_01m0n2yy0fqhe7zdn0cznktb2j	2644122	Llandrindod Wells	52.24164	-3.37868	5309	PPLA2
plc_01m0n2yy0fqhe7zdn0d00qtyjw	2644127	Llandovery	51.99415	-3.79637	1985	PPL
plc_01m0n2yy0fqhe7zdn0d17jevxr	2644129	Llandogo	51.73422	-2.68908	547	PPL
plc_01m0n2yy0fqhe7zdn0d32g8fb6	2644130	Llandissilio	51.85832	-4.729	513	PPL
plc_01m0n2yy0fqhe7zdn0d703kw9b	2644131	Llandinam	52.48496	-3.4369	576	PPL
plc_01m0n2yy0fqhe7zdn0daffq8z6	2644135	Llandeilo	51.88459	-3.99154	1795	PPL
plc_01m0n2yy0fqhe7zdn0dd3jxrkn	2644149	Llanddona	53.29259	-4.13654	691	PPL
plc_01m0n2yy0fqhe7zdn0ddzh33c6	2644160	Llandaff	51.49314	-3.2198	8776	PPLX
plc_01m0n2yy0fqhe7zdn0dfvqk88d	2644167	Llanbradach	51.60639	-3.23028	3746	PPL
plc_01m0n2yy0fqhe7zdn0dk7xgn5t	2644172	Llanberis	53.11809	-4.12923	1844	PPLA3
plc_01m0n2yy0fqhe7zdn0dpdgm454	2644175	Llanbedrog	52.85796	-4.48658	613	PPL
plc_01m0n2yy0fqhe7zdn0dsa5h86x	2644187	Llanarth	52.19424	-4.30811	503	PPLA3
plc_01m0n2yy0fqhe7zdn0dth2ce8m	2644202	Lizard	49.96875	-5.20533	906	PPL
plc_01m0n2yy0fqhe7zdn0dtjyc74x	2644204	Livingston	55.90288	-3.52261	56840	PPLA2
plc_01m0n2yy0fqhe7zdn0dwfdrmee	2644207	Liversedge	53.70514	-1.69327	19420	PPL
plc_01m0n2yy0fqhe7zdn0dyxhpv7v	2644210	Liverpool	53.41058	-2.97794	496770	PPLA2
plc_01m0n2yy0fqhe7zdn0e2e4db1k	2644214	Little Wymondley	51.93268	-0.23552	995	PPL
plc_01m0n2yy0fqhe7zdn0e3cajp80	2644224	Little Weighton	53.79021	-0.50679	1015	PPL
plc_01m0n2yy0fqhe7zdn0e579bgwf	2644230	Little Walsingham	52.89498	0.87376	613	PPL
plc_01m0n2yy0fqhe7zdn0e5fe556x	2644268	Littleport	52.45784	0.30603	7935	PPL
plc_01m0n2yy0fqhe7zdn0e95p3eb1	2644269	Little Plumstead	52.65822	1.41921	656	PPL
plc_01m0n2yy0fqhe7zdn0eccph5t3	2644271	Little Paxton	52.25045	-0.25801	3244	PPL
plc_01m0n2yy0fqhe7zdn0ed11v95g	2644291	Little Marlow	51.584	-0.74046	1500	PPL
plc_01m0n2yy0fqhe7zdn0efqthr77	2644299	Little Lever	53.56346	-2.37803	10100	PPL
plc_01m0n2yy0fqhe7zdn0ek8v9hd8	2644305	Little Hulton	53.53333	-2.41667	13469	PPL
plc_01m0n2yy0fqhe7zdn0epsrd4gr	2644319	Littlehampton	50.81137	-0.54078	58714	PPL
plc_01m0n2yy0fqhe7zdn0etqf27dz	2644329	Little Gaddesden	51.81013	-0.56187	627	PPL
plc_01m0n2yy0fqhe7zdn0ewvqrc60	2644333	Little Eaton	52.97028	-1.4595	2060	PPL
plc_01m0n2yy0fqhe7zdn0eymjec0g	2644334	Little Dunmow	51.86096	0.41478	2190	PPL
plc_01m0n2yy0fqhe7zdn0f2j0zdrt	2644350	Little Clacton	51.82557	1.14215	4590	PPL
plc_01m0n2yy0fqhe7zdn0f5c4zpwx	2644359	Littlebury	52.0345	0.20958	592	PPL
plc_01m0n2yy0fqhe7zdn0f81y9mqq	2644366	Littlebourne	51.27445	1.16687	1529	PPL
plc_01m0n2yy0fqhe7zdn0f9zkyf96	2644367	Littleborough	53.64413	-2.09581	13807	PPL
plc_01m0n2yy0fqhe7zdn0fcefqmnr	2644369	Little Bookham	51.2806	-0.39066	7996	PPL
plc_01m0n2yy0fqhe7zdn0fdvvzp8m	2644381	Little Amwell	51.78333	-0.03333	2606	PPL
plc_01m0n2yy0fqhe7zdn0fgexp461	2644382	Litlington	52.06719	-0.08845	877	PPL
plc_01m0n2yy0fqhe7zdn0fky7kdh5	2644386	Litherland	53.46993	-2.99809	22971	PPL
plc_01m0n2yy0fqhe7zdn0fqksg8e6	2644398	Liss	51.04277	-0.89238	6248	PPL
plc_01m0n2yy0fqhe7zdn0fsc1ykdn	2644400	Lisnaskea	54.25	-7.45	2895	PPL
plc_01m0n2yy0fqhe7zdn0ftwks67k	2644409	Liskeard	50.4545	-4.46517	9237	PPL
plc_01m0n2yy0fqhe7zdn0ftxe1rr4	2644411	Lisburn	54.52337	-6.03527	77506	PPLA2
plc_01m0n2yy0fqhe7zdn0fy5sy4dw	2644419	Liphook	51.07673	-0.8032	6480	PPL
plc_01m0n2yy0fqhe7zdn0g0tnh1nk	2644427	Linton upon Ouse	54.04639	-1.2492	1008	PPL
plc_01m0n2yy0fqhe7zdn0g12vwzqt	2644434	Linton	52.09783	0.27672	4525	PPLA4
plc_01m0n2yy0fqhe7zdn0g1gschwb	2644437	Linthwaite	53.62418	-1.85017	3835	PPL
plc_01m0n2yy0fqhe7zdn0g3qqeszx	2644444	Linlithgow	55.97639	-3.60364	12840	PPL
plc_01m0n2yy0fqhe7zdn0g57xjwta	2644451	Lingwood	52.62104	1.48616	2719	PPL
plc_01m0n2yy0fqhe7zdn0g8gpz36e	2644455	Lingfield	51.17719	-0.01558	3920	PPL
plc_01m0n2yy0fqhe7zdn0g9vcsvv2	2644457	Lingdale	54.53787	-0.95864	1423	PPL
plc_01m0n2yy0fqhe7zdn0gds708e5	2644483	Lindal in Furness	54.17321	-3.14956	755	PPL
plc_01m0n2yy0fqhe7zdn0gf9yywb5	2644484	Lindale	54.21716	-2.89601	579	PPL
plc_01m0n2yy0fqhe7zdn0gg8hnave	2644487	Lincoln	53.22683	-0.53792	103813	PPLA2
plc_01m0n2yy0fqhe7zdn0gknmj5a0	2644492	Limpley Stoke	51.34487	-2.31409	1092	PPL
plc_01m0n2yy0fqhe7zdn0gm890nvh	2644495	Limekilns	56.03336	-3.47713	1400	PPL
plc_01m0n2yy0fqhe7zdn0gn779523	2644497	Limehouse	51.51412	-0.03282	15986	PPLX
plc_01m0n2yy0fqhe7zdn0grzkrvkt	2644501	Limavady	55.05045	-6.95074	11279	PPL
plc_01m0n2yy0fqhe7zdn0gws2wy3c	2644509	Lilleshall	52.73418	-2.40316	942	PPL
plc_01m0n2yy0fqhe7zdn0h0jkyfda	2644516	Lifton	50.64356	-4.28216	1180	PPL
plc_01m0n2yy0fqhe7zdn0h4ezttsn	2644518	Liff	56.48552	-3.08532	940	PPL
plc_01m0n2yy0fqhe7zdn0h5yzgc3z	2644522	Lidlington	52.04154	-0.55914	1185	PPLA3
plc_01m0n2yy0fqhe7zdn0h7fvmjpv	2644531	Lichfield	52.68154	-1.82549	34738	PPL
plc_01m0n2yy0fqhe7zdn0hbejw6g5	2644540	Lhanbryde	57.63529	-3.21839	1970	PPL
plc_01m0n2yy0fqhe7zdn0hdjmwmrk	2644542	Leyton	51.55956	-0.00777	14184	PPL
plc_01m0n2yy0fqhe7zdn0hdkxh8vh	2644544	Leysdown-on-Sea	51.3973	0.92156	3019	PPL
plc_01m0n2yy0fqhe7zdn0hghk31qx	2644547	Leyland	53.69786	-2.68758	37614	PPL
plc_01m0n2yy0fqhe7zdn0hjq36hsn	2644548	Leyburn	54.31004	-1.83041	2183	PPL
plc_01m0n2yy0fqhe7zdn0hm278feb	2644559	Lewes	50.87398	0.0088	17297	PPLA2
plc_01m0n2yy0fqhe7zdn0hmtxtsgw	2644565	Leverstock Green	51.74818	-0.43263	9700	PPL
plc_01m0n2yy0fqhe7zdn0hq2bsvv1	2644569	Levens	54.26906	-2.78735	843	PPL
plc_01m0n2yy0fqhe7zdn0hrps5vs1	2644577	Leven	56.2	-3	8960	PPL
plc_01m0n2yy0fqhe7zdn0hvagx90f	2644578	Leven	53.89028	-0.31783	2433	PPLA3
plc_01m0n2yy0fqhe7zdn0hwfchdba	2644581	Leuchars	56.38174	-2.88253	2200	PPL
plc_01m0n2yy0fqhe7zdn0hymzg4z0	2644584	Letterston	51.92757	-4.99141	1245	PPL
plc_01m0n2yy0fqhe7zdn0j137qsj7	2644594	Letham	56.62683	-2.7706	1650	PPL
plc_01m0n2yy0fqhe7zdn0j34pprjk	2644595	Letcombe Regis	51.57675	-1.45174	578	PPL
plc_01m0n2yy0fqhe7zdn0j6w89svt	2644600	Lesmahagow	55.63668	-3.88736	4380	PPL
plc_01m0n2yy0fqhe7zdn0j7h09phe	2644603	Leslie	56.2	-3.21667	3050	PPL
plc_01m0n2yy0fqhe7zdn0jac1gydv	2644604	Lesbury	55.39832	-1.6283	1007	PPL
plc_01m0n2yy0fqhe7zdn0jaedrv38	2644605	Lerwick	60.15339	-1.14427	6760	PPLA2
plc_01m0n2yy0fqhe7zdn0jbxkz6aj	2644613	Leominster	52.22583	-2.74491	10938	PPL
plc_01m0n2yy0fqhe7zdn0jcvexsf9	2644622	Lennoxtown	55.97263	-4.20001	4060	PPL
plc_01m0n2yy0fqhe7zdn0jgga9vcj	2644624	Lenham	51.23705	0.71892	2197	PPL
plc_01m0n2yy0fqhe7zdn0jjtc8sf3	2644642	Leiston	52.20611	1.57757	6495	PPL
plc_01m0n2yy0fqhe7zdn0jk52392c	2644645	Leintwardine	52.36202	-2.87631	592	PPL
plc_01m0n2yy0fqhe7zdn0jnfttm1j	2644652	Leighton Buzzard	51.91722	-0.65802	42727	PPL
plc_01m0n2yy0fqhe7zdn0jq8y3v1m	2644660	Leigh	53.49642	-2.51973	43626	PPL
plc_01m0n2yy0fqhe7zdn0js9acdd5	2644668	Leicester	52.6386	-1.13169	368600	PPLA2
plc_01m0n2yy0fqhe7zdn0jw70xqda	2644673	Legbourne	53.33853	0.0526	644	PPL
plc_01m0n2yy0fqhe7zdn0jyytpsws	2644676	Leeswood	53.13347	-3.09466	2282	PPL
plc_01m0n2yy0fqhe7zdn0k0tfbcrh	2644679	Lees	53.53794	-2.07302	12630	PPL
plc_01m0n2yy0fqhe7zdn0k2fx2fe5	2644680	Lee-on-the-Solent	50.80169	-1.20174	7224	PPL
plc_01m0n2yy0fqhe7zdn0k5hhecr4	2644683	Leek Wootton	52.31782	-1.57933	1017	PPL
plc_01m0n2yy0fqhe7zdn0k7799w0y	2644684	Leek	53.10434	-2.02207	19385	PPL
plc_01m0n2yy0fqhe7zdn0kaykszg7	2644688	Leeds	53.79648	-1.54785	536280	PPLA2
plc_01m0n2yy0fqhe7zdn0kbh7m8my	2644698	Lee	51.7307	-0.70004	698	PPL
plc_01m0n2yy0fqhe7zdn0kdd3phjc	2644707	Ledbury	52.03639	-2.42635	8862	PPLA3
plc_01m0n2yy0fqhe7zdn0kgmpt3yd	2644710	Leconfield	53.8773	-0.45729	2127	PPL
plc_01m0n2yy0fqhe7zdn0kketsy9e	2644719	Lechlade	51.69403	-1.69128	2469	PPL
plc_01m0n2yy0fqhe7zdn0knw2hb5d	2644720	Leavesden Green	51.69482	-0.40718	8600	PPL
plc_01m0n2yy0fqhe7zdn0ksf68hwa	2644726	Leatherhead	51.29652	-0.3338	43544	PPL
plc_01m0n2yy0fqhe7zdn0kvzcm2k7	2644731	Leasingham	53.02573	-0.42606	1584	PPL
plc_01m0n2yy0fqhe7zdn0kyne4y5p	2644737	Royal Leamington Spa	52.2852	-1.52	50923	PPL
plc_01m0n2yy0fqhe7zdn0kz4m9xha	2644746	Leafield	51.83504	-1.54384	945	PPL
plc_01m0n2yy0fqhe7zdn0m0w8jtkv	2644767	Lea	51.57528	-2.06306	553	PPL
plc_01m0n2yy0fqhe7zdn0m441p5bg	2644768	Lazonby	54.74751	-2.70384	787	PPL
plc_01m0n2yy0fqhe7zdn0m6b4tr4f	2644771	Layer de la Haye	51.84593	0.85745	1656	PPL
plc_01m0n2yy0fqhe7zdn0ma8qvq9x	2644779	Laxfield	52.30206	1.36586	910	PPL
plc_01m0n2yy0fqhe7zdn0mcyqwwep	2644785	Lawshall	52.15509	0.72846	669	PPL
plc_01m0n2yy0fqhe7zdn0mfxghfca	2644787	Lawrencetown	54.37926	-6.30941	996	PPL
plc_01m0n2yy0fqhe7zdn0mjnnyes3	2644795	Law	55.75	-3.88333	3250	PPL
plc_01m0n2yy0fqhe7zdn0mnykwr4z	2644803	Lavenham	52.10861	0.79617	1413	PPL
plc_01m0n2yy0fqhe7zdn0mqfn2w9j	2644804	Lavendon	52.17279	-0.66109	1303	PPL
plc_01m0n2yy0fqhe7zdn0mt6j4gt1	2644809	Laurencekirk	56.83338	-2.4654	2920	PPL
plc_01m0n2yy0fqhe7zdn0mxj45hhy	2644811	Launceston	50.63699	-4.36006	8910	PPLA3
plc_01m0n2yy0fqhe7zdn0myhqz9sq	2644812	Laughton en le Morthen	53.38783	-1.22257	971	PPL
plc_01m0n2yy0fqhe7zdn0n0gb6es8	2644816	Laugharne	51.7714	-4.46253	817	PPL
plc_01m0n2yy0fqhe7zdn0n24e5gvc	2644818	Lauder	55.71908	-2.74755	1610	PPL
plc_01m0n2yy0fqhe7zdn0n3dnqk1w	2644829	Latchingdon and Snoreham	51.6716	0.72578	1182	PPL
plc_01m0n2yy0fqhe7zdn0n3drw6tv	2644849	Larne	54.85	-5.81667	18421	PPLA2
plc_01m0n2yy0fqhe7zdn0n5s8a482	2644852	Lark Hill	51.2	-1.81667	2358	PPL
plc_01m0n2yy0fqhe7zdn0n6gt7a2b	2644853	Larkhall	55.73333	-3.96667	15030	PPL
plc_01m0n2yy0fqhe7zdn0n886p6m2	2644860	Largs	55.79629	-4.86337	11030	PPL
plc_01m0n2yy0fqhe7zdn0n9qgr2vv	2644867	Larbert	56.02246	-3.82872	9530	PPL
plc_01m0n2yy0fqhe7zdn0nb8wj1g7	2644872	Lapford	50.85915	-3.80539	867	PPL
plc_01m0n2yy0fqhe7zdn0nc2sqhms	2644889	Lanivet	50.44351	-4.76443	989	PPL
plc_01m0n2yy0fqhe7zdn0neqc9tkh	2644892	Llangwm	51.74833	-4.91361	875	PPLA3
plc_01m0n2yy0fqhe7zdn0ng1sj231	2644896	Langwathby	54.69631	-2.66882	643	PPL
plc_01m0n2yy0fqhe7zdn0nhs2d2mm	2644905	Langtoft	52.69834	-0.3404	1967	PPL
plc_01m0n2yy0fqhe7zdn0nnp4svp2	2644914	Langport	51.03778	-2.82806	3063	PPL
plc_01m0n2yy0fqhe7zdn0npsd3gm9	2644917	Langley Park	54.79979	-1.67005	4545	PPL
plc_01m0n2yy0fqhe7zdn0nrfmn8s2	2644927	Langholm	55.15101	-2.99889	2250	PPL
plc_01m0n2yy0fqhe7zdn0nw95s3f7	2644929	Langho	53.80217	-2.45076	2015	PPL
plc_01m0n2yy0fqhe7zdn0nyyh8539	2644932	Langham	52.69152	-0.75385	1371	PPLA3
plc_01m0n2yy0fqhe7zdn0nzsyjm53	2644937	Langford	52.0546	-0.27165	3091	PPLA3
plc_01m0n2yy0fqhe7zdn0p207pe36	2644949	Langbank	55.92364	-4.59261	910	PPL
plc_01m0n2yy0fqhe7zdn0p3j43ch9	2644962	Landrake	50.42265	-4.29023	1115	PPL
plc_01m0n2yy0fqhe7zdn0p5dg8p6g	2644968	Lanchester	54.82108	-1.74256	3543	PPL
plc_01m0n2yy0fqhe7zdn0p5fpj8ds	2644972	Lancaster	54.04649	-2.79988	47162	PPL
plc_01m0n2yy0fqhe7zdn0p5gazqv2	2644976	Lanark	55.67371	-3.7817	8880	PPL
plc_01m0n2yy0fqhe7zdn0p8zg563h	2644979	Lamphey	51.6664	-4.87205	593	PPL
plc_01m0n2yy0fqhe7zdn0patnv2a5	2644981	Lampeter	52.11285	-4.08039	2970	PPL
plc_01m0n2yy0fqhe7zdn0pesrvhzx	2644984	Lamlash	55.53358	-5.12956	1030	PPL
plc_01m0n2yy0fqhe7zdn0phrd5qkv	2644988	Lamerton	50.5716	-4.18967	859	PPL
plc_01m0n2yy0fqhe7zdn0pk2dzhe1	2644993	Lambourn	51.50805	-1.53105	3071	PPL
plc_01m0n2yy0fqhe7zdn0pk59yfc5	2644996	Lambley	53.0017	-1.06314	857	PPL
plc_01m0n2yy0fqhe7zdn0pq2re8yp	2645005	Lamberhurst	51.1005	0.38967	1147	PPL
plc_01m0n2yy0fqhe7zdn0pq4hjbx5	2645020	Lakenheath	52.41755	0.52211	4369	PPL
plc_01m0n2yy0fqhe7zdn0pqj624qc	2645027	Lairg	58.02369	-4.39958	891	PPL
plc_01m0n2yy0fqhe7zdn0pvgzaz9w	2645064	Ladybank	56.27421	-3.1239	1530	PPL
plc_01m0n2yy0fqhe7zdn0px4c4sft	2645080	Laceby	53.54092	-0.1683	3259	PPL
plc_01m0n2yy0fqhe7zdn0pyyfrhx4	2645090	Kyle of Lochalsh	57.28387	-5.71117	650	PPL
plc_01m0n2yy0fqhe7zdn0q2nes7tk	2645093	Knutsford	53.30289	-2.37482	13191	PPL
plc_01m0n2yy0fqhe7zdn0q2ya5fa3	2645099	Knowle	52.38333	-1.73333	10823	PPL
plc_01m0n2yy0fqhe7zdn0q6bjdg3y	2645102	Knottingley	53.70778	-1.25639	13804	PPL
plc_01m0n2yy0fqhe7zdn0q77am996	2645155	Knighton	52.34251	-3.04708	3719	PPL
plc_01m0n2yy0fqhe7zdn0qa90pbk0	2645161	Knebworth	51.86674	-0.18394	4155	PPL
plc_01m0n2yy0fqhe7zdn0qdns4dwn	2645163	Knaresborough	54.0091	-1.46851	14740	PPL
plc_01m0n2yy0fqhe7zdn0qh0nqjhb	2645174	Kiveton Park	53.3412	-1.25498	8703	PPL
plc_01m0n2yy0fqhe7zdn0qk5455ky	2645176	Kislingbury	52.22976	-0.97914	1237	PPL
plc_01m0n2yy0fqhe7zdn0qmyy6ej6	2645180	Kirton in Lindsey	53.47548	-0.59566	2873	PPLA3
plc_01m0n2yy0fqhe7zdn0qn2qcbtv	2645181	Kirton	52.92774	-0.06008	3546	PPL
plc_01m0n2yy0fqhe7zdn0qrqhh66p	2645186	Kirtlington	51.87321	-1.27493	988	PPL
plc_01m0n2yy0fqhe7zdn0qstv6m5p	2645191	Kirriemuir	56.67398	-3.00343	6160	PPL
plc_01m0n2yy0fqhe7zdn0qx2z7103	2645198	Kirkwall	58.98479	-2.95873	7150	PPLA2
plc_01m0n2yy0fqhe7zdn0r038z9me	2645230	Kirk Smeaton	53.64433	-1.21785	688	PPL
plc_01m0n2yy0fqhe7zdn0r285jjtv	2645232	Kirk Sandall	53.56211	-1.06876	13572	PPL
plc_01m0n2yy0fqhe7zdn0r5aa7eky	2645241	Kirknewton	55.88754	-3.41898	1950	PPL
plc_01m0n2yy0fqhe7zdn0r6a26k0s	2645247	Kirk Merrington	54.67637	-1.59754	799	PPL
plc_01m0n2yy0fqhe7zdn0r9045q7j	2645249	Kirkliston	55.95364	-3.40288	4740	PPL
plc_01m0n2yy0fqhe7zdn0rc0pmcqv	2645254	Kirklevington	54.48285	-1.33655	809	PPL
plc_01m0n2yy0fqhe7zdn0rcb1zf7m	2645255	Kirkleatham	54.58848	-1.08181	7045	PPL
plc_01m0n2yy0fqhe7zdn0ref6j4p3	2645260	Kirk Ireton	53.04785	-1.60306	518	PPL
plc_01m0n2yy0fqhe7zdn0rjd5rvwy	2645261	Kirkintilloch	55.93933	-4.15262	19630	PPLA2
plc_01m0n2yy0fqhe7zdn0rjxw0j4h	2645272	Kirkhill	57.47662	-4.41324	670	PPL
plc_01m0n2yy0fqhe7zdn0rk3xzhdx	2645278	Kirkhamgate	53.70188	-1.55244	992	PPL
plc_01m0n2yy0fqhe7zdn0rnzrr7fj	2645280	Kirkham	53.78244	-2.87189	7883	PPL
plc_01m0n2yy0fqhe7zdn0rsjp750x	2645287	Kirkcudbright	54.8383	-4.04908	3350	PPL
plc_01m0n2yy0fqhe7zdn0rtf6nszz	2645291	Kirkconnel	55.38561	-3.99836	2070	PPL
plc_01m0n2yy0fqhe7zdn0rvx9e0nt	2645298	Kirkcaldy	56.11683	-3.15999	50370	PPL
plc_01m0n2yy0fqhe7zdn0rw2qs2q4	2645299	Kirkby Thore	54.62536	-2.56205	758	PPL
plc_01m0n2yy0fqhe7zdn0rzb51d4c	2645301	Kirkby Stephen	54.47229	-2.34865	1522	PPL
plc_01m0n2yy0fqhe7zdn0rzj7jk06	2645304	Kirkbymoorside	54.27014	-0.93218	2751	PPL
plc_01m0n2yy0fqhe7zdn0s0bdtq0t	2645305	Kirkby Malzeard	54.16443	-1.64633	887	PPL
plc_01m0n2yy0fqhe7zdn0s2rgd08p	2645308	Kirkby Lonsdale	54.20259	-2.59827	1843	PPL
plc_01m0n2yy0fqhe7zdn0s3q2sdsr	2645309	Kirkby in Ashfield	53.09982	-1.24379	27539	PPL
plc_01m0n2yy0fqhe7zdn0s66q0f8b	2645311	Kirkby Fleetham	54.34625	-1.5657	560	PPL
plc_01m0n2yy0fqhe7zdn0s8k1k77t	2645313	Kirkby	53.48138	-2.89215	45564	PPL
plc_01m0n2yy0fqhe7zdn0saj10dt0	2645314	Kirkburton	53.61047	-1.70292	3786	PPL
plc_01m0n2yy0fqhe7zdn0sbafcv95	2645328	Kirdford	51.02987	-0.5497	745	PPL
plc_01m0n2yy0fqhe7zdn0scycy17q	2645329	Kircubbin	54.48739	-5.53385	1237	PPL
plc_01m0n2yy0fqhe7zdn0sgk7bwtd	2645335	Kirby Muxloe	52.63025	-1.22755	9712	PPL
plc_01m0n2yy0fqhe7zdn0skf4kjzb	2645346	Kippen	56.12673	-4.17083	1110	PPL
plc_01m0n2yy0fqhe7zdn0spr2dhpp	2645347	Kippax	53.76687	-1.37099	15965	PPL
plc_01m0n2yy0fqhe7zdn0ssjcds61	2645349	Kinvere	52.45	-2.23333	4723	PPL
plc_01m0n2yy0fqhe7zdn0stk0b46g	2645358	Kintore	57.23721	-2.3454	4680	PPL
plc_01m0n2yy0fqhe7zdn0sx801gce	2645361	Kintbury	51.39958	-1.44865	2094	PPL
plc_01m0n2yy0fqhe7zdn0sz59cpms	2645365	Kinross	56.20466	-3.42138	4910	PPL
plc_01m0n2yy0fqhe7zdn0t0zydppz	2645368	Kinoulton	52.87141	-0.99169	868	PPL
plc_01m0n2yy0fqhe7zdn0t188vdmy	2645388	Kinloss	57.63494	-3.57012	1250	PPL
plc_01m0n2yy0fqhe7zdn0t1hvacys	2645395	Kinlochleven	56.71157	-4.97355	900	PPL
plc_01m0n2yy0fqhe7zdn0t202snmj	2645409	Kingussie	57.07996	-4.05231	1470	PPL
plc_01m0n2yy0fqhe7zdn0t235zv53	2645410	Kington	52.20408	-3.02553	2626	PPLA3
plc_01m0n2yy0fqhe7zdn0t49tqd19	2645411	Kington	52.2	-2.01667	2626	PPL
plc_01m0n2yy0fqhe7zdn0t7z5981m	2645413	Kings Worthy	51.08862	-1.2978	4388	PPL
plc_01m0n2yy0fqhe7zdn0tay7agdv	2645417	Kingswood	51.62583	-2.36722	1252	PPL
plc_01m0n2yy0fqhe7zdn0ter5hyfm	2645418	Kingswood	51.45278	-2.50833	40734	PPL
plc_01m0n2yy0fqhe7zdn0tgth7v1s	2645419	Kingswood	51.29477	-0.21428	6891	PPL
plc_01m0n2yy0fqhe7zdn0tm8gsypd	2645420	Kingswinford	52.49755	-2.16889	20000	PPL
plc_01m0n2yy0fqhe7zdn0tqgp0pkr	2645425	Kingston upon Hull	53.7446	-0.33525	314018	PPLA2
plc_01m0n2yy0fqhe7zdn0tr5pkyyy	2645429	Kingston near Lewes	50.85771	-0.02184	831	PPL
plc_01m0n2yy0fqhe7zdn0trngsxdh	2645431	Kingston Bagpuize	51.6815	-1.42041	2349	PPL
plc_01m0n2yy0fqhe7zdn0ttngb6cy	2645442	Kingsteignton	50.55	-3.58333	11360	PPL
plc_01m0n2yy0fqhe7zdn0tw2yepz4	2645443	Kings Sutton	52.02313	-1.27613	2116	PPL
plc_01m0n2yy0fqhe7zdn0twazs7pr	2645456	King's Lynn	52.75172	0.39516	46093	PPL
plc_01m0n2yy0fqhe7zdn0v04t5w8d	2645457	Kingsley	53.26667	-2.66667	1557	PPLA3
plc_01m0n2yy0fqhe7zdn0v3h2pen9	2645458	Kingsley	53.01667	-1.98333	716	PPL
plc_01m0n2yy0fqhe7zdn0v7932pcb	2645460	Kings Langley	51.71395	-0.45044	7230	PPL
plc_01m0n2yy0fqhe7zdn0v7t5nrsg	2645463	Kingskettle	56.26215	-3.11693	1010	PPL
plc_01m0n2yy0fqhe7zdn0vb7nq27j	2645464	Kingskerswell	50.49915	-3.58195	4703	PPL
plc_01m0n2yy0fqhe7zdn0ve707jxs	2645469	Kingseat	56.09765	-3.40591	770	PPL
plc_01m0n2yy0fqhe7zdn0vfft6ck9	2645479	Kingsclere	51.32487	-1.24339	3164	PPL
plc_01m0n2yy0fqhe7zdn0vjapmhs5	2645482	Kingsbury Episcopi	50.98853	-2.80662	641	PPL
plc_01m0n2yy0fqhe7zdn0vmc3zh4a	2645483	Kingsbury	52.56106	-1.67936	3730	PPL
plc_01m0n2yy0fqhe7zdn0vpc297vd	2645486	Kingsbridge	50.28451	-3.77638	6116	PPL
plc_01m0n2yy0fqhe7zdn0vpwjv2ge	2645494	Kinglassie	56.17371	-3.24241	1820	PPL
plc_01m0n2yy0fqhe7zdn0vs24jqrg	2645500	Kinghorn	56.06896	-3.17607	2870	PPL
plc_01m0n2yy0fqhe7zdn0vx1pb028	2645503	Kingham	51.91527	-1.62246	547	PPL
plc_01m0n2yy0fqhe7zdn0vyqdtkqw	2645510	Kineton	52.15645	-1.51148	2014	PPL
plc_01m0n2yy0fqhe7zdn0w2pfarwp	2645525	Kincardine	56.06945	-3.71964	2810	PPL
plc_01m0n2yy0fqhe7zdn0w5y3y1fd	2645532	Kimpton	51.85089	-0.2998	1436	PPL
plc_01m0n2yy0fqhe7zdn0w7ppg0w9	2645536	Kimbolton	52.29704	-0.38916	1103	PPL
plc_01m0n2yy0fqhe7zdn0wadkzr7f	2645539	Kimberley	52.98333	-1.26667	11273	PPL
plc_01m0n2yy0fqhe7zdn0wc0ycxtn	2645541	Kilwinning	55.65333	-4.70666	16100	PPL
plc_01m0n2yy0fqhe7zdn0we8vwcn1	2645548	Kilsyth	55.97596	-4.05916	9860	PPL
plc_01m0n2yy0fqhe7zdn0whphheqr	2645551	Kilsby	52.33375	-1.17505	1196	PPL
plc_01m0n2yy0fqhe7zdn0wmmbt63k	2645555	Kilrea	54.95091	-6.55695	1616	PPL
plc_01m0n2yy0fqhe7zdn0wr7bz7sr	2645592	Kilmington	50.77805	-3.03935	830	PPL
plc_01m0n2yy0fqhe7zdn0wskpvmvj	2645599	Kilmaurs	55.63801	-4.5273	2800	PPL
plc_01m0n2yy0fqhe7zdn0wsygs0w1	2645605	Kilmarnock	55.61171	-4.49581	46970	PPLA2
plc_01m0n2yy0fqhe7zdn0wwgxx5sv	2645611	Kilmacolm	55.8947	-4.62643	4000	PPL
plc_01m0n2yy0fqhe7zdn0wxstzf6c	2645613	Killyleagh	54.40135	-5.648	2591	PPL
plc_01m0n2yy0fqhe7zdn0wxvsr1kh	2645632	Killin	56.46667	-4.31667	720	PPL
plc_01m0n2yy0fqhe7zdn0wy06wj09	2645645	Killearn	56.04239	-4.3684	1670	PPL
plc_01m0n2yy0fqhe7zdn0wzmp1a0f	2645653	Killamarsh	53.32395	-1.31688	9625	PPL
plc_01m0n2yy0fqhe7zdn0x1b36my7	2645655	Kilkhampton	50.87566	-4.48392	853	PPL
plc_01m0n2yy0fqhe7zdn0x3vszex6	2645660	Kilkeel	54.06196	-6.00308	6447	PPL
plc_01m0n2yy0fqhe7zdn0x65xm00c	2645662	Kilham	54.06413	-0.38057	960	PPLA3
plc_01m0n2yy0fqhe7zdn0x6zr0d31	2645663	Kilgetty	51.73203	-4.71983	1968	PPL
plc_01m0n2yy0fqhe7zdn0xasfqf0n	2645684	Kilcreggan	55.9846	-4.821	1290	PPL
plc_01m0n2yy0fqhe7zdn0xdm28s1q	2645703	Kilburn	53.0058	-1.43869	5552	PPL
plc_01m0n2yy0fqhe7zdn0xeeem476	2645712	Kilbirnie	55.75082	-4.68791	7520	PPL
plc_01m0n2yy0fqhe7zdn0xf6dt94g	2645714	Kilbarchan	55.8362	-4.55356	3580	PPL
plc_01m0n2yy0fqhe7zdn0xh0q4r4j	2645720	Kidwelly	51.73639	-4.30333	2782	PPLA3
plc_01m0n2yy0fqhe7zdn0xh51kzxw	2645721	Kidsgrove	53.08691	-2.23777	29480	PPL
plc_01m0n2yy0fqhe7zdn0xhjcpssa	2645722	Kidlington	51.82166	-1.2886	13600	PPL
plc_01m0n2yy0fqhe7zdn0xhntgq0g	2645724	Kidderminster	52.38819	-2.25	57400	PPL
plc_01m0n2yy0fqhe7zdn0xkm2zvrn	2645726	Kidbrooke	51.46723	0.02708	14300	PPL
plc_01m0n2yy0fqhe7zdn0xpr8bj8m	2645728	Kibworth Harcourt	52.54439	-0.99491	5790	PPL
plc_01m0n2yy0fqhe7zdn0xsbjj973	2645733	Keynsham	51.41387	-2.4978	19603	PPL
plc_01m0n2yy0fqhe7zdn0xvh6yzv0	2645734	Keyingham	53.70961	-0.11325	2314	PPLA3
plc_01m0n2yy0fqhe7zdn0xzaasm1n	2645740	Kew	51.48165	-0.28749	11436	PPL
plc_01m0n2yy0fqhe7zdn0xzm8nmvs	2645741	Ketton	52.62804	-0.55459	1926	PPLA3
plc_01m0n2yy0fqhe7zdn0y0e1aee8	2645753	Kettering	52.39836	-0.72571	56676	PPL
plc_01m0n2yy0fqhe7zdn0y0ja06zz	2645756	Keswick	54.59947	-3.13256	4658	PPL
plc_01m0n2yy0fqhe7zdn0y4htsjq8	2645761	Kessingland	52.41987	1.70878	4327	PPL
plc_01m0n2yy0fqhe7zdn0y5rng2rz	2645771	Kerry	52.50156	-3.25862	785	PPL
plc_01m0n2yy0fqhe7zdn0y7j6w2pv	2645778	Keresley	52.45156	-1.53319	2432	PPLA3
plc_01m0n2yy0fqhe7zdn0y824awxq	2645789	Kenton	50.63978	-3.47151	1005	PPL
plc_01m0n2yy0fqhe7zdn0y9fks6bb	2645794	Kentisbeare	50.86515	-3.32502	597	PPL
plc_01m0n2yy0fqhe7zdn0ycpmx170	2645800	Kensworth	51.85173	-0.50386	1455	PPL
plc_01m0n2yy0fqhe7zdn0yg6veefk	2645803	Kennoway	56.21081	-3.04917	4600	PPL
plc_01m0n2yy0fqhe7zdn0ykxykt9g	2645804	Kennington	51.1674	0.88491	4178	PPL
plc_01m0n2yy0fqhe7zdn0ypg5kajz	2645805	Kenninghall	52.43478	0.99662	714	PPL
plc_01m0n2yy0fqhe7zdn0ytedyger	2645821	Kenley	51.32643	-0.10111	14966	PPL
plc_01m0n2yy0fqhe7zdn0yxs5f6em	2645822	Kenilworth	52.34958	-1.58276	22413	PPL
plc_01m0n2yy0fqhe7zdn0yzyethvc	2645826	Kendal	54.32681	-2.74757	29147	PPL
plc_01m0n2yy0fqhe7zdn0z07h9eq7	2645830	Kemsing	51.30604	0.22917	6889	PPL
plc_01m0n2yy0fqhe7zdn0z3v3n0y4	2645831	Kempston	52.11599	-0.50044	19873	PPLA3
plc_01m0n2yy0fqhe7zdn0z4wnxvkb	2645833	Kempsey	52.13936	-2.21751	2609	PPL
plc_01m0n2yy0fqhe7zdn0z7ekwsas	2645836	Kemnay	57.23573	-2.44395	3830	PPL
plc_01m0n2yy0fqhe7zdn0z7jyvdvm	2645838	Kemble	51.67495	-2.01951	779	PPLA4
plc_01m0n2yy0fqhe7zdn0za9sy2b8	2645840	Kelvedon Hatch	51.66739	0.26814	2400	PPL
plc_01m0n2yy0fqhe7zdn0zamqk8hk	2645841	Kelvedon	51.84007	0.7057	5322	PPL
plc_01m0n2yy0fqhe7zdn0zbysgxsv	2645843	Kelty	56.13362	-3.3869	6590	PPL
plc_01m0n2yy0fqhe7zdn0zdad4f1h	2645849	Kelso	55.59814	-2.43382	6870	PPL
plc_01m0n2yy0fqhe7zdn0zf5hx67j	2645853	Kelsall	53.20775	-2.71242	2721	PPL
plc_01m0n2yy0fqhe7zdn0zjwaxgas	2645877	Kelbrook	53.89837	-2.15108	678	PPL
plc_01m0n2yy0fqhe7zdn0zkm6n9te	2645880	Keith	57.53633	-2.94811	4740	PPL
plc_01m0n2yy0fqhe7zdn0zmfv77q6	2645889	Keighley	53.86791	-1.90664	50171	PPLA3
plc_01m0n2yy0fqhe7zdn0zqscxwd5	2645891	Kegworth	52.83482	-1.28042	3601	PPL
plc_01m0n2yy0fqhe7zdn0zt28dqq4	2645897	Keele	53.00382	-2.28741	3953	PPL
plc_01m0n2yy0fqhe7zdn0zx25t8pj	2645898	Keelby	53.5758	-0.24701	2092	PPL
plc_01m0n2yy0fqhe7zdn1008254c4	2645900	Kedington	52.09282	0.48675	1849	PPL
plc_01m0n2yy0fqhe7zdn103yswh8p	2645911	Kearsley	53.53333	-2.38333	10127	PPL
plc_01m0n2yy0fqhe7zdn106xb7ab4	2645917	Keady	54.25	-6.7	3171	PPL
plc_01m0n2yy0fqhe7zdn108efr5s7	2645918	Keadby	53.59308	-0.74021	2238	PPL
plc_01m0n2yy0fqhe7zdn1097fgnmq	2645943	Jordanstown	54.68333	-5.9	5494	PPL
plc_01m0n2yy0fqhe7zdn109kd3ha3	2645946	Jordans	51.61495	-0.59197	660	PPL
plc_01m0n2yy0fqhe7zdn10bhjawyz	2645951	Johnstone	55.82906	-4.51605	15930	PPL
plc_01m0n2yy0fqhe7zdn10ecs2q8s	2645952	Johnston	51.75556	-4.99667	1941	PPLA3
plc_01m0n2yy0fqhe7zdn10fztr6c4	2645953	Johnshaven	56.79427	-2.33624	670	PPL
plc_01m0n2yy0fqhe7zdn10jaa3vbh	2645970	Jedburgh	55.47997	-2.552	3860	PPL
plc_01m0n2yy0fqhe7zdn10p18prz1	2645972	Jarrow	54.98036	-1.48423	29470	PPL
plc_01m0n2yy0fqhe7zdn10rq1tn6z	2645983	Ixworth	52.29893	0.8341	2365	PPL
plc_01m0n2yy0fqhe7zdn10t8ew78d	2645984	Iwerne Minster	50.92836	-2.19133	978	PPL
plc_01m0n2yy0fqhe7zdn10whgx3jp	2645986	Iwade	51.37754	0.72935	3087	PPL
plc_01m0n2yy0fqhe7zdn10xb1f9aw	2645988	Ivybridge	50.39039	-3.91914	11851	PPL
plc_01m0n2yy0fqhe7zdn10ys3hms4	2645989	Ivinghoe	51.83602	-0.62983	2939	PPL
plc_01m0n2yy0fqhe7zdn111y9dzcq	2645990	Iver	51.5	-0.5	7492	PPL
plc_01m0n2yy0fqhe7zdn1159tqpg1	2646002	Islip	51.82368	-1.23699	652	PPL
plc_01m0n2yy0fqhe7zdn115ehtp2h	2646003	Islington	51.53622	-0.10304	319143	PPLA3
plc_01m0n2yy0fqhe7zdn11686df4a	2646004	Isleworth	51.47518	-0.34246	25008	PPL
plc_01m0n2yy0fqhe7zdn117pgzyx9	2646012	Isleham	52.34289	0.41212	2228	PPL
plc_01m0n2yy0fqhe7zdn118nw7v58	2646022	Isham	52.35747	-0.70326	771	PPL
plc_01m0n2yy0fqhe7zdn119bj8h2c	2646029	Irvinestown	54.46667	-7.63333	1765	PPL
plc_01m0n2yy0fqhe7zdn119ew8e7g	2646032	Irvine	55.6194	-4.65508	34130	PPLA2
plc_01m0n2yy0fqhe7zdn11csdzdb7	2646034	Irthlingborough	52.32674	-0.61129	7502	PPL
plc_01m0n2yy0fqhe7zdn11fngt8p5	2646039	Ironbridge	52.62795	-2.48465	1595	PPL
plc_01m0n2yy0fqhe7zdn11j44fqhb	2646040	Iron Acton	51.54921	-2.46087	516	PPL
plc_01m0n2yy0fqhe7zdn11kv396cx	2646042	Irlam	53.44253	-2.42323	19442	PPL
plc_01m0n2yy0fqhe7zdn11pfgyt12	2646055	Irchester	52.28108	-0.6451	4419	PPL
plc_01m0n2yy0fqhe7zdn11tcnmbdb	2646057	Ipswich	52.05917	1.15545	178835	PPLA2
plc_01m0n2yy0fqhe7zdn11thk39e2	2646058	Ipstones	53.04683	-1.97016	881	PPL
plc_01m0n2yy0fqhe7zdn11ye4mrx2	2646062	Ipplepen	50.48919	-3.639	2143	PPL
plc_01m0n2yy0fqhe7zdn11zgnvzrv	2646073	Inverurie	57.28446	-2.37736	14660	PPL
plc_01m0n2yy0fqhe7zdn123ezqyc1	2646088	Inverness	57.47908	-4.22398	47790	PPLA2
plc_01m0n2yy0fqhe7zdn125w9pq8q	2646102	Inverkip	55.90831	-4.87051	3060	PPL
plc_01m0n2yy0fqhe7zdn126kndayq	2646104	Inverkeithing	56.03297	-3.39555	5220	PPL
plc_01m0n2yy0fqhe7zdn12afercrx	2646114	Invergowrie	56.46111	-3.06158	1770	PPL
plc_01m0n2yy0fqhe7zdn12dne1gh9	2646115	Invergordon	57.6886	-4.16745	3930	PPL
plc_01m0n2yy0fqhe7zdn12ekk4s6w	2646134	Inverbervie	56.84463	-2.27997	2310	PPL
plc_01m0n2yy0fqhe7zdn12gjzhn55	2646140	Inveraray	56.23052	-5.07474	570	PPL
plc_01m0n2yy0fqhe7zdn12h3qm15t	2646151	Instow	51.05369	-4.17918	706	PPL
plc_01m0n2yy0fqhe7zdn12h8s1r5x	2646157	Insch	57.34273	-2.61321	2320	PPL
plc_01m0n2yy0fqhe7zdn12jm8xxbs	2646172	Innerleithen	55.61927	-3.06301	3040	PPL
plc_01m0n2yy0fqhe7zdn12ndcf4tw	2646187	Innellan	55.89195	-4.9616	980	PPL
plc_01m0n2yy0fqhe7zdn12neh8pqd	2646190	Inkberrow	52.21284	-1.98093	1552	PPL
plc_01m0n2yy0fqhe7zdn12qreeyha	2646198	Ingrave	51.60416	0.34058	1846	PPL
plc_01m0n2yy0fqhe7zdn12tcg1a38	2646202	Ingoldmells	53.19414	0.33358	3975	PPL
plc_01m0n2yy0fqhe7zdn12wddt9mr	2646203	Ingoldisthorpe	52.86478	0.50408	849	PPL
plc_01m0n2yy0fqhe7zdn12zh2dd63	2646207	Ingleton	54.57952	-1.73532	1678	PPL
plc_01m0n2yy0fqhe7zdn12zwwzazn	2646208	Ingleby Greenhow	54.44983	-1.10687	14608	PPL
plc_01m0n2yy0fqhe7zdn130v0zrc5	2646219	Ingatestone	51.67027	0.38359	5620	PPL
plc_01m0n2yy0fqhe7zdn131ka5bjc	2646228	Inchture	56.44551	-3.16956	1220	PPL
plc_01m0n2yy0fqhe7zdn133qmpdq8	2646243	Inchinnan	55.88995	-4.43842	1910	PPL
plc_01m0n2yy0fqhe7zdn1368zpgzr	2646253	Ince-in-Makerfield	53.53333	-2.61667	11185	PPL
plc_01m0n2yy0fqhe7zdn136zgj2x0	2646254	Ince Blundell	53.52429	-3.02733	516	PPLA3
plc_01m0n2yy0fqhe7zdn1380wqb76	2646256	Immingham	53.6142	-0.21579	10750	PPL
plc_01m0n2yy0fqhe7zdn139rmefsk	2646263	Ilton	50.95428	-2.92473	727	PPL
plc_01m0n2yy0fqhe7zdn13bns0e5v	2646265	Ilminster	50.92684	-2.91009	5808	PPL
plc_01m0n2yy0fqhe7zdn13c6rehsb	2646266	Ilmington	52.08921	-1.69138	712	PPL
plc_01m0n2yy0fqhe7zdn13epzkedk	2646272	Ilkley	53.92449	-1.82326	14809	PPL
plc_01m0n2yy0fqhe7zdn13j0aszbf	2646274	Ilkeston	52.97055	-1.30951	40953	PPL
plc_01m0n2yy0fqhe7zdn13jtn4nde	2646276	Ilfracombe	51.2093	-4.11344	11042	PPL
plc_01m0n2yy0fqhe7zdn13ncsa7mz	2646277	Ilford	51.55765	0.07278	168168	PPLA3
plc_01m0n2yy0fqhe7zdn13p5w08ta	2646279	Ilchester	51.00587	-2.67981	2153	PPL
plc_01m0n2yy0fqhe7zdn13rkvg247	2646303	Ickleton	52.07228	0.17737	709	PPL
plc_01m0n2yy0fqhe7zdn13vfjh3zc	2646304	Icklesham	50.91581	0.66776	941	PPL
plc_01m0n2yy0fqhe7zdn13xf5rw8m	2646306	Ickenham	51.56433	-0.44373	13600	PPL
plc_01m0n2yy0fqhe7zdn13z62hz91	2646311	Ibstock	52.68554	-1.39965	5650	PPL
plc_01m0n2yy0fqhe7zdn142kk8wrv	2646316	Hythe	51.0715	1.08421	14604	PPL
plc_01m0n2yy0fqhe7zdn1444rdj1y	2646317	Hythe	50.86004	-1.40162	20526	PPL
plc_01m0n2yy0fqhe7zdn145bentw1	2646327	Hyde	53.45131	-2.07943	35895	PPL
plc_01m0n2yy0fqhe7zdn146kwwfxn	2646329	Huyton	53.4115	-2.83935	54738	PPL
plc_01m0n2yy0fqhe7zdn14846ysf8	2646339	Hutton	53.96667	-0.43333	560	PPL
plc_01m0n2yy0fqhe7zdn14ams6jr9	2646343	Huttoft	53.26725	0.26838	585	PPL
plc_01m0n2yy0fqhe7zdn14c7n409e	2646349	Husbands Bosworth	52.45232	-1.05557	1027	PPL
plc_01m0n2yy0fqhe7zdn14fwws5gw	2646355	Hurstpierpoint	50.93388	-0.18007	12730	PPL
plc_01m0n2yy0fqhe7zdn14kcymc1b	2646358	Hurstbourne Tarrant	51.27627	-1.45298	676	PPL
plc_01m0n2yy0fqhe7zdn14mp5nsyv	2646361	Hurst	51.45791	-0.85196	1351	PPL
plc_01m0n2yy0fqhe7zdn14p1egkg7	2646376	Hunwick	54.68791	-1.70539	1248	PPL
plc_01m0n2yy0fqhe7zdn14sk2rt3a	2646377	Huntspill	51.20562	-2.98735	1133	PPL
plc_01m0n2yy0fqhe7zdn14tcn6dbe	2646384	Huntly	57.44741	-2.78608	4550	PPL
plc_01m0n2yy0fqhe7zdn14w9jvck4	2646385	Huntley	51.87172	-2.40137	1105	PPL
plc_01m0n2yy0fqhe7zdn1500m98qy	2646393	Huntingdon	52.33049	-0.18651	23937	PPL
plc_01m0n2yy0fqhe7zdn150m8h6r5	2646403	Hunstanton	52.95	0.5	9332	PPL
plc_01m0n2yy0fqhe7zdn151s0qgb2	2646406	Hunmanby	54.17957	-0.32007	3132	PPL
plc_01m0n2yy0fqhe7zdn152v67yp9	2646411	Hungerford	51.41513	-1.51556	5100	PPL
plc_01m0n2yy0fqhe7zdn154nht1vm	2646414	Hundon	52.10988	0.53644	757	PPL
plc_01m0n2yy0fqhe7zdn156x3jhsk	2646424	Humshaugh	55.03768	-2.12843	622	PPL
plc_01m0n2yy0fqhe7zdn158xhxg4t	2646434	Humberstone	52.64738	-1.08647	18854	PPL
plc_01m0n2yy0fqhe7zdn15ans03zn	2646435	Humberston	53.53036	-0.02465	8216	PPL
plc_01m0n2yy0fqhe7zdn15e428s49	2646444	Hullavington	51.53778	-2.15163	880	PPL
plc_01m0n2yy0fqhe7zdn15fwcfr4q	2646452	Hugh Town	49.91447	-6.31145	1068	PPL
plc_01m0n2yy0fqhe7zdn15kvphdca	2646458	Huddersfield	53.64904	-1.78416	149017	PPLA2
plc_01m0n2yy0fqhe7zdn15m44xft6	2646460	Hucknall	53.03333	-1.2	29728	PPL
plc_01m0n2yy0fqhe7zdn15mf10m36	2646471	Hoyland Nether	53.5	-1.45	15842	PPL
plc_01m0n2yy0fqhe7zdn15pfynp16	2646472	Hoylake	53.39046	-3.18066	5710	PPL
plc_01m0n2yy0fqhe7zdn15qepqdna	2646480	Howwood	55.8106	-4.55733	1580	PPL
plc_01m0n2yy0fqhe7zdn15r8b0sz4	2646499	Howden	53.7463	-0.86994	4142	PPLA3
plc_01m0n2yy0fqhe7zdn15s4n5j03	2646504	Hove	50.83088	-0.1672	75174	PPLA2
plc_01m0n2yy0fqhe7zdn15twth4pw	2646507	Houston	55.86859	-4.55201	6420	PPL
plc_01m0n2yy0fqhe7zdn15vfvbfc3	2646517	Hounslow	51.46839	-0.36092	66292	PPLA3
plc_01m0n2yy0fqhe7zdn15zbp4277	2646524	Houghton on the Hill	52.62663	-0.99546	1524	PPL
plc_01m0n2yy0fqhe7zdn161qryvpx	2646525	Houghton-Le-Spring	54.84034	-1.46427	36746	PPL
plc_01m0n2yy0fqhe7zdn1629x9bap	2646526	Houghton Conquest	52.06178	-0.47756	1311	PPLA3
plc_01m0n2yy0fqhe7zdn165b06nr1	2646540	Hose	52.85699	-0.90428	580	PPL
plc_01m0n2yy0fqhe7zdn166g6kmfg	2646542	Horwich	53.60126	-2.54975	18696	PPL
plc_01m0n2yy0fqhe7zdn169c9aceq	2646543	Horton Kirby	51.39481	0.24483	1241	PPL
plc_01m0n2yy0fqhe7zdn16dbfy3fe	2646548	Horton	51.47315	-0.54245	1033	PPLA3
plc_01m0n2yy0fqhe7zdn16gv9c83v	2646550	Horsted Keynes	51.03659	-0.02798	1180	PPL
plc_01m0n2yy0fqhe7zdn16msnq70t	2646552	Horsmonden	51.13908	0.42881	1620	PPL
plc_01m0n2yy0fqhe7zdn16nm53d0y	2646557	Horsham	51.06314	-0.32757	51472	PPL
plc_01m0n2yy0fqhe7zdn16nsae3k0	2646558	Horsforth	53.8426	-1.63754	19350	PPL
plc_01m0n2yy0fqhe7zdn16sq9x86c	2646559	Horsford	52.70153	1.24015	4163	PPL
plc_01m0n2yy0fqhe7zdn16v6t3a41	2646578	Horrabridge	50.50843	-4.10042	3728	PPL
plc_01m0n2yy0fqhe7zdn16vqqpbxg	2646580	Hornsey	51.58752	-0.12204	12659	PPL
plc_01m0n2yy0fqhe7zdn16wtds0xb	2646583	Hornsea	53.91041	-0.16806	8432	PPLA3
plc_01m0n2yy0fqhe7zdn16x7c6m22	2646588	Horning	52.7046	1.46294	1098	PPL
plc_01m0n2yy0fqhe7zdn16zs3f0x7	2646590	Horndon on the Hill	51.52358	0.40491	1596	PPL
plc_01m0n2yy0fqhe7zdn171kdsvfr	2646595	Horncastle	53.20775	-0.1172	6815	PPL
plc_01m0n2yy0fqhe7zdn174qyp8xq	2646606	Horley	51.17423	-0.15919	21232	PPL
plc_01m0n2yy0fqhe7zdn178f8cms8	2646613	Horbury	53.66051	-1.56014	10225	PPL
plc_01m0n2yy0fqhe7zdn17akbw2r3	2646615	Horam	50.93523	0.24436	2188	PPL
plc_01m0n2yy0fqhe7zdn17dyfny4p	2646616	Hopwood	52.37057	-1.9578	993	PPL
plc_01m0n2yy0fqhe7zdn17gtjrvx4	2646620	Hopton	52.53333	1.73333	2626	PPL
plc_01m0n2yy0fqhe7zdn17hbd12er	2646621	Hopton	52.37293	0.92689	653	PPL
plc_01m0n2yy0fqhe7zdn17hresnp4	2646630	Hopeman	57.70684	-3.43432	1710	PPL
plc_01m0n2yy0fqhe7zdn17na2apda	2646640	Hope	53.35	-1.75	900	PPL
plc_01m0n2yy0fqhe7zdn17peb4rcy	2646641	Hope	53.11667	-3.03333	4706	PPLA3
plc_01m0n2yy0fqhe7zdn17s7rq6xa	2646648	Hook Norton	51.99564	-1.48277	1919	PPL
plc_01m0n2yy0fqhe7zdn17wewpw6c	2646653	Hook	51.36803	-0.3065	18973	PPL
plc_01m0n2yy0fqhe7zdn17yna71pr	2646654	Hook	51.28425	-0.95967	7321	PPL
plc_01m0n2yy0fqhe7zdn181pfxhc4	2646656	Hoo	51.4205	0.563	5377	PPL
plc_01m0n2yy0fqhe7zdn183aqqpjy	2646658	Honiton	50.7996	-3.18899	12154	PPL
plc_01m0n2yy0fqhe7zdn186a5ma3k	2646670	Holywood	54.63863	-5.82473	13109	PPL
plc_01m0n2yy0fqhe7zdn186s805re	2646673	Holywell	53.27466	-3.22895	6969	PPLA3
plc_01m0n2yy0fqhe7zdn188z48kdf	2646675	Holytown	55.82011	-3.9727	5080	PPL
plc_01m0n2yy0fqhe7zdn18brcvv2n	2646686	Holyhead	53.30621	-4.63211	11431	PPLA3
plc_01m0n2yy0fqhe7zdn18czqcmq9	2646694	Holton le Clay	53.5052	-0.063	3691	PPL
plc_01m0n2yy0fqhe7zdn18dygnc8c	2646701	Holt	52.90591	1.08863	3810	PPL
plc_01m0n2yy0fqhe7zdn18h34xaxv	2646703	Holt	51.35556	-2.19722	1757	PPLA3
plc_01m0n2yy0fqhe7zdn18n2vn9wf	2646704	Holsworthy	50.81196	-4.35383	2641	PPL
plc_01m0n2yy0fqhe7zdn18pvwrfbd	2646706	Holmwood	51.18049	-0.32176	1094	PPL
plc_01m0n2yy0fqhe7zdn18r93rv66	2646716	Holmfirth	53.56968	-1.78777	1980	PPL
plc_01m0n2yy0fqhe7zdn18vw7v45t	2646719	Holmesfield	53.29541	-1.51761	753	PPL
plc_01m0n2yy0fqhe7zdn18w0wx45x	2646720	Holmes Chapel	53.2014	-2.35742	5605	PPL
plc_01m0n2yy0fqhe7zdn18wzbb946	2646731	Holme	52.47585	-0.24535	636	PPL
plc_01m0n2yy0fqhe7zdn190ns97ag	2646732	Holmbury St Mary	51.18736	-0.41044	572	PPL
plc_01m0n2yy0fqhe7zdn1944xp1jd	2646742	Hollinwood	53.51667	-2.13333	12310	PPL
plc_01m0n2yy0fqhe7zdn19620fvf5	2646750	Hollesley	52.04985	1.43054	583	PPL
plc_01m0n2yy0fqhe7zdn1977awcd0	2646775	Holcombe	51.24667	-2.47222	947	PPL
plc_01m0n2yy0fqhe7zdn1977hg8jn	2646778	Holbrook	51.9834	1.15854	1090	PPL
plc_01m0n2yy0fqhe7zdn19atnsb98	2646781	Holborn	51.51753	-0.12045	13023	PPL
plc_01m0n2yy0fqhe7zdn19bpwq5q9	2646786	Holbeach Clough	52.82476	-0.01133	980	PPL
plc_01m0n2yy0fqhe7zdn19f3v8jg9	2646787	Holbeach	52.80401	0.01442	7914	PPL
plc_01m0n2yy0fqhe7zdn19fk5rzws	2646792	Hoghton	53.73492	-2.58797	524	PPL
plc_01m0n2yy0fqhe7zdn19gyxpcjz	2646807	Hoddesdon	51.76148	-0.01144	35174	PPL
plc_01m0n2yy0fqhe7zdn19mdcz89x	2646812	Hockwold cum Wilton	52.4638	0.54614	1195	PPL
plc_01m0n2yy0fqhe7zdn19qt795qy	2646813	Hockliffe	51.93109	-0.58652	823	PPLA3
plc_01m0n2yy0fqhe7zdn19ssbj29r	2646814	Hockley	52.5	-1.91667	13919	PPLX
plc_01m0n2yy0fqhe7zdn19xa63y8r	2646826	Hitchin	51.94924	-0.28496	35220	PPL
plc_01m0n2yy0fqhe7zdn19zy7q47r	2646827	Hitcham	52.1239	0.89397	774	PPL
plc_01m0n2yy0fqhe7zdn1a19mty91	2646828	Histon	52.25166	0.10643	7592	PPL
plc_01m0n2yy0fqhe7zdn1a514xkj2	2646830	Hirwaun	51.73917	-3.51028	7247	PPLA3
plc_01m0n2yy0fqhe7zdn1a7qr707z	2646850	Hinton	51.48972	-2.38472	3533	PPL
plc_01m0n2yy0fqhe7zdn1a7r4r450	2646853	Hinstock	52.83711	-2.45762	861	PPL
plc_01m0n2yy0fqhe7zdn1abqg08dt	2646856	Hingham	52.57969	0.98422	2151	PPL
plc_01m0n2yy0fqhe7zdn1aewwtjq0	2646858	Hindon	51.09222	-2.12583	560	PPLA3
plc_01m0n2yy0fqhe7zdn1af8q2dhq	2646859	Hindolveston	52.82313	1.01988	598	PPL
plc_01m0n2yy0fqhe7zdn1ajehj9e7	2646862	Hindley	53.53333	-2.58333	25001	PPL
plc_01m0n2yy0fqhe7zdn1akkhvpy5	2646863	Hindhead	51.11381	-0.73351	6187	PPL
plc_01m0n2yy0fqhe7zdn1apbpwfem	2646865	Hinderwell	54.53826	-0.77359	618	PPL
plc_01m0n2yy0fqhe7zdn1asjkmbw8	2646867	Hinckley	52.5389	-1.37613	50712	PPL
plc_01m0n2yy0fqhe7zdn1avf7gja0	2646875	Hilton	52.27908	-0.11222	1052	PPL
plc_01m0n2yy0fqhe7zdn1axnyffx2	2646887	Hillside	56.74483	-2.474	1170	PPL
plc_01m0n2yy0fqhe7zdn1b1em54jq	2646890	Hillsborough	54.46345	-6.07664	3872	PPL
plc_01m0n2yy0fqhe7zdn1b4jkzwwp	2646895	Hillingdon	51.53291	-0.45293	12403	PPL
plc_01m0n2yy0fqhe7zdn1b7ysdevd	2646903	Hilgay	52.55971	0.38959	874	PPL
plc_01m0n2yy0fqhe7zdn1b9dzap62	2646906	Hildenborough	51.22947	0.24358	575	PPL
plc_01m0n2yy0fqhe7zdn1bd877pw1	2646914	High Wycombe	51.62907	-0.74934	133204	PPL
plc_01m0n2yy0fqhe7zdn1bgac05ye	2646916	Highworth	51.63051	-1.711	7886	PPL
plc_01m0n2yy0fqhe7zdn1bgrz3j4e	2646921	High Valleyfield	56.06357	-3.59913	2280	PPL
plc_01m0n2yy0fqhe7zdn1bk3j9wyw	2646922	Hightown	53.52452	-3.06192	2063	PPLA3
plc_01m0n2yy0fqhe7zdn1bkhwhya4	2646936	High Ongar	51.70953	0.26221	1171	PPL
plc_01m0n2yy0fqhe7zdn1bp2d22pk	2646941	Highley	52.44866	-2.38251	3133	PPL
plc_01m0n2yy0fqhe7zdn1bp6gamje	2646942	High Legh	53.35139	-2.4538	1145	PPL
plc_01m0n2yy0fqhe7zdn1bpgd3c6x	2646953	High Halstow	51.44775	0.55558	1662	PPLA3
plc_01m0n2yy0fqhe7zdn1bt8pr27x	2646954	High Halden	51.10331	0.71394	1159	PPL
plc_01m0n2yy0fqhe7zdn1btprqvj2	2646958	Highgate	51.56565	-0.15904	10955	PPL
plc_01m0n2yy0fqhe7zdn1bxewwp02	2646963	High Etherley	54.65391	-1.74363	2119	PPL
plc_01m0n2yy0fqhe7zdn1c17gh4pe	2646967	High Ercall	52.75414	-2.60239	686	PPL
plc_01m0n2yy0fqhe7zdn1c27s9hkm	2646969	High Easter	51.80824	0.34912	754	PPL
plc_01m0n2yy0fqhe7zdn1c49q55hp	2646972	Highcoems	51.3386	-1.37569	2463	PPL
plc_01m0n2yy0fqhe7zdn1c6bz0se0	2646976	Highbury	51.55	-0.1	26664	PPL
plc_01m0n2yy0fqhe7zdn1c9qfet4v	2646977	Highbridge	51.21667	-2.98333	4606	PPL
plc_01m0n2yy0fqhe7zdn1cawp4w2w	2646979	High Blantyre	55.78438	-4.10007	16739	PPL
plc_01m0n2yy0fqhe7zdn1ccwn1n6p	2646980	High Bickington	50.9673	-3.99425	837	PPL
plc_01m0n2yy0fqhe7zdn1cfy31sqh	2646981	High Bentham	54.11823	-2.51199	1680	PPL
plc_01m0n2yy0fqhe7zdn1cg5tdhjm	2646984	Higham on the Hill	52.55555	-1.43565	840	PPL
plc_01m0n2yy0fqhe7zdn1ch18t110	2646985	Higham Ferrers	52.30596	-0.59342	6222	PPL
plc_01m0n2yy0fqhe7zdn1ckr3a6st	2646994	Hibaldstow	53.51133	-0.52082	1974	PPLA3
plc_01m0n2yy0fqhe7zdn1cp8nbesm	2646998	Heytesbury	51.1824	-2.10682	540	PPL
plc_01m0n2yy0fqhe7zdn1cqkhwqqd	2647001	Heysham	54.04367	-2.89322	17016	PPL
plc_01m0n2yy0fqhe7zdn1ctys0ewc	2647007	Hexham	54.96986	-2.104	11388	PPL
plc_01m0n2yy0fqhe7zdn1cynw1x6e	2647013	Hevingham	52.74305	1.25493	967	PPL
plc_01m0n2yy0fqhe7zdn1d0pzya49	2647014	Heversham	54.24217	-2.7742	699	PPL
plc_01m0n2yy0fqhe7zdn1d1cryebw	2647021	Hetton-Le-Hole	54.81667	-1.45	14402	PPL
plc_01m0n2yy0fqhe7zdn1d3sct0b2	2647023	Hethersett	52.59761	1.17359	5520	PPL
plc_01m0n2yy0fqhe7zdn1d6ygnhw3	2647026	Heswall	53.32733	-3.09648	29075	PPL
plc_01m0n2yy0fqhe7zdn1d8wjafg2	2647027	Heston	51.48363	-0.37577	37045	PPL
plc_01m0n2yy0fqhe7zdn1da91p82j	2647044	Hertford	51.79588	-0.07854	25847	PPLA2
plc_01m0n2yy0fqhe7zdn1dbd04jqj	2647048	Herstmonceux	50.88958	0.3229	1130	PPL
plc_01m0n2yy0fqhe7zdn1dbgkxjr6	2647057	Herne Bay	51.373	1.12857	24875	PPL
plc_01m0n2yy0fqhe7zdn1dcehy79k	2647062	Hermitage	51.4554	-1.26823	2157	PPL
plc_01m0n2yy0fqhe7zdn1dda8b2tt	2647074	Hereford	52.05684	-2.71482	60415	PPLA2
plc_01m0n2yy0fqhe7zdn1dfkp7zms	2647077	Hepworth	52.33277	0.91285	536	PPL
plc_01m0n2yy0fqhe7zdn1dk6mwvcq	2647087	Henton	51.20544	-2.72727	501	PPL
plc_01m0n2yy0fqhe7zdn1dn7e9fnf	2647088	Henstridge	50.97717	-2.395	1530	PPL
plc_01m0n2yy0fqhe7zdn1dnbwwd1y	2647093	Hensall	53.7025	-1.10722	852	PPL
plc_01m0n2yy0fqhe7zdn1drdnhprh	2647097	Henlow	52.03021	-0.28599	12320	PPLA3
plc_01m0n2yy0fqhe7zdn1dvcc4s2m	2647099	Henllan	53.2	-3.46667	862	PPLA3
plc_01m0n2yy0fqhe7zdn1dy2eq9mh	2647101	Henley-on-Thames	51.53333	-0.9	11494	PPL
plc_01m0n2yy0fqhe7zdn1e02y4ay4	2647102	Henley in Arden	52.29032	-1.77807	2859	PPL
plc_01m0n2yy0fqhe7zdn1e0afptft	2647103	Henley	52.11802	1.15026	573	PPL
plc_01m0n2yy0fqhe7zdn1e1xdzh9m	2647106	Henham	51.93347	0.24796	924	PPL
plc_01m0n2yy0fqhe7zdn1e40awwkj	2647108	Hengoed	51.65083	-3.23167	5044	PPL
plc_01m0n2yy0fqhe7zdn1e7yy41pq	2647110	Henfynyw Upper	52.22428	-4.27169	512	PPL
plc_01m0n2yy0fqhe7zdn1eatxdbsx	2647111	Henfield	50.92995	-0.27071	4799	PPLA4
plc_01m0n2yy0fqhe7zdn1ee8wc04v	2647119	Hemyock	50.91234	-3.22807	1519	PPL
plc_01m0n2yy0fqhe7zdn1efkhpjpq	2647120	Hemsworth	53.61267	-1.35424	9246	PPLA3
plc_01m0n2yy0fqhe7zdn1ege2mf70	2647123	Hemsby	52.69714	1.69181	5522	PPL
plc_01m0n2yy0fqhe7zdn1em50c94e	2647129	Hempnall	52.50115	1.3003	962	PPL
plc_01m0n2yy0fqhe7zdn1eqhyrc1t	2647133	Hemingford Grey	52.31756	-0.10029	3163	PPL
plc_01m0n2yy0fqhe7zdn1ere2e8fw	2647134	Hemingford Abbots	52.32275	-0.11939	635	PPL
plc_01m0n2yy0fqhe7zdn1ermeps2t	2647136	Hemingbrough	53.76863	-0.97673	2483	PPL
plc_01m0n2yy0fqhe7zdn1ev2x09vp	2647138	Hemel Hempstead	51.75368	-0.44975	95961	PPL
plc_01m0n2yy0fqhe7zdn1ey9zdn2w	2647143	Helston	50.10319	-5.27045	11611	PPL
plc_01m0n2yy0fqhe7zdn1eza7jt3a	2647145	Helsby	53.27396	-2.76905	5166	PPL
plc_01m0n2yy0fqhe7zdn1f2r7wexa	2647146	Helpston	52.63233	-0.34676	981	PPLA3
plc_01m0n2yy0fqhe7zdn1f3az7x9k	2647147	Helpringham	52.95128	-0.30616	828	PPL
plc_01m0n2yy0fqhe7zdn1f56e3ef7	2647149	Helmsley	54.24577	-1.05683	1515	PPL
plc_01m0n2yy0fqhe7zdn1f6aybsdy	2647152	Helmsdale	58.11683	-3.65335	637	PPL
plc_01m0n2yy0fqhe7zdn1fa97cvhq	2647153	Helmdon	52.09034	-1.14378	761	PPL
plc_01m0n2yy0fqhe7zdn1fb4sk6w9	2647163	Hellifield	54.00486	-2.22302	1426	PPL
plc_01m0n2yy0fqhe7zdn1fdsttb55	2647178	Helensburgh	56.00614	-4.72648	13230	PPL
plc_01m0n2yy0fqhe7zdn1ffbgcggw	2647186	Heighington	54.59594	-1.61791	1383	PPLA3
plc_01m0n2yy0fqhe7zdn1fgxwzz26	2647187	Heighington	53.21241	-0.45902	6414	PPL
plc_01m0n2yy0fqhe7zdn1fjvj9jzw	2647191	Hedon	53.73962	-0.19655	10358	PPLA3
plc_01m0n2yy0fqhe7zdn1fp87225q	2647193	Hedgerley	51.571	-0.6041	910	PPL
plc_01m0n2yy0fqhe7zdn1frmqr3kt	2647195	Heddon on the Wall	54.99692	-1.79386	1318	PPL
plc_01m0n2yy0fqhe7zdn1fvj9x4fp	2647198	Heckmondwike	53.70646	-1.67747	18149	PPL
plc_01m0n2yy0fqhe7zdn1fwvj0426	2647200	Heckington	52.98183	-0.29903	3823	PPL
plc_01m0n2yy0fqhe7zdn1g0rnsvb7	2647207	Hebden Bridge	53.74093	-2.01337	4235	PPL
plc_01m0n2yy0fqhe7zdn1g0ybezpd	2647209	Hebburn	54.97302	-1.51546	21345	PPL
plc_01m0n2yy0fqhe7zdn1g4jswqvm	2647218	Heathfield	50.96718	0.25612	1001	PPL
plc_01m0n2yy0fqhe7zdn1g5fpsgm7	2647219	Heather	52.6933	-1.4241	920	PPL
plc_01m0n2yy0fqhe7zdn1g8gh4jye	2647220	Heath and Reach	51.94517	-0.65697	1346	PPL
plc_01m0n2yy0fqhe7zdn1gbp8ahm1	2647227	Heanor	53.01372	-1.35383	23122	PPL
plc_01m0n2yy0fqhe7zdn1gcv05kgk	2647229	Healing	53.58101	-0.16202	2940	PPL
plc_01m0n2yy0fqhe7zdn1gf0kfs2b	2647232	Heage	53.0505	-1.44688	2698	PPL
plc_01m0n2yy0fqhe7zdn1ghjfn057	2647240	Headcorn	51.16966	0.62433	2505	PPL
plc_01m0n2yy0fqhe7zdn1gjfgfqjt	2647242	Heacham	52.90782	0.49387	4714	PPL
plc_01m0n2yy0fqhe7zdn1gm8de3b9	2647246	Hazel Grove	53.38333	-2.11667	20170	PPL
plc_01m0n2yy0fqhe7zdn1gr7axvw9	2647248	Haywards Heath	50.99769	-0.10313	33845	PPL
plc_01m0n2yy0fqhe7zdn1gv36r11x	2647254	Haynes	52.06646	-0.39946	940	PPLA3
plc_01m0n2yy0fqhe7zdn1gybgchvc	2647258	Hayle	50.18392	-5.42137	8210	PPL
plc_01m0n2yy0fqhe7zdn1h1ks4hg3	2647260	Hayfield	53.37893	-1.94544	1940	PPL
plc_01m0n2yy0fqhe7zdn1h1npxvj4	2647261	Hayes	51.51579	-0.4234	93928	PPL
plc_01m0n2yy0fqhe7zdn1h447te8x	2647262	Hayes	51.37786	0.01682	15908	PPL
plc_01m0n2yy0fqhe7zdn1h4bkdtr7	2647263	Haydon Bridge	54.97486	-2.2468	1557	PPL
plc_01m0n2yy0fqhe7zdn1h6b3jf3j	2647265	Haydock	53.46723	-2.68166	17333	PPL
plc_01m0n2yy0fqhe7zdn1ha2h19pt	2647268	Haxey	53.48937	-0.8402	2153	PPL
plc_01m0n2yy0fqhe7zdn1hcg0snnf	2647269	Haxby	54.01422	-1.07121	11894	PPL
plc_01m0n2yy0fqhe7zdn1hcqyzjxm	2647274	Hawthorn	54.8	-1.35	500	PPLA3
plc_01m0n2yy0fqhe7zdn1he3d7cm1	2647278	Haworth	53.82905	-1.94827	6213	PPL
plc_01m0n2yy0fqhe7zdn1hg6fh3kz	2647289	Hawkinge	51.11276	1.16176	8002	PPL
plc_01m0n2yy0fqhe7zdn1hgq5t8z3	2647291	Hawkhurst	51.0479	0.51095	3963	PPL
plc_01m0n2yy0fqhe7zdn1hhahhqdh	2647292	Hawkhead	55.83333	-4.38333	968	PPL
plc_01m0n2yy0fqhe7zdn1hjfmavp4	2647297	Hawick	55.42273	-2.78666	13512	PPL
plc_01m0n2yy0fqhe7zdn1hparae0x	2647301	Hawes	54.30387	-2.19605	887	PPL
plc_01m0n2yy0fqhe7zdn1hrg6fz81	2647303	Hawarden	53.18478	-3.02578	25513	PPL
plc_01m0n2yy0fqhe7zdn1hvg7kwr4	2647309	Haverigg	54.19973	-3.29263	1849	PPL
plc_01m0n2yy0fqhe7zdn1hw715hqk	2647310	Haverhill	52.08226	0.43891	27041	PPL
plc_01m0n2yy0fqhe7zdn1hwa0kv3m	2647311	Haverfordwest	51.80169	-4.96914	14596	PPLA2
plc_01m0n2yy0fqhe7zdn1j02z4crj	2647317	Havant	50.8567	-0.98559	45574	PPL
plc_01m0n2yy0fqhe7zdn1j2hn9qv2	2647318	Hauxton	52.14892	0.1018	673	PPL
plc_01m0n2yy0fqhe7zdn1j5kx9kgs	2647325	Haughton	52.78333	-2.2	920	PPL
plc_01m0n2yy0fqhe7zdn1j74zbk2x	2647329	Haughley	52.21907	0.968	1285	PPL
plc_01m0n2yy0fqhe7zdn1jaw1mft7	2647333	Hatton	57.42434	-1.92218	890	PPL
plc_01m0n2yy0fqhe7zdn1jbxh3v87	2647335	Hatton	52.30007	-1.6326	2020	PPL
plc_01m0n2yy0fqhe7zdn1jcdacktj	2647338	Hathersage	53.3303	-1.65398	2018	PPL
plc_01m0n2yy0fqhe7zdn1jf53kf39	2647340	Hathern	52.79548	-1.25644	1866	PPL
plc_01m0n2yy0fqhe7zdn1jfxa0s23	2647341	Hatherleigh	50.82144	-4.07228	1518	PPL
plc_01m0n2yy0fqhe7zdn1jg3hpy0q	2647343	Hatfield Peverel	51.77591	0.59489	3950	PPL
plc_01m0n2yy0fqhe7zdn1jj2c1wys	2647345	Hatfield Heath	51.81233	0.21243	1717	PPL
plc_01m0n2yy0fqhe7zdn1jkvd2spv	2647346	Hatfield Broad Oak	51.82655	0.24651	916	PPL
plc_01m0n2yy0fqhe7zdn1jq9fszjv	2647349	Hatfield	51.76338	-0.22419	41265	PPL
plc_01m0n2yy0fqhe7zdn1js1ms19k	2647351	Hatch End	51.60789	-0.37367	9800	PPL
plc_01m0n2yy0fqhe7zdn1jtwk9z43	2647354	Haswell	54.78333	-1.41667	1248	PPLA3
plc_01m0n2yy0fqhe7zdn1jwf901s1	2647356	Hastings	50.85568	0.58009	92855	PPL
plc_01m0n2yy0fqhe7zdn1jyg1m6ty	2647359	Hassocks	50.92814	-0.16617	6821	PPL
plc_01m0n2yy0fqhe7zdn1jz8kh2x6	2647362	Haslingfield	52.15016	0.05579	1507	PPL
plc_01m0n2yy0fqhe7zdn1k2vee2nj	2647363	Haslingden	53.70326	-2.32382	15204	PPL
plc_01m0n2yy0fqhe7zdn1k42eswem	2647365	Haslemere	51.09015	-0.70785	17279	PPL
plc_01m0n2yy0fqhe7zdn1k6fbknrm	2647369	Haselbury Plucknett	50.89462	-2.75197	744	PPL
plc_01m0n2yy0fqhe7zdn1k76wz9yp	2647383	Harwich	51.94194	1.28437	20723	PPL
plc_01m0n2yy0fqhe7zdn1k9xgjzxs	2647385	Harwell	51.59947	-1.29175	1998	PPL
plc_01m0n2yy0fqhe7zdn1kab8bzpz	2647386	Harvington	52.14095	-1.92313	1680	PPL
plc_01m0n2yy0fqhe7zdn1kb1zdm1m	2647388	Hartwell	52.14616	-0.85376	1875	PPL
plc_01m0n2yy0fqhe7zdn1kcmqwy0j	2647391	Hartshill	52.54831	-1.52221	12479	PPL
plc_01m0n2yy0fqhe7zdn1kfqjhd7b	2647393	Hartpury	51.92419	-2.29314	699	PPL
plc_01m0n2yy0fqhe7zdn1kkq6st0k	2647395	Hartley Wintney	51.30379	-0.90019	4488	PPL
plc_01m0n2yy0fqhe7zdn1kmjzj8js	2647398	Hartley	51.38673	0.30367	16302	PPL
plc_01m0n2yy0fqhe7zdn1knjmm8a8	2647400	Hartlepool	54.68554	-1.21028	88855	PPLA2
plc_01m0n2yy0fqhe7zdn1ks4by5nm	2647401	Hartlebury	52.33333	-2.23333	1525	PPL
plc_01m0n2yy0fqhe7zdn1kvksx9vc	2647403	Hartland	50.9938	-4.48062	910	PPL
plc_01m0n2yy0fqhe7zdn1kxh9b07d	2647406	Harthill	55.86067	-3.75166	3710	PPL
plc_01m0n2yy0fqhe7zdn1m0ngwv6s	2647407	Harthill	53.31667	-1.26667	1684	PPL
plc_01m0n2yy0fqhe7zdn1m1xgaae5	2647419	Harston	52.13691	0.07999	1729	PPL
plc_01m0n2yy0fqhe7zdn1m22ba5ng	2647420	Harrow Weald	51.61066	-0.3374	14300	PPL
plc_01m0n2yy0fqhe7zdn1m4m07y5k	2647421	Harrow on the Hill	51.57142	-0.33371	10632	PPL
plc_01m0n2yy0fqhe7zdn1m64a4acy	2647425	Harrow	51.57835	-0.33208	149246	PPLA3
plc_01m0n2yy0fqhe7zdn1m7w1xxjr	2647427	Harrold	52.20127	-0.61038	1691	PPLA3
plc_01m0n2yy0fqhe7zdn1m93tn64t	2647428	Harrogate	53.99078	-1.5373	89060	PPL
plc_01m0n2yy0fqhe7zdn1m9y55rdg	2647437	Harrietsham	51.24252	0.6706	1442	PPL
plc_01m0n2yy0fqhe7zdn1mc2m8rh3	2647446	Harpole	52.24246	-0.98937	1344	PPL
plc_01m0n2yy0fqhe7zdn1mdchx9n9	2647451	Harpenden	51.81684	-0.35706	30674	PPL
plc_01m0n2yy0fqhe7zdn1mgthtgzh	2647459	Harmston	53.14808	-0.54752	709	PPL
plc_01m0n2yy0fqhe7zdn1mjqzh8yf	2647461	Harlow	51.77655	0.11158	93300	PPL
plc_01m0n2yy0fqhe7zdn1mkv7pa4x	2647464	Harlington	51.96288	-0.49241	2297	PPLA3
plc_01m0n2yy0fqhe7zdn1mqfesw0t	2647467	Harleston	52.40302	1.29664	4458	PPL
plc_01m0n2yy0fqhe7zdn1mqtqa16f	2647468	Harlesden	51.53811	-0.2502	17162	PPL
plc_01m0n2yy0fqhe7zdn1mqw9emkq	2647471	Harlech	52.85941	-4.10831	1762	PPL
plc_01m0n2yy0fqhe7zdn1msaprweb	2647472	Harlaxton	52.88446	-0.68802	782	PPL
plc_01m0n2yy0fqhe7zdn1mwf0r80n	2647487	Harefield	51.60333	-0.48546	6573	PPL
plc_01m0n2yy0fqhe7zdn1mxhfwjd1	2647497	Hardingstone	52.21358	-0.88582	7897	PPL
plc_01m0n2yy0fqhe7zdn1mxsw0drp	2647501	Harby	52.87296	-0.89573	931	PPL
plc_01m0n2yy0fqhe7zdn1mxsz46d3	2647502	Harbury	52.23537	-1.45706	2148	PPL
plc_01m0n2yy0fqhe7zdn1n0w9y32c	2647511	Hapton	53.78333	-2.31667	1979	PPL
plc_01m0n2yy0fqhe7zdn1n4esnkz7	2647514	Hanworth	51.43333	-0.38333	23563	PPL
plc_01m0n2yy0fqhe7zdn1n5zdn5eg	2647518	Hanslope	52.11425	-0.82672	1916	PPLA3
plc_01m0n2yy0fqhe7zdn1n777hvjd	2647532	Sixpenny Handley	50.95	-2	906	PPL
plc_01m0n2yy0fqhe7zdn1najexvze	2647534	Handcross	51.05383	-0.20076	1027	PPL
plc_01m0n2yy0fqhe7zdn1nc7wrp0h	2647546	Hampton in Arden	52.4254	-1.70271	1692	PPLA3
plc_01m0n2yy0fqhe7zdn1nd7dpyn3	2647549	Hampton	52.46667	-2.38333	604	PPL
plc_01m0n2yy0fqhe7zdn1nedaenf1	2647550	Hampton	51.41334	-0.36701	20000	PPL
plc_01m0n2yy0fqhe7zdn1ngqrh84p	2647551	Hampsthwaite	54.02374	-1.60616	923	PPL
plc_01m0n2yy0fqhe7zdn1nhy42z8h	2647552	Hampstead Norreys	51.4839	-1.24034	628	PPL
plc_01m0n2yy0fqhe7zdn1nnenn7b4	2647570	Hamilton	55.76667	-4.03333	54480	PPLA2
plc_01m0n2yy0fqhe7zdn1nqjs3hz4	2647580	Hambleton	53.76667	-1.16667	1749	PPL
plc_01m0n2yy0fqhe7zdn1ntg76t2e	2647582	Hambledon	50.93155	-1.08104	702	PPL
plc_01m0n2yy0fqhe7zdn1nycfynxa	2647585	Hamble-le-Rice	50.85966	-1.32432	3939	PPL
plc_01m0n2yy0fqhe7zdn1nz72prst	2647592	Halvergate	52.60631	1.57602	607	PPL
plc_01m0n2yy0fqhe7zdn1p2e8vt9y	2647593	Haltwhistle	54.97101	-2.45682	3791	PPLA3
plc_01m0n2yy0fqhe7zdn1p303qrhg	2647598	Halton	54.07887	-2.758	2056	PPL
plc_01m0n2yy0fqhe7zdn1p6dk7ak3	2647599	Halton	53.31667	-2.7	2218	PPL
plc_01m0n2yy0fqhe7zdn1p85exs8d	2647603	Halstock	50.86872	-2.65532	546	PPL
plc_01m0n2yy0fqhe7zdn1pc1f22yb	2647604	Halstead	51.94506	0.63927	11906	PPL
plc_01m0n2yy0fqhe7zdn1pdv2v9ry	2647612	Hallow	52.22344	-2.25468	1219	PPL
plc_01m0n2yy0fqhe7zdn1pf5eqp6b	2647616	Halling	51.35142	0.4452	1848	PPLA3
plc_01m0n2yy0fqhe7zdn1phdqsbg6	2647624	Hallaton	52.56107	-0.8369	594	PPL
plc_01m0n2yy0fqhe7zdn1pkw7m3hp	2647630	Halkirk	58.51227	-3.49155	1020	PPL
plc_01m0n2yy0fqhe7zdn1pqcw34q9	2647632	Halifax	53.71667	-1.85	82624	PPLA2
plc_01m0n2yy0fqhe7zdn1prdwhyy8	2647637	Halewood	53.3596	-2.83148	20430	PPL
plc_01m0n2yy0fqhe7zdn1ps6vncqg	2647638	Halesworth	52.3464	1.5029	5558	PPL
plc_01m0n2yy0fqhe7zdn1ptx02rb1	2647639	Halesowen	52.44859	-2.04938	60097	PPL
plc_01m0n2yy0fqhe7zdn1pyd231fk	2647640	Hales	52.52225	1.50869	648	PPL
plc_01m0n2yy0fqhe7zdn1q1m35jdp	2647643	Hale	53.33333	-2.8	1841	PPLA3
plc_01m0n2yy0fqhe7zdn1q3c25h57	2647644	Hale	51.22946	-0.78908	15657	PPLX
plc_01m0n2yy0fqhe7zdn1q5zm93mq	2647647	Halberton	50.9074	-3.41206	865	PPL
plc_01m0n2yy0fqhe7zdn1q7xakafc	2647654	Hail Weston	52.24541	-0.29431	610	PPL
plc_01m0n2yy0fqhe7zdn1q8fbcdax	2647655	Hailsham	50.8622	0.25775	23411	PPL
plc_01m0n2yy0fqhe7zdn1qb54n7vd	2647662	Hagley	52.4262	-2.12819	5850	PPL
plc_01m0n2yy0fqhe7zdn1qepv2bw3	2647663	Haggs	55.98962	-3.93756	660	PPL
plc_01m0n2yy0fqhe7zdn1qh67s1xm	2647675	Hadlow	51.22417	0.33914	2849	PPL
plc_01m0n2yy0fqhe7zdn1qjj27632	2647677	Hadley	52.7	-2.48333	14829	PPL
plc_01m0n2yy0fqhe7zdn1qpf1665k	2647678	Hadleigh	52.04499	0.95298	8150	PPL
plc_01m0n2yy0fqhe7zdn1qrzwr9jn	2647679	Hadleigh	51.55269	0.60983	18300	PPL
plc_01m0n2yy0fqhe7zdn1qt51p28e	2647686	Haddington	55.95612	-2.78332	9020	PPLA2
plc_01m0n2yy0fqhe7zdn1qxbgqn2s	2647687	Haddenham	52.35789	0.14827	2937	PPL
plc_01m0n2yy0fqhe7zdn1qz5905yc	2647688	Haddenham	51.77326	-0.92628	4391	PPL
plc_01m0n2yy0fqhe7zdn1qz9zqd0v	2647698	Hackleton	52.18798	-0.82312	1408	PPL
plc_01m0n2yy0fqhe7zdn1r24x7f9x	2647706	Habrough	53.60796	-0.26647	631	PPL
plc_01m0n2yy0fqhe7zdn1r2w04r9d	2647736	Gweek	50.09597	-5.20749	667	PPL
plc_01m0n2yy0fqhe7zdn1r3xxg0kn	2647738	Gwalchmai	53.25916	-4.41747	715	PPL
plc_01m0n2yy0fqhe7zdn1r5qg6q3p	2647759	Gunnislake	50.52441	-4.21333	4044	PPL
plc_01m0n2yy0fqhe7zdn1r897d8yg	2647761	Gunness	53.5908	-0.72834	2253	PPL
plc_01m0n2yy0fqhe7zdn1r8xk7f6z	2647778	Gullane	56.03652	-2.82829	2570	PPL
plc_01m0n2yy0fqhe7zdn1r9m3s8m3	2647784	Guiseley	53.87561	-1.71232	21000	PPL
plc_01m0n2yy0fqhe7zdn1rb523j74	2647785	Guisborough	54.53478	-1.05606	16979	PPLA3
plc_01m0n2yy0fqhe7zdn1rdkfg4c6	2647788	Guilsfield	52.69634	-3.15712	1220	PPL
plc_01m0n2yy0fqhe7zdn1rfwrbjgj	2647789	Guilsborough	52.35125	-1.01016	692	PPL
plc_01m0n2yy0fqhe7zdn1rgbtp9rp	2647793	Guildford	51.23536	-0.57427	71873	PPL
plc_01m0n2yy0fqhe7zdn1rmbcsz31	2647794	Guilden Morden	52.0808	-0.13304	986	PPL
plc_01m0n2yy0fqhe7zdn1rp52r7ky	2647815	Grundisburgh	52.11222	1.24618	1375	PPL
plc_01m0n2yy0fqhe7zdn1rsrce0t2	2647837	Grove	51.60954	-1.42187	8336	PPL
plc_01m0n2yy0fqhe7zdn1rw1b6fbb	2647843	Groombridge	51.11543	0.18295	1120	PPL
plc_01m0n2yy0fqhe7zdn1ryj9nf12	2647846	Groeslon	53.07871	-4.28061	880	PPL
plc_01m0n2yy0fqhe7zdn1s1d5wkn6	2647854	Griston	52.5572	0.86436	1540	PPL
plc_01m0n2yy0fqhe7zdn1s44xfpfs	2647862	Gringley on the Hill	53.40813	-0.89279	699	PPL
plc_01m0n2yy0fqhe7zdn1s619r265	2647874	Grimston	52.79011	-0.98656	1848	PPL
plc_01m0n2yy0fqhe7zdn1s8ynvb5t	2647875	Grimston	52.77312	0.54846	2086	PPL
plc_01m0n2yy0fqhe7zdn1s9rfpc1q	2647878	Grimsby	53.56539	-0.07553	86138	PPLA2
plc_01m0n2yy0fqhe7zdn1sbxa7bay	2647900	Greystoke	54.66907	-2.87275	654	PPL
plc_01m0n2yy0fqhe7zdn1scvhgkas	2647905	Greyabbey	54.53483	-5.56028	1030	PPL
plc_01m0n2yy0fqhe7zdn1sdrbvnvx	2647910	Gretna	54.9938	-3.06594	3110	PPL
plc_01m0n2yy0fqhe7zdn1sh21cxra	2647919	Gresford	53.08539	-2.97062	5010	PPL
plc_01m0n2yy0fqhe7zdn1sk33nejy	2647922	Grendon Underwood	51.88322	-1.01692	637	PPL
plc_01m0n2yy0fqhe7zdn1sn7xwsgj	2647924	Grendon	52.23442	-0.71411	544	PPL
plc_01m0n2yy0fqhe7zdn1ss54namv	2647934	Greetham	52.72059	-0.63068	638	PPLA3
plc_01m0n2yy0fqhe7zdn1sth12veq	2647937	Greenwich	51.47785	-0.01176	30578	PPLX
plc_01m0n2yy0fqhe7zdn1sxm7ny0r	2647948	Greenock	55.94838	-4.76121	41280	PPLA2
plc_01m0n2yy0fqhe7zdn1sztm27xv	2647954	Greenlaw	55.7068	-2.46241	640	PPL
plc_01m0n2yy0fqhe7zdn1t1sca0yb	2647957	Greenisland	54.70081	-5.87479	5073	PPL
plc_01m0n2yy0fqhe7zdn1t26ascry	2647962	Greenhithe	51.45026	0.28539	6567	PPL
plc_01m0n2yy0fqhe7zdn1t3jfkrys	2647970	Green Hammerton	54.0051	-1.30134	675	PPL
plc_01m0n2yy0fqhe7zdn1t7fwznge	2647972	Greenford	51.52866	-0.35508	38000	PPL
plc_01m0n2yy0fqhe7zdn1t7s2jt2h	2647975	Greenfield	53.28333	-3.21667	2446	PPL
plc_01m0n2yy0fqhe7zdn1t8cxsse7	2647983	Great Yeldham	52.01347	0.5654	1844	PPL
plc_01m0n2yy0fqhe7zdn1t930gvf0	2647984	Great Yarmouth	52.60831	1.73052	63434	PPL
plc_01m0n2yy0fqhe7zdn1ta17j4cz	2647985	Great Wyrley	52.66277	-2.01111	19193	PPL
plc_01m0n2yy0fqhe7zdn1tbqf3hdv	2647988	Greatworth	52.07666	-1.19618	708	PPL
plc_01m0n2yy0fqhe7zdn1tdj4yag1	2647989	Great Witley	52.29319	-2.36489	560	PPL
plc_01m0n2yy0fqhe7zdn1tfdfc0jm	2647992	Great Wilbraham	52.19346	0.26698	654	PPL
plc_01m0n2yy0fqhe7zdn1tgcemfnw	2647998	Great Waltham	51.79383	0.45671	847	PPL
plc_01m0n2yy0fqhe7zdn1tgqrahs8	2647999	Great Waldingfield	52.05545	0.77436	1256	PPL
plc_01m0n2yy0fqhe7zdn1tjwx6nk4	2648000	Great Wakering	51.55242	0.8038	5400	PPL
plc_01m0n2yy0fqhe7zdn1tntwy6gp	2648003	Great Totham	51.78567	0.71097	735	PPL
plc_01m0n2yy0fqhe7zdn1tq14g8dm	2648004	Great Torrington	50.95309	-4.14401	5714	PPL
plc_01m0n2yy0fqhe7zdn1tqreenvq	2648005	Great Tey	51.89925	0.74903	620	PPL
plc_01m0n2yy0fqhe7zdn1tt6hh9td	2648010	Great Stukeley	52.35657	-0.21071	720	PPL
plc_01m0n2yy0fqhe7zdn1txhz2c7y	2648014	Great Staughton	52.26763	-0.34118	896	PPL
plc_01m0n2yy0fqhe7zdn1v156aavv	2648017	Great Somerford	51.54354	-2.05209	593	PPL
plc_01m0n2yy0fqhe7zdn1v3z8e91a	2648024	Great Shefford	51.4747	-1.44959	937	PPL
plc_01m0n2yy0fqhe7zdn1v6kd62s8	2648026	Great Sankey	53.39234	-2.63994	43793	PPL
plc_01m0n2yy0fqhe7zdn1v8a9qt7q	2648027	Great Sampford	51.99225	0.39139	586	PPL
plc_01m0n2yy0fqhe7zdn1vasbqnb0	2648030	Great Ryburgh	52.80823	0.90097	694	PPL
plc_01m0n2yy0fqhe7zdn1vd7bfyjk	2648033	Great Rollright	51.97595	-1.52864	502	PPL
plc_01m0n2yy0fqhe7zdn1vgq22yqb	2648038	Great Paxton	52.26057	-0.22818	1007	PPL
plc_01m0n2yy0fqhe7zdn1vj7s51mh	2648043	Great Ouseburn	54.05	-1.31667	598	PPL
plc_01m0n2yy0fqhe7zdn1vp734w28	2648047	Great Offley	51.92752	-0.33568	748	PPL
plc_01m0n2yy0fqhe7zdn1vs7fyzvp	2648049	Great Oakley	51.90308	1.18807	702	PPL
plc_01m0n2yy0fqhe7zdn1vvqqq37n	2648057	Great Missenden	51.70419	-0.70797	7227	PPL
plc_01m0n2yy0fqhe7zdn1vwm0vh95	2648058	Great Milton	51.72028	-1.08953	618	PPL
plc_01m0n2yy0fqhe7zdn1vx9892v2	2648061	Great Massingham	52.77541	0.66368	902	PPL
plc_01m0n2yy0fqhe7zdn1vxkdam6x	2648063	Great Malvern	52.11161	-2.32515	36770	PPL
plc_01m0n2yy0fqhe7zdn1w168rjsd	2648064	Great Longstone	53.24169	-1.70168	843	PPL
plc_01m0n2yy0fqhe7zdn1w16gvb2m	2648069	Great Leighs	51.82761	0.5064	2709	PPL
plc_01m0n2yy0fqhe7zdn1w3mj01cb	2648073	Great Kimble	51.74738	-0.8095	698	PPL
plc_01m0n2yy0fqhe7zdn1w7kz58r3	2648074	Great Houghton	53.55352	-1.34952	2475	PPLA3
plc_01m0n2yy0fqhe7zdn1wb6dpmmw	2648076	Great Horwood	51.97351	-0.88088	1049	PPL
plc_01m0n2yy0fqhe7zdn1we7g0tdk	2648079	Great Horkesley	51.93821	0.87551	2476	PPL
plc_01m0n2yy0fqhe7zdn1wfx434rs	2648083	Great Haseley	51.71182	-1.07379	511	PPL
plc_01m0n2yy0fqhe7zdn1wk1f562e	2648084	Great Harwood	53.78512	-2.40865	11467	PPL
plc_01m0n2yy0fqhe7zdn1wngpp1nn	2648087	Great Hanwood	52.68333	-2.81667	1090	PPLA3
plc_01m0n2yy0fqhe7zdn1wsaf1trh	2648089	Greatham	54.64183	-1.23806	939	PPLA3
plc_01m0n2yy0fqhe7zdn1wvkyzrac	2648095	Great Gransden	52.18546	-0.14574	1319	PPL
plc_01m0n2yy0fqhe7zdn1wy3jgcck	2648096	Great Gonerby	52.93507	-0.66685	5853	PPL
plc_01m0n2yy0fqhe7zdn1x16a33wb	2648097	Great Glen	52.57548	-1.0349	2977	PPL
plc_01m0n2yy0fqhe7zdn1x2t7nnaz	2648106	Great Finborough	52.1807	0.94302	808	PPL
plc_01m0n2yy0fqhe7zdn1x4nd99a2	2648111	Great Ellingham	52.53679	0.97407	856	PPL
plc_01m0n2yy0fqhe7zdn1x70xrw6q	2648113	Great Eccleston	53.85315	-2.87026	1657	PPL
plc_01m0n2yy0fqhe7zdn1x9tv1sk5	2648117	Great Dunmow	51.8723	0.36255	7749	PPL
plc_01m0n2yy0fqhe7zdn1xa13613r	2648120	Driffield	54.00613	-0.44495	13080	PPLA3
plc_01m0n2yy0fqhe7zdn1xb0578ke	2648124	Great Dalby	52.72287	-0.90032	562	PPL
plc_01m0n2yy0fqhe7zdn1xenfwpqd	2648135	Great Chishill	52.02974	0.07193	921	PPL
plc_01m0n2yy0fqhe7zdn1xjhvc310	2648136	Great Chesterford	52.06431	0.1972	1494	PPL
plc_01m0n2yy0fqhe7zdn1xnmatsna	2648150	Great Brickhill	51.96622	-0.68753	817	PPL
plc_01m0n2yy0fqhe7zdn1xq2cx32t	2648154	Great Bookham	51.27916	-0.37423	11375	PPL
plc_01m0n2yy0fqhe7zdn1xrfm1x0f	2648162	Great Bentley	51.85333	1.06379	1545	PPL
plc_01m0n2yy0fqhe7zdn1xtct8tph	2648163	Great Bedwyn	51.3795	-1.60151	1175	PPLA3
plc_01m0n2yy0fqhe7zdn1xvp7pmvd	2648164	Great Barton	52.27257	0.76679	1600	PPL
plc_01m0n2yy0fqhe7zdn1xvyeh6ke	2648165	Great Barrow	53.21067	-2.79474	578	PPL
plc_01m0n2yy0fqhe7zdn1xw05mh0y	2648168	Great Barford	52.15791	-0.35235	2003	PPL
plc_01m0n2yy0fqhe7zdn1xyn63c3a	2648169	Great Bardfield	51.94813	0.43645	1227	PPL
plc_01m0n2yy0fqhe7zdn1xzswnxza	2648172	Great Ayton	54.49148	-1.13623	4518	PPL
plc_01m0n2yy0fqhe7zdn1y18wzjcx	2648175	Great Amwell	51.79014	-0.01669	1098	PPL
plc_01m0n2yy0fqhe7zdn1y4mt5v2t	2648182	Grays	51.47566	0.32521	89755	PPLA2
plc_01m0n2yy0fqhe7zdn1y7s7qnzm	2648187	Gravesend	51.44206	0.37106	54263	PPLA3
plc_01m0n2yy0fqhe7zdn1y9q4r71k	2648197	Grassington	54.0714	-1.99822	1792	PPL
plc_01m0n2yy0fqhe7zdn1yd42c1n3	2648205	Grantown on Spey	57.33051	-3.60867	2440	PPL
plc_01m0n2yy0fqhe7zdn1yee2twch	2648208	Grantham	52.91149	-0.64184	44580	PPL
plc_01m0n2yy0fqhe7zdn1yfe94nsk	2648215	Grangemouth	56.01141	-3.72183	16120	PPL
plc_01m0n2yy0fqhe7zdn1yftgfjrx	2648227	Grampound	50.29935	-4.90055	537	PPL
plc_01m0n2yy0fqhe7zdn1ykmgx1mn	2648232	Grainthorpe	53.45295	0.0797	563	PPL
plc_01m0n2yy0fqhe7zdn1ymrq4q5h	2648236	Grain	51.45591	0.71126	1648	PPL
plc_01m0n2yy0fqhe7zdn1yp10ge6p	2648243	Graffham	50.94999	-0.68107	516	PPL
plc_01m0n2yy0fqhe7zdn1yq0vfz6b	2648253	Goxhill	53.67635	-0.33759	2290	PPL
plc_01m0n2yy0fqhe7zdn1ys88kk75	2648256	Govilon	51.81928	-3.06295	1447	PPL
plc_01m0n2yy0fqhe7zdn1ysbxg56p	2648259	Gourock	55.96157	-4.81789	10210	PPL
plc_01m0n2yy0fqhe7zdn1yvjrvrrs	2648260	Gourdon	56.82979	-2.28641	750	PPL
plc_01m0n2yy0fqhe7zdn1yyk27c6w	2648263	Goudhurst	51.11314	0.45615	1142	PPL
plc_01m0n2yy0fqhe7zdn1yz7rbket	2648265	Gotham	52.86799	-1.20558	1563	PPL
plc_01m0n2yy0fqhe7zdn1z12zdaqy	2648272	Gosport	50.79509	-1.12902	81952	PPL
plc_01m0n2yy0fqhe7zdn1z174r1zp	2648273	Gosforth	55	-1.61667	23975	PPL
plc_01m0n2yy0fqhe7zdn1z3d2g5aj	2648274	Gosforth	54.41718	-3.43366	961	PPL
plc_01m0n2yy0fqhe7zdn1z6x1az9f	2648278	Gosfield	51.93657	0.59197	1140	PPL
plc_01m0n2yy0fqhe7zdn1zaq24vz1	2648279	Gosberton	52.86913	-0.16102	1764	PPL
plc_01m0n2yy0fqhe7zdn1zbk5ab9j	2648290	Gorseinon	51.66931	-4.04163	20581	PPL
plc_01m0n2yy0fqhe7zdn1zbyv3smk	2648299	Gorleston-on-Sea	52.57301	1.73069	5882	PPL
plc_01m0n2yy0fqhe7zdn1zfscsh8t	2648300	Goring-by-Sea	50.81239	-0.42194	1001	PPL
plc_01m0n2yy0fqhe7zdn1zkpzz72a	2648301	Goring	51.52322	-1.13342	4079	PPL
plc_01m0n2yy0fqhe7zdn1zndzwhkm	2648308	Gorebridge	55.84594	-3.04563	6330	PPL
plc_01m0n2yy0fqhe7zdn1zp7g7mp2	2648314	Goostrey	53.22731	-2.33919	2008	PPL
plc_01m0n2yy0fqhe7zdn1zrpwbw2m	2648315	Goosnargh	53.822	-2.67017	1398	PPL
plc_01m0n2yy0fqhe7zdn1zvqr94yh	2648319	Goole	53.70324	-0.87732	20810	PPLA3
plc_01m0n2yy0fqhe7zdn1zy8pcwz8	2648320	Goodworth Clatford	51.17843	-1.48354	573	PPL
plc_01m0n2yy0fqhe7zdn1zzazx3q3	2648325	Goodwick	52.00491	-4.99511	1720	PPL
plc_01m0n2yy0fqhe7zdn2012c0k7a	2648330	Goodmayes	51.56288	0.11068	13069	PPL
plc_01m0n2yy0fqhe7zdn2013re5xv	2648341	Golspie	57.97266	-3.97798	1410	PPL
plc_01m0n2yy0fqhe7zdn2034mgnyq	2648347	Goldhanger	51.7485	0.75239	654	PPL
plc_01m0n2yy0fqhe7zdn2037mgpyn	2648356	Golborne	53.47693	-2.59651	24021	PPL
plc_01m0n2yy0fqhe7zdn205qn7bk8	2648363	Godstone	51.24779	-0.06914	2564	PPL
plc_01m0n2yy0fqhe7zdn207ds3wv1	2648365	Godshill	50.63308	-1.25476	1459	PPL
plc_01m0n2yy0fqhe7zdn20atksyqn	2648370	Godmanchester	52.31939	-0.17509	6506	PPL
plc_01m0n2yy0fqhe7zdn20d2fa058	2648372	Godalming	51.1858	-0.61489	22689	PPLA4
plc_01m0n2yy0fqhe7zdn20ec8zm5j	2648373	Gobowen	52.89615	-3.03686	3270	PPL
plc_01m0n2yy0fqhe7zdn20f4dcxyy	2648383	Gnosall	52.78558	-2.25483	3869	PPL
plc_01m0n2yy0fqhe7zdn20gwqpn6t	2648385	Glyn-neath	51.7475	-3.61833	5419	PPL
plc_01m0n2yy0fqhe7zdn20m4evyre	2648390	Glyncorrwg	51.67944	-3.62806	1096	PPLA3
plc_01m0n2yy0fqhe7zdn20q166v2a	2648396	Glusburn	53.9	-2	7425	PPL
plc_01m0n2yy0fqhe7zdn20r7s6r9y	2648404	Gloucester	51.86568	-2.2431	132416	PPLA2
plc_01m0n2yy0fqhe7zdn20rpnjpa6	2648405	Glossop	53.44325	-1.949	17825	PPL
plc_01m0n2yy0fqhe7zdn20s279ttp	2648409	Glinton	52.63921	-0.29629	1740	PPLA3
plc_01m0n2yy0fqhe7zdn20skmkjah	2648428	Glentham	53.39967	-0.49489	508	PPL
plc_01m0n2yy0fqhe7zdn20t5s0hyr	2648438	Glenrothes	56.19514	-3.17316	38360	PPLA2
plc_01m0n2yy0fqhe7zdn20wv8vmrf	2648448	Glen Parva	52.58527	-1.17062	17189	PPL
plc_01m0n2yy0fqhe7zdn20yfptnx3	2648463	Glenluce	54.87879	-4.81037	600	PPL
plc_01m0n2yy0fqhe7zdn20yt1tz7v	2648484	Glenfield	52.6466	-1.19493	10000	PPLA2
plc_01m0n2yy0fqhe7zdn2122xgj9n	2648491	Glenfarg	56.28006	-3.40027	770	PPL
plc_01m0n2yy0fqhe7zdn2152f35gx	2648523	Glenboig	55.89422	-4.04619	2780	PPL
plc_01m0n2yy0fqhe7zdn217kfesta	2648529	Glenavy	54.59231	-6.21371	1089	PPL
plc_01m0n2yy0fqhe7zdn219h35734	2648538	Glenariff	55.05	-6.06667	1286	PPL
plc_01m0n2yy0fqhe7zdn21am1xgk4	2648549	Glemsford	52.10351	0.66912	3382	PPL
plc_01m0n2yy0fqhe7zdn21ayjshes	2648554	Glazebury	53.47078	-2.49823	1068	PPL
plc_01m0n2yy0fqhe7zdn21dpt8dxe	2648559	Glastonbury	51.14745	-2.72075	8932	PPL
plc_01m0n2yy0fqhe7zdn21gyhq03x	2648565	Glassford	55.69974	-4.02949	640	PPL
plc_01m0n2yy0fqhe7zdn21mn9zafc	2648579	Glasgow	55.86515	-4.25763	626410	PPLA2
plc_01m0n2yy0fqhe7zdn21qz0ytkz	2648603	Glanamman	51.8	-3.93333	4168	PPL
plc_01m0n2yy0fqhe7zdn21v780gzr	2648621	Gislingham	52.3036	1.04198	669	PPL
plc_01m0n2yy0fqhe7zdn21vspbnps	2648623	Gisburn	53.93494	-2.26347	521	PPL
plc_01m0n2yy0fqhe7zdn21wdrzxnm	2648626	Girvan	55.24255	-4.85551	6650	PPL
plc_01m0n2yy0fqhe7zdn21ympbjen	2648627	Girton	52.23333	0.08333	3836	PPL
plc_01m0n2yy0fqhe7zdn2229xztfk	2648640	Gimingham	52.87614	1.39234	513	PPL
plc_01m0n2yy0fqhe7zdn2240cyt7n	2648642	Gilwern	51.82475	-3.09355	2263	PPL
plc_01m0n2yy0fqhe7zdn225nhaes1	2648650	Gilmorton	52.48682	-1.16001	976	PPL
plc_01m0n2yy0fqhe7zdn225p22be1	2648657	Gillingham	51.38914	0.54863	101187	PPL
plc_01m0n2yy0fqhe7zdn225rdswfm	2648658	Gillingham	51.03833	-2.27611	8822	PPL
plc_01m0n2yy0fqhe7zdn229etgs2q	2648669	Gilford	54.37256	-6.36126	1583	PPL
plc_01m0n2yy0fqhe7zdn22c7e9d86	2648670	Gilfach Goch	51.59213	-3.47296	2532	PPL
plc_01m0n2yy0fqhe7zdn22e8fnxsa	2648675	Gilberdyke	53.75297	-0.73892	3430	PPL
plc_01m0n2yy0fqhe7zdn22gbcqsdq	2648682	Gifford	55.9033	-2.74592	780	PPL
plc_01m0n2yy0fqhe7zdn22hsgwden	2648683	Giffnock	55.80373	-4.29488	12070	PPLA2
plc_01m0n2yy0fqhe7zdn22kb9ybqj	2648714	Gerrans	50.17863	-4.98166	535	PPL
plc_01m0n2yy0fqhe7zdn22mp4zn83	2648728	Gelligaer	51.66444	-3.25611	17376	PPLA3
plc_01m0n2yy0fqhe7zdn22nzbnf5b	2648735	Gedney Hill	52.68434	-0.02008	1072	PPL
plc_01m0n2yy0fqhe7zdn22sb861xv	2648738	Gedling	52.97574	-1.07873	6817	PPL
plc_01m0n2yy0fqhe7zdn22v65f5zx	2648739	Geddington	52.43757	-0.68965	1503	PPL
plc_01m0n2yy0fqhe7zdn22vs8s1f4	2648751	Gazeley	52.24872	0.51782	686	PPL
plc_01m0n2yy0fqhe7zdn22wfzxn51	2648761	Gawsworth	53.23178	-2.17014	703	PPL
plc_01m0n2yy0fqhe7zdn22xqf4zmw	2648762	Gawcott	51.98136	-1.0101	778	PPL
plc_01m0n2yy0fqhe7zdn22xz86pb5	2648773	Gateshead	54.96209	-1.60168	77649	PPLA2
plc_01m0n2yy0fqhe7zdn231avajwa	2648778	Gatehouse of Fleet	54.88196	-4.18428	950	PPL
plc_01m0n2yy0fqhe7zdn232mezrh9	2648803	Garvagh	54.98333	-6.66667	1372	PPL
plc_01m0n2yy0fqhe7zdn2335zxnqm	2648826	Garswood	53.48878	-2.67224	6183	PPL
plc_01m0n2yy0fqhe7zdn236rrw9qf	2648827	Garston	53.33333	-2.9	21403	PPL
plc_01m0n2yy0fqhe7zdn239scxsvg	2648828	Garston	51.689	-0.39512	7300	PPL
plc_01m0n2yy0fqhe7zdn23ag6expv	2648829	Garstang	53.90081	-2.77417	9530	PPL
plc_01m0n2yy0fqhe7zdn23c3gt9ey	2648831	Garsington	51.71623	-1.16129	1333	PPL
plc_01m0n2yy0fqhe7zdn23dny0q47	2648866	Garmouth	57.66453	-3.10875	580	PPL
plc_01m0n2yy0fqhe7zdn23fve2jpc	2648872	Gargunnock	56.12474	-4.08319	750	PPL
plc_01m0n2yy0fqhe7zdn23hstddr1	2648873	Gargrave	53.98353	-2.10459	1755	PPL
plc_01m0n2yy0fqhe7zdn23narjn53	2648875	Garforth	53.79173	-1.38067	14838	PPL
plc_01m0n2yy0fqhe7zdn23pfpjgpz	2648877	Garelochhead	56.08203	-4.82909	2110	PPL
plc_01m0n2yy0fqhe7zdn23svjp3qn	2648880	Gardenstown	57.67199	-2.33762	670	PPL
plc_01m0n2yy0fqhe7zdn23xm1zt3x	2648883	Garboldisham	52.39535	0.9468	543	PPL
plc_01m0n2yy0fqhe7zdn240m6683k	2648899	Gamlingay	52.15561	-0.19303	3247	PPL
plc_01m0n2yy0fqhe7zdn243b0w27p	2648909	Galston	55.60093	-4.38172	4690	PPL
plc_01m0n2yy0fqhe7zdn246wawg05	2648924	Galgate	53.99362	-2.79201	2458	PPL
plc_01m0n2yy0fqhe7zdn249q75ygy	2648928	Galashiels	55.61458	-2.80695	10060	PPL
plc_01m0n2yy0fqhe7zdn24c4fra1c	2648945	Gainsborough	53.38333	-0.76667	20537	PPL
plc_01m0n2yy0fqhe7zdn24e21gedq	2648946	Gainford	54.54718	-1.73601	1133	PPL
plc_01m0n2yy0fqhe7zdn24hebbrag	2648954	Gaerwen	53.22112	-4.27362	1551	PPL
plc_01m0n2yy0fqhe7zdn24k13f1r4	2648970	Fylde	53.83333	-2.91667	76500	PPL
plc_01m0n2yy0fqhe7zdn24me75qz0	2648971	Fyfield	51.74065	0.26976	796	PPLA4
plc_01m0n2yy0fqhe7zdn24mh121cv	2648976	Furneux Pelham	51.93141	0.08051	553	PPL
plc_01m0n2yy0fqhe7zdn24q0wnecw	2648988	Fulwood	53.35	-1.55	18233	PPL
plc_01m0n2yy0fqhe7zdn24r9q4qj5	2648990	Fulstow	53.45568	-0.00411	522	PPL
plc_01m0n2yy0fqhe7zdn24vbc3c1b	2648993	Full Sutton	53.98869	-0.86758	1072	PPL
plc_01m0n2yy0fqhe7zdn24x73w895	2648997	Fulham	51.48026	-0.1993	87161	PPL
plc_01m0n2yy0fqhe7zdn24xp2ys8d	2648999	Fulford	52.93818	-2.0721	650	PPL
plc_01m0n2yy0fqhe7zdn2513bqkwg	2649000	Fulbourn	52.18283	0.22046	3725	PPLA4
plc_01m0n2yy0fqhe7zdn253h96bzm	2649016	Frosterley	54.72608	-1.95879	636	PPL
plc_01m0n2yy0fqhe7zdn255pgfppm	2649024	Frome	51.22834	-2.32211	26203	PPL
plc_01m0n2yy0fqhe7zdn2588cmxk5	2649029	Frodsham	53.29485	-2.72745	9032	PPL
plc_01m0n2yy0fqhe7zdn258j2degd	2649033	Frizington	54.54185	-3.4946	1737	PPL
plc_01m0n2yy0fqhe7zdn25by63bk8	2649034	Fritwell	51.95974	-1.23291	736	PPL
plc_01m0n2yy0fqhe7zdn25ffbpjbh	2649044	Friston	50.76402	0.1993	1620	PPL
plc_01m0n2yy0fqhe7zdn25hyrerne	2649048	Friockheim	56.63688	-2.66806	1010	PPL
plc_01m0n2yy0fqhe7zdn25jjr0z1v	2649049	Frinton-on-Sea	51.83061	1.24424	16941	PPL
plc_01m0n2yy0fqhe7zdn25ncbhqkr	2649051	Fringford	51.95336	-1.12292	602	PPL
plc_01m0n2yy0fqhe7zdn25q4y16rp	2649052	Frimley	51.31667	-0.74544	12739	PPL
plc_01m0n2yy0fqhe7zdn25syz6j2a	2649055	Friern Barnet	51.61328	-0.15853	17250	PPL
plc_01m0n2yy0fqhe7zdn25tb21xdw	2649062	Freuchie	56.24688	-3.15861	1240	PPL
plc_01m0n2yy0fqhe7zdn25xhz40g7	2649066	Fressingfield	52.34745	1.31767	790	PPL
plc_01m0n2yy0fqhe7zdn25yx2z8kd	2649069	Freshwater	50.68365	-1.52616	7829	PPLA3
plc_01m0n2yy0fqhe7zdn260mbsbqz	2649076	Fremington	51.06955	-4.1366	4310	PPL
plc_01m0n2yy0fqhe7zdn260rk589q	2649080	Freethorpe	52.5925	1.55587	995	PPL
plc_01m0n2yy0fqhe7zdn2630ymebm	2649083	Freckleton	53.75433	-2.86489	8049	PPLA4
plc_01m0n2yy0fqhe7zdn26702fpkt	2649089	Fraserburgh	57.68744	-2.01844	12570	PPL
plc_01m0n2yy0fqhe7zdn267ypy8am	2649093	Frant	51.0977	0.27191	781	PPL
plc_01m0n2yy0fqhe7zdn268j690e0	2649100	Frampton on Severn	51.77054	-2.36382	1432	PPL
plc_01m0n2yy0fqhe7zdn268xns16b	2649104	Framlingham	52.22117	1.34205	3086	PPL
plc_01m0n2yy0fqhe7zdn26ct7beay	2649106	Framfield	50.96337	0.12763	665	PPL
plc_01m0n2yy0fqhe7zdn26e06fg3p	2649121	Fownhope	52.00833	-2.61515	779	PPL
plc_01m0n2yy0fqhe7zdn26e6mkath	2649122	Fowlmere	52.09343	0.07433	1206	PPL
plc_01m0n2yy0fqhe7zdn26ff43kyy	2649126	Fowey	50.33634	-4.6386	2131	PPL
plc_01m0n2yy0fqhe7zdn26js4dhjw	2649129	Fovant	51.05593	-1.9921	669	PPL
plc_01m0n2yy0fqhe7zdn26nnzr609	2649132	Four Marks	51.10735	-1.04945	5674	PPL
plc_01m0n2yy0fqhe7zdn26pp6ymxw	2649133	Four Crosses	52.75941	-3.08106	1438	PPL
plc_01m0n2yy0fqhe7zdn26qdzhy34	2649139	Foulsham	52.78182	1.01049	1021	PPL
plc_01m0n2yy0fqhe7zdn26s7k52g0	2649140	Foulridge	53.87579	-2.16864	1159	PPL
plc_01m0n2yy0fqhe7zdn26t575jw5	2649169	Fort William	56.81648	-5.11208	15757	PPL
plc_01m0n2yy0fqhe7zdn26tgqb6dq	2649170	Fortuneswell	50.5603	-2.44243	3381	PPL
plc_01m0n2yy0fqhe7zdn26xj5zcw6	2649171	Fortrose	57.58087	-4.13263	1400	PPL
plc_01m0n2yy0fqhe7zdn26xra16w0	2649179	Forth	55.76502	-3.68874	2240	PPL
plc_01m0n2yy0fqhe7zdn26z4797yk	2649183	Fort Augustus	57.14313	-4.68224	670	PPL
plc_01m0n2yy0fqhe7zdn272fpqz7w	2649192	Forres	57.60997	-3.62115	9900	PPL
plc_01m0n2yy0fqhe7zdn275bgt12d	2649198	Formby	53.55838	-3.06999	23329	PPLA3
plc_01m0n2yy0fqhe7zdn2762qrbzn	2649205	Forgandenny	56.34596	-3.47841	590	PPL
plc_01m0n2yy0fqhe7zdn276mdxbjq	2649207	Forfar	56.64382	-2.89001	13970	PPLA2
plc_01m0n2yy0fqhe7zdn278hbpfjd	2649210	Forest Row	51.09641	0.03262	3704	PPL
plc_01m0n2yy0fqhe7zdn27b699v3g	2649216	Forest Hill	51.4462	-0.04189	14854	PPLX
plc_01m0n2yy0fqhe7zdn27ean6br8	2649228	Fordingbridge	50.92747	-1.79029	6066	PPL
plc_01m0n2yy0fqhe7zdn27f7rpjmy	2649229	Fordham	52.31129	0.39057	2712	PPL
plc_01m0n2yy0fqhe7zdn27jfbz2p2	2649232	Forden	52.61502	-3.12324	745	PPL
plc_01m0n2yy0fqhe7zdn27m4t3gh5	2649237	Ford	52.71693	-2.86881	697	PPLA3
plc_01m0n2yy0fqhe7zdn27ptxwfpn	2649255	Folksworth	52.49537	-0.31278	881	PPL
plc_01m0n2yy0fqhe7zdn27tnzrsav	2649256	Folkingham	52.88923	-0.40735	796	PPL
plc_01m0n2yy0fqhe7zdn27y2kahyd	2649258	Folkestone	51.08169	1.16734	66429	PPL
plc_01m0n2yy0fqhe7zdn280c5m9r8	2649267	Fochriw	51.74003	-3.29861	1250	PPL
plc_01m0n2yy0fqhe7zdn2842eg72y	2649269	Fochabers	57.61445	-3.09947	1690	PPL
plc_01m0n2yy0fqhe7zdn2853ajjf4	2649271	Flushing	50.16486	-5.06976	722	PPL
plc_01m0n2yy0fqhe7zdn285rckczr	2649280	Flore	52.23647	-1.05726	1194	PPL
plc_01m0n2yy0fqhe7zdn28666qhnf	2649281	Flookburgh	54.17415	-2.97214	1305	PPL
plc_01m0n2yy0fqhe7zdn28a1z9fya	2649290	Flockton	53.63034	-1.63945	1368	PPL
plc_01m0n2yy0fqhe7zdn28chtswmj	2649295	Flitwick	52.00338	-0.49472	12983	PPLA3
plc_01m0n2yy0fqhe7zdn28d0kxemc	2649301	Flint	53.24488	-3.13231	26442	PPLA3
plc_01m0n2yy0fqhe7zdn28gx6dytd	2649304	Flimby	54.68956	-3.52092	1707	PPL
plc_01m0n2yy0fqhe7zdn28jz6tnx0	2649312	Fleetwood	53.92527	-3.01085	26232	PPL
plc_01m0n2yy0fqhe7zdn28pvj8yfx	2649321	Fleet	52.79321	0.05854	2136	PPL
plc_01m0n2yy0fqhe7zdn28tstqymr	2649322	Fleet	51.28333	-0.83333	38726	PPL
plc_01m0n2yy0fqhe7zdn28y1ek3bk	2649327	Flax Bourton	51.42122	-2.70522	715	PPL
plc_01m0n2yy0fqhe7zdn290541w12	2649334	Flamstead	51.81971	-0.43707	990	PPL
plc_01m0n2yy0fqhe7zdn292xwbene	2649337	Flamborough	54.11696	-0.12364	1914	PPLA3
plc_01m0n2yy0fqhe7zdn293sqmgg0	2649345	Fladbury	52.11421	-2.00769	641	PPL
plc_01m0n2yy0fqhe7zdn295mf4x0t	2649347	Fivemiletown	54.38333	-7.3	1109	PPL
plc_01m0n2yy0fqhe7zdn29727234k	2649348	Fivehead	51.00212	-2.92145	609	PPL
plc_01m0n2yy0fqhe7zdn297sxs713	2649349	Fitzwilliam	53.63288	-1.3769	4259	PPL
plc_01m0n2yy0fqhe7zdn2993y5c23	2649353	Fittleworth	50.9644	-0.56185	681	PPL
plc_01m0n2yy0fqhe7zdn299wmgmfd	2649365	Fishtoft	52.96095	0.02702	1085	PPL
plc_01m0n2yy0fqhe7zdn29b4g2h50	2649372	Fishguard	51.99376	-4.97631	3419	PPL
plc_01m0n2yy0fqhe7zdn29dbz8cn8	2649376	Fishburn	54.68296	-1.43631	2588	PPLA3
plc_01m0n2yy0fqhe7zdn29evrt74f	2649377	Fishbourne	50.83641	-0.82088	2325	PPL
plc_01m0n2yy0fqhe7zdn29ewscsv8	2649398	Fintona	54.5	-7.31667	1373	PPL
plc_01m0n2yy0fqhe7zdn29f909ffk	2649403	Finningley	53.48696	-0.99083	3525	PPL
plc_01m0n2yy0fqhe7zdn29fshv8de	2649428	Finedon	52.33917	-0.65008	4309	PPL
plc_01m0n2yy0fqhe7zdn29j3eydjj	2649432	Findon	50.86816	-0.40735	1886	PPL
plc_01m0n2yy0fqhe7zdn29k03tqpj	2649433	Findochty	57.69735	-2.90104	1180	PPL
plc_01m0n2yy0fqhe7zdn29p3cxw9s	2649438	Findhorn	57.65718	-3.60846	880	PPL
plc_01m0n2yy0fqhe7zdn29q6fje71	2649439	Findern	52.87037	-1.54409	1669	PPL
plc_01m0n2yy0fqhe7zdn29rtefm0f	2649441	Finchley	51.60096	-0.19518	65812	PPL
plc_01m0n2yy0fqhe7zdn29t05jg4z	2649442	Finchingfield	51.96841	0.45129	711	PPL
plc_01m0n2yy0fqhe7zdn29wr8vxpf	2649445	Finchampstead	51.36149	-0.85728	1034	PPLA3
plc_01m0n2yy0fqhe7zdn29xn86yzc	2649454	Fillongley	52.48252	-1.58727	695	PPL
plc_01m0n2yy0fqhe7zdn2a05yv2vn	2649463	Filey	54.21	-0.28917	6530	PPL
plc_01m0n2yy0fqhe7zdn2a1ra2zmp	2649464	Filby	52.65957	1.64271	765	PPL
plc_01m0n2yy0fqhe7zdn2a27pgwxk	2649512	Ferryside	51.76784	-4.369	846	PPL
plc_01m0n2yy0fqhe7zdn2a2b7488s	2649516	Ferryhill	54.68333	-1.55	9805	PPLA3
plc_01m0n2yy0fqhe7zdn2a2xaw56t	2649517	Ferryden	56.70097	-2.46474	905	PPL
plc_01m0n2yy0fqhe7zdn2a6eq6zk0	2649518	Ferrybridge	53.71058	-1.27948	1491	PPL
plc_01m0n2yy0fqhe7zdn2a743p3sn	2649527	Fernhurst	51.04873	-0.71789	2106	PPL
plc_01m0n2yy0fqhe7zdn2a8m6c2f3	2649528	Fernhill Heath	52.23002	-2.19659	3256	PPL
plc_01m0n2yy0fqhe7zdn2a9naergd	2649531	Ferndale	51.66056	-3.4475	7338	PPLA3
plc_01m0n2yy0fqhe7zdn2aa8jx1jx	2649542	Fenwick	55.65823	-4.44342	1070	PPL
plc_01m0n2yy0fqhe7zdn2adr6asdf	2649549	Fenstanton	52.29903	-0.06712	2639	PPL
plc_01m0n2yy0fqhe7zdn2ah27dbza	2649553	Fenny Compton	52.16725	-1.39157	808	PPL
plc_01m0n2yy0fqhe7zdn2an0t4ycz	2649568	Feltwell	52.48581	0.51945	2635	PPL
plc_01m0n2yy0fqhe7zdn2an6hcxtx	2649569	Felton	55.29768	-1.71143	1126	PPLA3
plc_01m0n2yy0fqhe7zdn2aq0wdsm8	2649570	Felton	51.38889	-2.68278	779	PPL
plc_01m0n2yy0fqhe7zdn2as13etb4	2649571	Feltham	51.4462	-0.41388	63368	PPL
plc_01m0n2yy0fqhe7zdn2at8jxqq0	2649578	Felling	54.95297	-1.57152	34355	PPL
plc_01m0n2yy0fqhe7zdn2ay3dv3am	2649579	Felixstowe	51.96375	1.3511	24521	PPL
plc_01m0n2yy0fqhe7zdn2b03tctks	2649593	Featherstone	53.67688	-1.35647	11060	PPLA3
plc_01m0n2yy0fqhe7zdn2b1mdgasz	2649609	Fazeley	52.61443	-1.6985	7522	PPL
plc_01m0n2yy0fqhe7zdn2b1pn3kt4	2649610	Fazakerley	53.4614	-2.92863	16374	PPL
plc_01m0n2yy0fqhe7zdn2b5jdw87x	2649622	Faversham	51.3148	0.88856	23024	PPL
plc_01m0n2yy0fqhe7zdn2b89m7b5z	2649624	Fauldhouse	55.82749	-3.70741	4840	PPL
plc_01m0n2yy0fqhe7zdn2bc3762dy	2649644	Farrington Gurney	51.29774	-2.52913	901	PPL
plc_01m0n2yy0fqhe7zdn2bg0p9587	2649650	Farnworth	53.55	-2.4	25680	PPL
plc_01m0n2yy0fqhe7zdn2bjy02bdc	2649652	Farnsfield	53.10223	-1.0332	2566	PPL
plc_01m0n2yy0fqhe7zdn2bmcp0fr5	2649657	Farnham Royal	51.54208	-0.61584	6187	PPL
plc_01m0n2yy0fqhe7zdn2bqew21f6	2649660	Farnham	51.21444	-0.80054	36971	PPLA4
plc_01m0n2yy0fqhe7zdn2bqxwsqbw	2649666	Farndon	53.05	-0.85	2506	PPL
plc_01m0n2yy0fqhe7zdn2br82chdh	2649669	Farnborough	52.14289	-1.36926	2154	PPL
plc_01m0n2yy0fqhe7zdn2btmxxwb7	2649671	Farnborough	51.35948	0.06905	9033	PPL
plc_01m0n2yy0fqhe7zdn2bwba6jhm	2649672	Farnborough	51.29424	-0.75565	60652	PPL
plc_01m0n2yy0fqhe7zdn2byqm9z0a	2649674	Farmborough	51.3439	-2.48778	847	PPL
plc_01m0n2yy0fqhe7zdn2c11hp13z	2649686	Faringdon	51.65644	-1.58676	7121	PPL
plc_01m0n2yy0fqhe7zdn2c3ceef2c	2649692	Fareham	50.85162	-1.17929	42210	PPL
plc_01m0n2yy0fqhe7zdn2c46h1hsn	2649715	Falmouth	50.15441	-5.07113	31988	PPLA3
plc_01m0n2yy0fqhe7zdn2c68bz1j5	2649722	Falkland	56.25255	-3.20389	1110	PPL
plc_01m0n2yy0fqhe7zdn2c6t5yewp	2649723	Falkirk	56.0021	-3.78535	35310	PPLA2
plc_01m0n2yy0fqhe7zdn2c9ypb81v	2649730	Fakenham	52.82996	0.8477	8285	PPL
plc_01m0n2yy0fqhe7zdn2cbv5w3tg	2649737	Fairlight	50.87802	0.65669	1516	PPL
plc_01m0n2yy0fqhe7zdn2ceam7y76	2649738	Fairlie	55.75602	-4.85564	1440	PPL
plc_01m0n2yy0fqhe7zdn2cepptgx3	2649741	Fairford	51.70816	-1.78128	3236	PPL
plc_01m0n2yy0fqhe7zdn2chaak1by	2649770	Eythorne	51.1971	1.2662	1520	PPL
plc_01m0n2yy0fqhe7zdn2cmez0rqv	2649774	Eynsham	51.78077	-1.37454	4648	PPL
plc_01m0n2yy0fqhe7zdn2cr6zsdwc	2649775	Eynsford	51.36765	0.21132	2791	PPL
plc_01m0n2yy0fqhe7zdn2cw57bary	2649784	Eyemouth	55.8713	-2.0901	3580	PPL
plc_01m0n2yy0fqhe7zdn2cy2rp309	2649788	Eye	52.608	-0.19209	2875	PPLA3
plc_01m0n2yy0fqhe7zdn2d0k3ec5f	2649789	Eye	52.32055	1.14618	2210	PPL
plc_01m0n2yy0fqhe7zdn2d3882d22	2649794	Eyam	53.28583	-1.67819	969	PPL
plc_01m0n2yy0fqhe7zdn2d4p8t5zf	2649796	Exton	52.69106	-0.63463	607	PPLA3
plc_01m0n2yy0fqhe7zdn2d4xm4x5t	2649799	Exning	52.26642	0.37439	1688	PPL
plc_01m0n2yy0fqhe7zdn2d7w9hs1z	2649800	Exmouth	50.61723	-3.40233	36204	PPL
plc_01m0n2yy0fqhe7zdn2dbg1z234	2649803	Exminster	50.68075	-3.49706	3368	PPL
plc_01m0n2yy0fqhe7zdn2dd14171h	2649805	Exhall	52.46464	-1.48144	2317	PPL
plc_01m0n2yy0fqhe7zdn2ddeqejj7	2649808	Exeter	50.7236	-3.52751	130709	PPLA2
plc_01m0n2yy0fqhe7zdn2dh9es210	2649815	Ewyas Harold	51.95358	-2.89325	1007	PPL
plc_01m0n2yy0fqhe7zdn2dk89eq96	2649817	Ewhurst	51.15448	-0.44344	1653	PPL
plc_01m0n2yy0fqhe7zdn2dkd19f9d	2649820	Ewerby	53.01148	-0.33165	509	PPL
plc_01m0n2yy0fqhe7zdn2dnn8npfv	2649821	Ewenny	51.48183	-3.57367	768	PPL
plc_01m0n2yy0fqhe7zdn2dqjcpa3p	2649830	Evington	52.6	-1.06667	17268	PPL
plc_01m0n2yy0fqhe7zdn2dvgjs9fq	2649833	Evesham	52.09237	-1.94887	27684	PPL
plc_01m0n2yy0fqhe7zdn2dwg8fzgn	2649836	Everton	52.14581	-0.24616	523	PPLA3
plc_01m0n2yy0fqhe7zdn2dwpegw9d	2649842	Evercreech	51.14806	-2.50556	1845	PPL
plc_01m0n2yy0fqhe7zdn2dyj6pfxr	2649843	Evenwood	54.62213	-1.76133	1608	PPL
plc_01m0n2yy0fqhe7zdn2e1fqwbwq	2649851	Evanton	57.66385	-4.34004	1390	PPL
plc_01m0n2yy0fqhe7zdn2e26f57qv	2649852	Euxton	53.6699	-2.67615	7863	PPL
plc_01m0n2yy0fqhe7zdn2e2kz44p0	2649863	Etwall	52.88353	-1.60023	2572	PPL
plc_01m0n2yy0fqhe7zdn2e4g8mt8f	2649873	Eton	51.48833	-0.60905	3025	PPL
plc_01m0n2yy0fqhe7zdn2e6kb45kh	2649886	Eston	54.55932	-1.1434	7005	PPL
plc_01m0n2yy0fqhe7zdn2e6p157dk	2649891	Essendon	51.76322	-0.1548	580	PPL
plc_01m0n2yy0fqhe7zdn2e85jgjt7	2649911	Esher	51.36969	-0.36693	52392	PPL
plc_01m0n2yy0fqhe7zdn2eb62wmrr	2649916	Escrick	53.88001	-1.04344	944	PPL
plc_01m0n2yy0fqhe7zdn2eczqkegk	2649921	Errol	56.39234	-3.21275	1410	PPL
plc_01m0n2yy0fqhe7zdn2eg44xzb6	2649937	Erith	51.48315	0.17484	9811	PPL
plc_01m0n2yy0fqhe7zdn2ekc6as7p	2649955	Epworth	53.52602	-0.82399	4279	PPL
plc_01m0n2yy0fqhe7zdn2em5ahdrc	2649957	Epsom	51.3305	-0.27011	31489	PPL
plc_01m0n2yy0fqhe7zdn2emww5hmt	2649963	Epping	51.69815	0.11055	10695	PPL
plc_01m0n2yy0fqhe7zdn2epze82pv	2649978	Enstone	51.91537	-1.45371	849	PPL
plc_01m0n2yy0fqhe7zdn2esata28k	2649984	Enniskillen	54.34615	-7.64133	14472	PPLA2
plc_01m0n2yy0fqhe7zdn2ewb8pv6a	2649996	Enfield Lock	51.67086	-0.02748	16469	PPL
plc_01m0n2yy0fqhe7zdn2eytkdev8	2649997	Enfield Town	51.65147	-0.08497	156858	PPLA3
plc_01m0n2yy0fqhe7zdn2f13xj5q9	2649999	Endon	53.07687	-2.11297	3221	PPL
plc_01m0n2yy0fqhe7zdn2f438c5gv	2650000	Enderby	52.58778	-1.20619	8113	PPL
plc_01m0n2yy0fqhe7zdn2f77n7q7a	2650004	Emsworth	50.84779	-0.93697	18777	PPL
plc_01m0n2yy0fqhe7zdn2fa32wgz1	2650006	Empingham	52.66722	-0.59601	880	PPLA3
plc_01m0n2yy0fqhe7zdn2fbz4swcp	2650007	Emneth	52.64244	0.20857	2257	PPL
plc_01m0n2yy0fqhe7zdn2ffkgex6f	2650008	Emley	53.61395	-1.6313	1497	PPL
plc_01m0n2yy0fqhe7zdn2fj6fvwje	2650009	Embsay	53.97664	-1.99282	1679	PPL
plc_01m0n2yy0fqhe7zdn2fks34wtp	2650023	Ely	52.39964	0.26196	20574	PPL
plc_01m0n2yy0fqhe7zdn2fm7vsbzq	2650029	Elvington	53.92087	-0.93495	933	PPLA3
plc_01m0n2yy0fqhe7zdn2fp9c7gnn	2650039	Elton	52.53134	-0.39534	679	PPL
plc_01m0n2yy0fqhe7zdn2ft3qj4gj	2650042	Eltham	51.45061	0.05225	48964	PPL
plc_01m0n2yy0fqhe7zdn2fvrqeqq9	2650044	Elsworth	52.2547	-0.07225	566	PPL
plc_01m0n2yy0fqhe7zdn2fwjpt115	2650046	Elswick	53.83836	-2.88147	1079	PPL
plc_01m0n2yy0fqhe7zdn2fxe2rn1b	2650047	Elstree	51.6403	-0.29693	1835	PPL
plc_01m0n2yy0fqhe7zdn2fyzkn6zy	2650049	Elston	53.02446	-0.8693	631	PPL
plc_01m0n2yy0fqhe7zdn2g0ja430b	2650051	Elstead	51.18548	-0.70536	2557	PPL
plc_01m0n2yy0fqhe7zdn2g2ycen8b	2650059	Elsenham	51.91431	0.22934	2272	PPL
plc_01m0n2yy0fqhe7zdn2g6r9ch5c	2650068	Elmswell	52.23616	0.91247	3950	PPL
plc_01m0n2yy0fqhe7zdn2g7v9ch82	2650076	Elmesthorpe	52.56091	-1.31107	509	PPL
plc_01m0n2yy0fqhe7zdn2g9y3hpm2	2650086	Ellon	57.36405	-2.07313	10070	PPL
plc_01m0n2yy0fqhe7zdn2gdxecnjz	2650092	Ellington	52.33256	-0.29938	585	PPL
plc_01m0n2yy0fqhe7zdn2gfhttafe	2650094	Ellingham	52.48084	1.48839	679	PPL
plc_01m0n2yy0fqhe7zdn2gkavrbvs	2650096	Ellesmere Port Town	53.27875	-2.90134	65430	PPL
plc_01m0n2yy0fqhe7zdn2gq2pm0a3	2650097	Ellesmere	52.90838	-2.89806	3686	PPL
plc_01m0n2yy0fqhe7zdn2gt1m0dfn	2650098	Ellesborough	51.7527	-0.79011	544	PPL
plc_01m0n2yy0fqhe7zdn2gvzq2tjx	2650110	Elland	53.6851	-1.83878	15625	PPL
plc_01m0n2yy0fqhe7zdn2gzss61z2	2650113	Elkesley	53.27282	-0.97076	822	PPL
plc_01m0n2yy0fqhe7zdn2h2yn3a9w	2650117	Elie	56.19257	-2.82228	949	PPL
plc_01m0n2yy0fqhe7zdn2h4dtgx8g	2650120	Elham	51.15197	1.1105	911	PPL
plc_01m0n2yy0fqhe7zdn2h6d14s7q	2650122	Elgin	57.64947	-3.31843	25040	PPLA2
plc_01m0n2yy0fqhe7zdn2h9xcyb5e	2650123	Elford	52.69103	-1.72103	632	PPL
plc_01m0n2yy0fqhe7zdn2hccccw4f	2650128	Elderslie	55.83327	-4.48598	5690	PPL
plc_01m0n2yy0fqhe7zdn2hf2v09r1	2650174	Egremont	54.47941	-3.52756	6222	PPL
plc_01m0n2yy0fqhe7zdn2hgq7w8jr	2650184	Eglinton	55.01667	-7.18333	3818	PPL
plc_01m0n2yy0fqhe7zdn2hhxphkqb	2650188	Egham	51.43158	-0.55239	29663	PPL
plc_01m0n2yy0fqhe7zdn2hj6hbfbp	2650191	Egginton	52.85027	-1.60452	574	PPL
plc_01m0n2yy0fqhe7zdn2hkjbsas4	2650197	Edzell	56.80906	-2.65605	900	PPL
plc_01m0n2yy0fqhe7zdn2hprzwyqe	2650200	Edwinstowe	53.19454	-1.06439	5188	PPL
plc_01m0n2yy0fqhe7zdn2hsqwhj01	2650209	Edmonton	51.62561	-0.05798	82000	PPL
plc_01m0n2yy0fqhe7zdn2hwmtx9ac	2650210	Edmondthorpe	52.74991	-0.72604	632	PPL
plc_01m0n2yy0fqhe7zdn2hzrgs88v	2650217	Edith Weston	52.63786	-0.63189	818	PPLA3
plc_01m0n2yy0fqhe7zdn2j02hqef2	2650218	Edington	51.27583	-2.10639	734	PPLA3
plc_01m0n2yy0fqhe7zdn2j3mywv0d	2650222	Edingale	52.70676	-1.68912	632	PPL
plc_01m0n2yy0fqhe7zdn2j4cckhr6	2650225	Edinburgh	55.95206	-3.19648	514990	PPLA
plc_01m0n2yy0fqhe7zdn2j832e6s3	2650227	Edgworth	53.64636	-2.39401	2321	PPL
plc_01m0n2yy0fqhe7zdn2jbrxwgtn	2650228	Edgware	51.6128	-0.27539	9832	PPL
plc_01m0n2yy0fqhe7zdn2je7085tf	2650230	Edgmond	52.774	-2.40967	1080	PPL
plc_01m0n2yy0fqhe7zdn2jh6gqj5g	2650235	Edgcott	51.8917	-1.0096	988	PPL
plc_01m0n2yy0fqhe7zdn2jmrz3azq	2650244	Edenfield	53.66674	-2.30481	2126	PPL
plc_01m0n2yy0fqhe7zdn2jmya5g3k	2650246	Edenbridge	51.19172	0.06729	8172	PPL
plc_01m0n2yy0fqhe7zdn2jpwqa91y	2650265	Eckington	52.06667	-2.11667	1217	PPL
plc_01m0n2yy0fqhe7zdn2jqy2pfpc	2650271	Eccleston	53.64236	-2.72162	4646	PPL
plc_01m0n2yy0fqhe7zdn2jv6w6m4t	2650274	Eccleshall	52.85789	-2.24971	2651	PPL
plc_01m0n2yy0fqhe7zdn2jxsg6f91	2650278	Eccles	53.48333	-2.33333	37275	PPL
plc_01m0n2yy0fqhe7zdn2jyvfjgsf	2650280	Ecclefechan	55.05928	-3.26652	850	PPL
plc_01m0n2yy0fqhe7zdn2k1w9kf84	2650283	Ebchester	54.89261	-1.84188	871	PPL
plc_01m0n2yy0fqhe7zdn2k35mhjhr	2650285	Ebbw Vale	51.77714	-3.20792	33068	PPLA2
plc_01m0n2yy0fqhe7zdn2k6dvwvga	2650293	Eaton Socon	52.21752	-0.28925	5704	PPL
plc_01m0n2yy0fqhe7zdn2k7ejcnea	2650295	Eaton Bray	51.87697	-0.59167	3912	PPL
plc_01m0n2yy0fqhe7zdn2k8tkkvrc	2650299	Eaton	52.85327	-0.81711	648	PPL
plc_01m0n2yy0fqhe7zdn2kadwx1d9	2650301	Ettington	52.13773	-1.60742	1039	PPL
plc_01m0n2yy0fqhe7zdn2kbgv7sqt	2650309	Eastwood	53	-1.3	18612	PPL
plc_01m0n2yy0fqhe7zdn2kc9y1ry5	2650311	East Wittering	50.76969	-0.87444	5647	PPL
plc_01m0n2yy0fqhe7zdn2kee2jnkq	2650312	East Winch	52.72039	0.51241	779	PPL
plc_01m0n2yy0fqhe7zdn2khecav6n	2650314	East Wemyss	56.16018	-3.06422	1970	PPL
plc_01m0n2yy0fqhe7zdn2kj0fekaz	2650325	East Tilbury	51.48053	0.41714	5471	PPL
plc_01m0n2yy0fqhe7zdn2kn2h44ac	2650332	East Stour	51.00761	-2.28501	573	PPL
plc_01m0n2yy0fqhe7zdn2krph5gkd	2650341	Eastry	51.24639	1.30776	2492	PPL
plc_01m0n2yy0fqhe7zdn2krt7m0gj	2650343	East Rudham	52.8207	0.7111	541	PPL
plc_01m0n2yy0fqhe7zdn2ktctbhxy	2650344	Eastrington	53.76038	-0.79325	1147	PPLA3
plc_01m0n2yy0fqhe7zdn2kv0c2sxe	2650346	Retford	53.32213	-0.94315	22023	PPL
plc_01m0n2yy0fqhe7zdn2kx9xq5r1	2650357	East Peckham	51.21234	0.38624	2485	PPL
plc_01m0n2yy0fqhe7zdn2m196zg75	2650361	Easton on the Hill	52.62733	-0.50571	1015	PPL
plc_01m0n2yy0fqhe7zdn2m4njx497	2650368	Easton	50.53333	-2.45	7800	PPL
plc_01m0n2yy0fqhe7zdn2m6r1rqwy	2650376	East Molesey	51.39872	-0.34916	18565	PPL
plc_01m0n2yy0fqhe7zdn2m6y3ba5y	2650377	East Meon	50.9955	-1.03186	871	PPL
plc_01m0n2yy0fqhe7zdn2m7qqd95r	2650379	East Markham	53.25221	-0.89385	1160	PPL
plc_01m0n2yy0fqhe7zdn2maxsvrrq	2650392	East Linton	55.98737	-2.65682	1700	PPL
plc_01m0n2yy0fqhe7zdn2me1j6sj5	2650396	Eastleigh	50.96667	-1.35	54225	PPL
plc_01m0n2yy0fqhe7zdn2mev49ae8	2650397	East Leake	52.83015	-1.18103	6337	PPL
plc_01m0n2yy0fqhe7zdn2mffd92n2	2650405	East Kilbride	55.76412	-4.17669	75310	PPL
plc_01m0n2yy0fqhe7zdn2mgvf4wbn	2650408	East Ilsley	51.52728	-1.29089	538	PPL
plc_01m0n2yy0fqhe7zdn2mm55va8y	2650411	East Horsley	51.27358	-0.43207	5866	PPL
plc_01m0n2yy0fqhe7zdn2mpjr8xab	2650415	East Hoathly	50.92457	0.16308	893	PPL
plc_01m0n2yy0fqhe7zdn2mr5nfxkq	2650422	East Harptree	51.30111	-2.62167	644	PPLA3
plc_01m0n2yy0fqhe7zdn2mvzc3syp	2650424	East Harling	52.43843	0.93353	2142	PPL
plc_01m0n2yy0fqhe7zdn2mw07krcv	2650426	East Hanningfield	51.68277	0.55902	977	PPL
plc_01m0n2yy0fqhe7zdn2mzct2z65	2650427	East Hanney	51.63443	-1.39518	1238	PPL
plc_01m0n2yy0fqhe7zdn2n0bejz87	2650431	East Halton	53.66285	-0.27955	626	PPL
plc_01m0n2yy0fqhe7zdn2n1ad1vf9	2650433	East Haddon	52.30718	-1.02361	643	PPL
plc_01m0n2yy0fqhe7zdn2n522d5dc	2650435	East Grinstead	51.12382	-0.0061	26523	PPL
plc_01m0n2yy0fqhe7zdn2n89dc9kn	2650440	East Garston	51.48915	-1.47918	535	PPL
plc_01m0n2yy0fqhe7zdn2nb6cyayk	2650467	East Dulwich	51.45353	-0.07203	12321	PPLX
plc_01m0n2yy0fqhe7zdn2nc4t5v22	2650470	East Dereham	52.68333	0.93333	19256	PPL
plc_01m0n2yy0fqhe7zdn2ndq720gp	2650471	East Dean	51.03979	-1.60941	1613	PPL
plc_01m0n2yy0fqhe7zdn2ndxj9jj1	2650476	East Cowton	54.42367	-1.52697	533	PPL
plc_01m0n2yy0fqhe7zdn2nga456eg	2650482	Eastchurch	51.40673	0.85766	1135	PPL
plc_01m0n2yy0fqhe7zdn2nj9sb0g7	2650484	East Chevington	55.28333	-1.58333	1751	PPLA3
plc_01m0n2yy0fqhe7zdn2nm50crt7	2650485	East Challow	51.58891	-1.4514	769	PPL
plc_01m0n2yy0fqhe7zdn2npxz0hwv	2650489	East Calder	55.89186	-3.46372	4710	PPL
plc_01m0n2yy0fqhe7zdn2ntx7swrh	2650493	East Budleigh	50.65259	-3.31952	650	PPL
plc_01m0n2yy0fqhe7zdn2nx7xnkv8	2650495	East Bridgford	52.97954	-0.96563	1814	PPL
plc_01m0n2yy0fqhe7zdn2nykzmwvj	2650497	Eastbourne	50.76871	0.28453	101689	PPL
plc_01m0n2yy0fqhe7zdn2p10z214m	2650498	East Boldon	54.94452	-1.42815	5001	PPL
plc_01m0n2yy0fqhe7zdn2p2ff6en2	2650499	East Bergholt	51.97785	1.01761	2252	PPL
plc_01m0n2yy0fqhe7zdn2p55jjv9f	2650517	Easingwold	54.1201	-1.1939	4358	PPL
plc_01m0n2yy0fqhe7zdn2p5y78g9v	2650518	Easington	54.78528	-1.35917	7193	PPL
plc_01m0n2yy0fqhe7zdn2p9e0p3k9	2650519	Easington	53.65359	0.11501	691	PPLA3
plc_01m0n2yy0fqhe7zdn2pc10mwwz	2650530	Earsham	52.45164	1.41857	882	PPL
plc_01m0n2yy0fqhe7zdn2pfknypwm	2650539	Earlswood	51.22901	-0.17582	5049	PPLX
plc_01m0n2yy0fqhe7zdn2phygj75b	2650541	Earlston	55.63856	-2.67495	1780	PPL
plc_01m0n2yy0fqhe7zdn2pn28wn4q	2650549	Earls Court	51.49159	-0.19801	9104	PPLX
plc_01m0n2yy0fqhe7zdn2pr8zfxfg	2650550	Earls Colne	51.92744	0.70107	3862	PPL
plc_01m0n2yy0fqhe7zdn2pve046as	2650552	Earls Barton	52.26627	-0.75248	5387	PPL
plc_01m0n2yy0fqhe7zdn2pwy375m2	2650558	Earith	52.35422	0.03056	1606	PPL
plc_01m0n2yy0fqhe7zdn2q09bsh3j	2650560	Eardisley	52.14045	-3.00843	550	PPL
plc_01m0n2yy0fqhe7zdn2q25n089d	2650562	Eardington	52.5141	-2.41211	530	PPL
plc_01m0n2yy0fqhe7zdn2q27h90g1	2650563	Earby	53.91546	-2.14285	4538	PPL
plc_01m0n2yy0fqhe7zdn2q421hspz	2650572	Eaglesham	55.74119	-4.27459	3150	PPL
plc_01m0n2yy0fqhe7zdn2q7akkqqb	2650573	Eaglesfield	55.05901	-3.1972	680	PPL
plc_01m0n2yy0fqhe7zdn2q9y22fj5	2650578	Eagle	53.19471	-0.68864	793	PPL
plc_01m0n2yy0fqhe7zdn2qd4f96zt	2650584	Dyserth	53.30032	-3.41262	2594	PPL
plc_01m0n2yy0fqhe7zdn2qg70k9p7	2650588	Dymock	51.97878	-2.43967	592	PPL
plc_01m0n2yy0fqhe7zdn2qgbs5rse	2650589	Dymchurch	51.02544	0.99392	3263	PPL
plc_01m0n2yy0fqhe7zdn2qgqyqjka	2650601	Dyce	57.20522	-2.17676	5730	PPLX
plc_01m0n2yy0fqhe7zdn2qmbrejbk	2650605	Duxford	52.09393	0.15917	2099	PPL
plc_01m0n2yy0fqhe7zdn2qmdykhkq	2650613	Dursley	51.68139	-2.35333	14992	PPL
plc_01m0n2yy0fqhe7zdn2qnx9b8nm	2650628	Durham	54.77676	-1.57566	47785	PPLA2
plc_01m0n2yy0fqhe7zdn2qs44df7c	2650642	Dunvant	51.62535	-4.03458	4383	PPL
plc_01m0n2yy0fqhe7zdn2qtmppm89	2650646	Duntocher	55.92437	-4.41545	7036	PPL
plc_01m0n2yy0fqhe7zdn2qycc8kqn	2650649	Dunswell	53.80106	-0.37139	1682	PPL
plc_01m0n2yy0fqhe7zdn2qzqsj6qg	2650651	Dunston	53.15346	-0.41189	770	PPL
plc_01m0n2yy0fqhe7zdn2r0y8syyd	2650657	Dunstable	51.88571	-0.52288	51973	PPLA3
plc_01m0n2yy0fqhe7zdn2r2xhvx28	2650673	Duns	55.77704	-2.34575	2680	PPL
plc_01m0n2yy0fqhe7zdn2r4ahm426	2650681	Dunoon	55.95031	-4.92734	8160	PPL
plc_01m0n2yy0fqhe7zdn2r70bfa4h	2650686	Dunnington	53.95	-0.25	2987	PPL
plc_01m0n2yy0fqhe7zdn2r8f8v44k	2650688	Dunning	56.31201	-3.58638	930	PPL
plc_01m0n2yy0fqhe7zdn2ra99e8zh	2650709	Dunloy	55.011	-6.41087	1091	PPL
plc_01m0n2yy0fqhe7zdn2rbkz3cyg	2650710	Dunlop	55.71198	-4.53622	1160	PPL
plc_01m0n2yy0fqhe7zdn2rc8nct1z	2650713	Dunkeswell	50.86301	-3.22289	1361	PPL
plc_01m0n2yy0fqhe7zdn2rfnn1s1f	2650716	Dunkeld	56.5655	-3.58559	1330	PPL
plc_01m0n2yy0fqhe7zdn2rk6wyr28	2650718	Dunipace	56.027	-3.91471	2580	PPL
plc_01m0n2yy0fqhe7zdn2rm4t7dar	2650721	Dunholme	53.30067	-0.46541	5625	PPL
plc_01m0n2yy0fqhe7zdn2rp8xwrc4	2650722	Dunham on the Hill	53.24965	-2.793	501	PPL
plc_01m0n2yy0fqhe7zdn2rqtn1mm0	2650726	Dungiven	54.93333	-6.91667	3346	PPL
plc_01m0n2yy0fqhe7zdn2rtn9encj	2650729	Dungannon	54.50344	-6.76723	11935	PPLA2
plc_01m0n2yy0fqhe7zdn2rx5hdx1v	2650731	Dunford Bridge	53.51752	-1.76378	627	PPL
plc_01m0n2yy0fqhe7zdn2rz5aa2gw	2650732	Dunfermline	56.07156	-3.45887	54990	PPL
plc_01m0n2yy0fqhe7zdn2s2td2879	2650739	Dundrum	54.2575	-5.84455	1090	PPL
plc_01m0n2yy0fqhe7zdn2s5a96hjv	2650748	Dundonald	55.57939	-4.59473	2670	PPL
plc_01m0n2yy0fqhe7zdn2s61as4wh	2650749	Dundonald	54.59196	-5.79803	13985	PPL
plc_01m0n2yy0fqhe7zdn2s8z6xgv3	2650752	Dundee	56.46913	-2.97489	148210	PPLA2
plc_01m0n2yy0fqhe7zdn2s8zc2wyf	2650761	Dunchurch	52.33757	-1.29136	2405	PPL
plc_01m0n2yy0fqhe7zdn2sa7n4ahy	2650769	Dunblane	56.18843	-3.96417	9310	PPL
plc_01m0n2yy0fqhe7zdn2sc4s93gf	2650776	Dunbar	56.00062	-2.51418	10270	PPL
plc_01m0n2yy0fqhe7zdn2secqz6en	2650798	Dumfries	55.06959	-3.61139	46500	PPLA2
plc_01m0n2yy0fqhe7zdn2sggwwk88	2650800	Dumbleton	52.02215	-1.97605	576	PPL
plc_01m0n2yy0fqhe7zdn2shh2t116	2650802	Dumbarton	55.94433	-4.57061	19950	PPLA2
plc_01m0n2yy0fqhe7zdn2shn3ey52	2650804	Dulverton	51.04007	-3.55035	1052	PPL
plc_01m0n2yy0fqhe7zdn2skcpjxvw	2650809	Dullatur	55.96791	-4.01064	720	PPL
plc_01m0n2yy0fqhe7zdn2snmh32bd	2650815	Dukinfield	53.47497	-2.08809	21155	PPL
plc_01m0n2yy0fqhe7zdn2sq55vp7w	2650833	Dufftown	57.44571	-3.12708	1660	PPL
plc_01m0n2yy0fqhe7zdn2sv0jp19z	2650836	Duffield	52.98627	-1.48865	4687	PPL
plc_01m0n2yy0fqhe7zdn2syc6ywjc	2650839	Dudley	52.5	-2.08333	199059	PPLA2
plc_01m0n2yy0fqhe7zdn2sztn4e9m	2650844	Duddon	53.17737	-2.73059	655	PPL
plc_01m0n2yy0fqhe7zdn2t38yyvv1	2650848	Ducklington	51.76763	-1.48418	1608	PPL
plc_01m0n2yy0fqhe7zdn2t5tdaq3b	2650894	Drymen	56.06582	-4.45273	830	PPL
plc_01m0n2yy0fqhe7zdn2t7m86p29	2650898	Dry Drayton	52.24168	0.01807	643	PPL
plc_01m0n2yy0fqhe7zdn2t8pr7h6g	2650901	Drybrook	51.8555	-2.51681	1647	PPL
plc_01m0n2yy0fqhe7zdn2t96bg54q	2650918	Drumnadrochit	57.33438	-4.47989	1130	PPL
plc_01m0n2yy0fqhe7zdn2tbevys1g	2650962	Droylsden	53.48005	-2.14543	23689	PPL
plc_01m0n2yy0fqhe7zdn2tes9645y	2650963	Droxford	50.96059	-1.13811	675	PPL
plc_01m0n2yy0fqhe7zdn2th5ebj7t	2650967	Dronfield	53.30221	-1.47507	21124	PPL
plc_01m0n2yy0fqhe7zdn2tmqxnhyd	2650976	Dromore	54.51331	-7.45886	5641	PPL
plc_01m0n2yy0fqhe7zdn2tndea0m7	2650977	Dromore	54.41374	-6.14908	6492	PPL
plc_01m0n2yy0fqhe7zdn2trzfhpsb	2650983	Droitwich	52.26667	-2.15	23834	PPL
plc_01m0n2yy0fqhe7zdn2twdz0vxx	2650996	Dreghorn	55.60807	-4.62226	3640	PPL
plc_01m0n2yy0fqhe7zdn2tygk0nfc	2651008	Draycott	51.25615	-2.75116	1057	PPL
plc_01m0n2yy0fqhe7zdn2tz6efsf7	2651013	Draperstown	54.8	-6.76667	1734	PPL
plc_01m0n2yy0fqhe7zdn2tzbbccyd	2651020	Downton	50.99366	-1.75129	2731	PPLA3
plc_01m0n2yy0fqhe7zdn2tzyd38m1	2651021	Downside	51.31001	-0.41186	6564	PPL
plc_01m0n2yy0fqhe7zdn2v3kmsd6p	2651023	Downpatrick	54.32814	-5.71529	10507	PPLA2
plc_01m0n2yy0fqhe7zdn2v6b4680m	2651030	Downham Market	52.60714	0.38375	10884	PPL
plc_01m0n2yy0fqhe7zdn2v8x7wmbn	2651036	Down Ampney	51.67339	-1.85664	644	PPL
plc_01m0n2yy0fqhe7zdn2vanja1bc	2651045	Doveridge	52.90526	-1.8248	1622	PPL
plc_01m0n2yy0fqhe7zdn2vcph5q1n	2651047	Dovercourt	51.93649	1.27831	1001	PPL
plc_01m0n2yy0fqhe7zdn2vew9d617	2651048	Dover	51.12598	1.31257	41709	PPL
plc_01m0n2yy0fqhe7zdn2vg7r5ka3	2651050	Dove Holes	53.29828	-1.88775	1113	PPL
plc_01m0n2yy0fqhe7zdn2vhvt6hqx	2651056	Dousland	50.50009	-4.06324	833	PPL
plc_01m0n2yy0fqhe7zdn2vm3w3ahn	2651060	Doune	56.18995	-4.05288	1760	PPL
plc_01m0n2yy0fqhe7zdn2vmef4900	2651073	Douglas	55.55	-3.85	1560	PPL
plc_01m0n2yy0fqhe7zdn2vmw2evr5	2651081	Dorrington	52.6221	-2.77386	613	PPL
plc_01m0n2yy0fqhe7zdn2vpmjznra	2651082	Dorridge	52.37259	-1.75318	7800	PPL
plc_01m0n2yy0fqhe7zdn2vsj5kjyb	2651088	Dornoch	57.8805	-4.02879	1430	PPL
plc_01m0n2yy0fqhe7zdn2vvpzwa8a	2651093	Dormansland	51.16024	0.00618	2550	PPL
plc_01m0n2yy0fqhe7zdn2vwt1dy81	2651095	Dorking	51.23228	-0.3338	17747	PPL
plc_01m0n2yy0fqhe7zdn2w0j1xhzy	2651101	Dorchester	50.71667	-2.43333	16879	PPLA2
plc_01m0n2yy0fqhe7zdn2w2dwaz1s	2651117	Donisthorpe	52.72401	-1.538	1886	PPL
plc_01m0n2yy0fqhe7zdn2w69mbtc7	2651119	Donington	52.90461	-0.20505	2805	PPL
plc_01m0n2yy0fqhe7zdn2w7a8m148	2651123	Doncaster	53.52285	-1.13116	113566	PPLA2
plc_01m0n2yy0fqhe7zdn2w8fg51sh	2651131	Donaghcloney	54.41853	-6.25843	1977	PPL
plc_01m0n2yy0fqhe7zdn2wc06pjza	2651133	Donaghadee	54.64126	-5.53591	7369	PPL
plc_01m0n2yy0fqhe7zdn2wfc2w6mr	2651146	Dolton	50.89169	-4.03066	687	PPL
plc_01m0n2yy0fqhe7zdn2wfgppw33	2651151	Dollar	56.16245	-3.67135	2740	PPL
plc_01m0n2yy0fqhe7zdn2wgpfkg0w	2651154	Dolgellau	52.74222	-3.88611	2688	PPL
plc_01m0n2yy0fqhe7zdn2wke1qdpa	2651172	Dodworth	53.54306	-1.52779	5870	PPL
plc_01m0n2yy0fqhe7zdn2wpnw7vh7	2651174	Dodleston	53.14466	-2.95571	715	PPL
plc_01m0n2yy0fqhe7zdn2wrdyzaxc	2651181	Doddington	52.49671	0.06017	3235	PPL
plc_01m0n2yy0fqhe7zdn2wvhejhz5	2651188	Docking	52.90103	0.62553	885	PPL
plc_01m0n2yy0fqhe7zdn2wx5x94dc	2651196	Dobwalls	50.45768	-4.51735	1418	PPL
plc_01m0n2yy0fqhe7zdn2wygnq83x	2651198	Doagh	54.75	-6.08333	1151	PPL
plc_01m0n2yy0fqhe7zdn2x09hwdkx	2651204	Ditton Priors	52.49912	-2.57754	821	PPL
plc_01m0n2yy0fqhe7zdn2x0t9aenh	2651209	Ditchling	50.921	-0.11536	1476	PPL
plc_01m0n2yy0fqhe7zdn2x46pj48x	2651210	Ditchingham	52.46729	1.4437	1899	PPL
plc_01m0n2yy0fqhe7zdn2x7yxc1dx	2651213	Distington	54.59733	-3.5388	1445	PPL
plc_01m0n2yy0fqhe7zdn2xahfe6f3	2651214	Diss	52.37675	1.1091	10734	PPL
plc_01m0n2yy0fqhe7zdn2xe52ymww	2651215	Disley	53.35865	-2.03848	3159	PPLA3
plc_01m0n2yy0fqhe7zdn2xgjer46k	2651218	Diseworth	52.81635	-1.33106	670	PPL
plc_01m0n2yy0fqhe7zdn2xk85rsfe	2651236	Dinton	51.08333	-1.98333	696	PPLA3
plc_01m0n2yy0fqhe7zdn2xm2at9y0	2651240	Dinnington	55.05428	-1.67542	1483	PPLA3
plc_01m0n2yy0fqhe7zdn2xn4xnja5	2651241	Dinnington	53.36667	-1.2	19860	PPL
plc_01m0n2yy0fqhe7zdn2xncsjk6e	2651245	Dingwall	57.59531	-4.42721	5360	PPL
plc_01m0n2yy0fqhe7zdn2xrbnx0zm	2651246	Dingle	53.37908	-2.96029	13246	PPL
plc_01m0n2yy0fqhe7zdn2xrqvehph	2651248	Dinas Powys	51.43486	-3.21398	7738	PPL
plc_01m0n2yy0fqhe7zdn2xtnvz25x	2651263	Diggle	53.56744	-1.99723	1716	PPL
plc_01m0n2yy0fqhe7zdn2xxf61tb2	2651264	Digby	53.07969	-0.39225	621	PPL
plc_01m0n2yy0fqhe7zdn2xz5x8cew	2651269	Didcot	51.60928	-1.24214	29341	PPL
plc_01m0n2yy0fqhe7zdn2y1wytf8n	2651271	Dickleburgh	52.3965	1.18498	1096	PPL
plc_01m0n2yy0fqhe7zdn2y2fna2e7	2651285	Deysbrook	53.43333	-2.88333	4475	PPL
plc_01m0n2yy0fqhe7zdn2y66m78ef	2651286	Dewsbury	53.69076	-1.62907	61035	PPL
plc_01m0n2yy0fqhe7zdn2y8hknmdz	2651294	Devizes	51.35084	-1.99421	16834	PPL
plc_01m0n2yy0fqhe7zdn2ya7vf126	2651303	Detling	51.29459	0.56987	658	PPL
plc_01m0n2yy0fqhe7zdn2ycw0j2ha	2651309	Desford	52.62598	-1.29395	3179	PPL
plc_01m0n2yy0fqhe7zdn2ye30mqg8	2651311	Desborough	52.44183	-0.82126	10697	PPL
plc_01m0n2yy0fqhe7zdn2yfdqagyj	2651324	Dersingham	52.84549	0.50339	4640	PPL
plc_01m0n2yy0fqhe7zdn2yhm93gmp	2651339	Derrington	52.80087	-2.16268	668	PPL
plc_01m0n2yy0fqhe7zdn2yn5wjw97	2651342	Deri	51.70812	-3.26312	1006	PPL
plc_01m0n2yy0fqhe7zdn2ynnvbb0k	2651347	Derby	52.92277	-1.47663	270468	PPLA2
plc_01m0n2yy0fqhe7zdn2yp7rg9gc	2651357	Denton	53.45678	-2.11822	27464	PPL
plc_01m0n2yy0fqhe7zdn2ysektc2n	2651366	Denny	56.0235	-3.90812	7860	PPL
plc_01m0n2yy0fqhe7zdn2ysmprpj9	2651374	Denholme	53.80189	-1.89503	2715	PPL
plc_01m0n2yy0fqhe7zdn2yvh4x1mq	2651375	Denholm	55.45699	-2.68497	650	PPL
plc_01m0n2yy0fqhe7zdn2yw1s36zd	2651378	Denham	51.56667	-0.5	1432	PPL
plc_01m0n2yy0fqhe7zdn2yzfgtt3n	2651382	Denby Dale	53.57228	-1.65895	3043	PPL
plc_01m0n2yy0fqhe7zdn2z32vbrf5	2651384	Denbury	50.50768	-3.66065	686	PPL
plc_01m0n2yy0fqhe7zdn2z6dkc5ye	2651386	Denbigh	53.18333	-3.41667	8514	PPLA3
plc_01m0n2yy0fqhe7zdn2z8egfan7	2651390	Delph	53.56667	-2.01667	1899	PPL
plc_01m0n2yy0fqhe7zdn2z8j6j8n9	2651404	Delabole	50.62347	-4.7319	1647	PPL
plc_01m0n2yy0fqhe7zdn2zb1zpxk5	2651407	Deganwy	53.30446	-3.82735	9429	PPL
plc_01m0n2yy0fqhe7zdn2ze1krt7f	2651408	Defford	52.087	-2.12167	571	PPL
plc_01m0n2yy0fqhe7zdn2zf1jr48g	2651422	Deepcut	51.30513	-0.71016	2477	PPL
plc_01m0n2yy0fqhe7zdn2zgv313jp	2651434	Dedham	51.95892	0.99336	1014	PPL
plc_01m0n2yy0fqhe7zdn2zhpn7byc	2651435	Deddington	51.9806	-1.32055	1594	PPL
plc_01m0n2yy0fqhe7zdn2zkg4s2v6	2651436	Debenham	52.22422	1.18172	2210	PPL
plc_01m0n2yy0fqhe7zdn2zkv5ayx4	2651446	Dearham	54.71175	-3.44364	1799	PPL
plc_01m0n2yy0fqhe7zdn2zpn4sth9	2651461	Deanshanger	52.04996	-0.88663	3817	PPL
plc_01m0n2yy0fqhe7zdn2zrfgas1b	2651468	Deal	51.22316	1.4028	30917	PPL
plc_01m0n2yy0fqhe7zdn2ztfx4wrv	2651474	Dawlish	50.58118	-3.46644	11312	PPL
plc_01m0n2yy0fqhe7zdn2ztyfcahk	2651485	Daventry	52.25688	-1.16066	28123	PPL
plc_01m0n2yy0fqhe7zdn2zwzk4b1n	2651491	Datchworth	51.85126	-0.15956	1210	PPL
plc_01m0n2yy0fqhe7zdn2zyzwc7h0	2651492	Datchet	51.4839	-0.57893	4913	PPLA3
plc_01m0n2yy0fqhe7zdn302eett4w	2651495	Darwen	53.69803	-2.46494	32566	PPL
plc_01m0n2yy0fqhe7zdn30516s83g	2651496	Darvel	55.60976	-4.28142	3860	PPL
plc_01m0n2yy0fqhe7zdn30683hkz4	2651497	Darton	53.58705	-1.52676	21345	PPL
plc_01m0n2yy0fqhe7zdn3080gg6qe	2651498	Dartmouth	50.3522	-3.5794	5610	PPL
plc_01m0n2yy0fqhe7zdn309hwa3ck	2651500	Dartford	51.44657	0.21423	51240	PPL
plc_01m0n2yy0fqhe7zdn30a62h9ey	2651503	Darrington	53.67566	-1.26901	1182	PPLA3
plc_01m0n2yy0fqhe7zdn30awm3th9	2651513	Darlington	54.52429	-1.55039	92363	PPLA2
plc_01m0n2yy0fqhe7zdn30dxbb2zr	2651514	Dartington	50.44409	-3.70958	876	PPL
plc_01m0n2yy0fqhe7zdn30gkrmkde	2651517	Darley	54.03333	-1.7	783	PPL
plc_01m0n2yy0fqhe7zdn30kn7dmzy	2651518	Darlaston	52.56667	-2.03333	1001	PPL
plc_01m0n2yy0fqhe7zdn30qkwvpvk	2651520	Darfield	53.5339	-1.37595	8246	PPL
plc_01m0n2yy0fqhe7zdn30qsf3qhd	2651521	Daresbury	53.34184	-2.635	4122	PPLA3
plc_01m0n2yy0fqhe7zdn30sxf37fk	2651522	Darenth	51.42137	0.25784	2481	PPL
plc_01m0n2yy0fqhe7zdn30tr4axbr	2651532	Danbury	51.71645	0.58245	6673	PPL
plc_01m0n2yy0fqhe7zdn30tvgey5f	2651551	Dalton in Furness	54.15796	-3.17977	7827	PPL
plc_01m0n2yy0fqhe7zdn30y27st0h	2651554	Dalton	54.18333	-1.35	518	PPL
plc_01m0n2yy0fqhe7zdn30y3ek982	2651556	Dalston	54.84207	-2.98459	1285	PPL
plc_01m0n2yy0fqhe7zdn310nsztzd	2651558	Dalserf	55.73333	-3.91667	17985	PPL
plc_01m0n2yy0fqhe7zdn312f0yw89	2651559	Dalrymple	55.39757	-4.59169	1510	PPL
plc_01m0n2yy0fqhe7zdn312ry69yk	2651561	Dalry	55.70956	-4.72167	5560	PPL
plc_01m0n2yy0fqhe7zdn313nsxd29	2651570	Dalmuir	55.91089	-4.42918	8933	PPL
plc_01m0n2yy0fqhe7zdn3152qwm5r	2651575	Dalmellington	55.32419	-4.402	1390	PPL
plc_01m0n2yy0fqhe7zdn316gaf6mj	2651587	Dalkeith	55.89317	-3.06806	12720	PPLA2
plc_01m0n2yy0fqhe7zdn316zcfr0r	2651609	Dalbeattie	54.93278	-3.82271	4260	PPL
plc_01m0n2yy0fqhe7zdn318dgjv2h	2651621	Dagenham	51.55	0.16667	108368	PPLA3
plc_01m0n2yy0fqhe7zdn31azs36h5	2651630	Cynwyd	52.9594	-3.40651	542	PPL
plc_01m0n2yy0fqhe7zdn31b0bzkk1	2651654	Cwmbran	51.65446	-3.02281	48535	PPL
plc_01m0n2yy0fqhe7zdn31b126rv1	2651656	Cwmafan	51.61671	-3.76205	5336	PPL
plc_01m0n2yy0fqhe7zdn31cwv4b7s	2651657	Cwmann	52.10262	-4.06341	872	PPL
plc_01m0n2yy0fqhe7zdn31g7f4a1z	2651659	Cwm	51.74	-3.18028	2739	PPLA3
plc_01m0n2yy0fqhe7zdn31k9s44jb	2651662	Cuxton	51.3743	0.45688	4438	PPLA3
plc_01m0n2yy0fqhe7zdn31md03dqs	2651676	Cushendall	55.08033	-6.06291	1226	PPL
plc_01m0n2yy0fqhe7zdn31pwjpg2n	2651680	Curry Rivel	51.02306	-2.86753	1844	PPL
plc_01m0n2yy0fqhe7zdn31sd88k0k	2651685	Currie	55.8964	-3.30845	6500	PPL
plc_01m0n2yy0fqhe7zdn31svgm5yv	2651693	Curdridge	50.92366	-1.24615	951	PPL
plc_01m0n2yy0fqhe7zdn31vxghbrz	2651698	Cupar	56.31876	-3.01204	9270	PPL
plc_01m0n2yy0fqhe7zdn31yf9bqh1	2651706	Cumnock	55.45445	-4.26644	8920	PPL
plc_01m0n2yy0fqhe7zdn320dmgwxf	2651710	Cuminestown	57.54238	-2.33525	540	PPL
plc_01m0n2yy0fqhe7zdn320nqrtkb	2651715	Cumbernauld	55.94685	-3.99051	50530	PPL
plc_01m0n2yy0fqhe7zdn321t0va9x	2651722	Cults	57.11667	-2.16667	3500	PPL
plc_01m0n2yy0fqhe7zdn324vmt959	2651731	Culmstock	50.914	-3.27848	554	PPL
plc_01m0n2yy0fqhe7zdn327vxrax6	2651732	Culmore	55.05	-7.26667	3645	PPL
plc_01m0n2yy0fqhe7zdn3291xm763	2651738	Cullybackey	54.88875	-6.34701	2502	PPL
plc_01m0n2yy0fqhe7zdn32an84ses	2651739	Cullompton	50.8553	-3.39268	7800	PPL
plc_01m0n2yy0fqhe7zdn32bty92nj	2651748	Cullingworth	53.82444	-1.8973	2596	PPL
plc_01m0n2yy0fqhe7zdn32d93gtk5	2651753	Cullen	57.69045	-2.81818	1450	PPL
plc_01m0n2yy0fqhe7zdn32gs2439j	2651763	Culcheth	53.4511	-2.52104	6708	PPL
plc_01m0n2yy0fqhe7zdn32hhgek03	2651777	Cuffley	51.70799	-0.11209	4282	PPL
plc_01m0n2yy0fqhe7zdn32j02f5x9	2651778	Cudworth	53.57131	-1.41595	11903	PPL
plc_01m0n2yy0fqhe7zdn32mtm5ba6	2651780	Cuddington	53.24488	-2.61879	843	PPLA3
plc_01m0n2yy0fqhe7zdn32nmpdjhw	2651781	Cuddington	51.79354	-0.93126	569	PPL
plc_01m0n2yy0fqhe7zdn32px58wrw	2651782	Cuddesdon	51.72266	-1.13277	511	PPL
plc_01m0n2yy0fqhe7zdn32rtrds3s	2651788	Cuckfield	51.01073	-0.14068	3500	PPL
plc_01m0n2yy0fqhe7zdn32vb1g6th	2651791	Cubert	50.37949	-5.11761	771	PPL
plc_01m0n2yy0fqhe7zdn32vwgptvj	2651795	Crynant	51.72889	-3.74806	1602	PPLA3
plc_01m0n2yy0fqhe7zdn32y992zq9	2651796	Crymych	51.97361	-4.64722	704	PPLA3
plc_01m0n2yy0fqhe7zdn32zwad11s	2651804	Crumlin	54.62054	-6.21414	5149	PPL
plc_01m0n2yy0fqhe7zdn332mna1qn	2651805	Crumlin	51.67778	-3.13528	5947	PPLA3
plc_01m0n2yy0fqhe7zdn334gsr04y	2651810	Crudwell	51.63318	-2.06959	630	PPL
plc_01m0n2yy0fqhe7zdn334xhc6dm	2651817	Croydon	51.38333	-0.1	173314	PPLA3
plc_01m0n2yy0fqhe7zdn336d5ywxx	2651818	Croyde	51.13002	-4.22454	693	PPL
plc_01m0n2yy0fqhe7zdn337vyew6m	2651819	Croy	57.51667	-4.03333	641	PPL
plc_01m0n2yy0fqhe7zdn3382je6wz	2651820	Croxton Kerrial	52.85524	-0.76115	530	PPL
plc_01m0n2yy0fqhe7zdn33b5mxqyv	2651826	Croxley Green	51.63333	-0.45	13500	PPL
plc_01m0n2yy0fqhe7zdn33d3ewqfn	2651828	Croxdale	54.72836	-1.58585	505	PPL
plc_01m0n2yy0fqhe7zdn33etsf4fv	2651831	Crowthorne	51.37027	-0.79219	25522	PPL
plc_01m0n2yy0fqhe7zdn33fbs4tdv	2651841	Crowle	53.60753	-0.83256	3928	PPLA3
plc_01m0n2yy0fqhe7zdn33hrgc1jd	2651843	Crowland	52.67571	-0.16849	4211	PPL
plc_01m0n2yy0fqhe7zdn33m68vzrt	2651845	Crowhurst	50.88544	0.49507	891	PPL
plc_01m0n2yy0fqhe7zdn33ncd7ssb	2651846	Crow Hill	51.94011	-2.52274	602	PPL
plc_01m0n2yy0fqhe7zdn33nt1beav	2651849	Fair Oak	50.96364	-1.29682	10212	PPL
plc_01m0n2yy0fqhe7zdn33rg31fca	2651852	Crowborough	51.06098	0.16342	21688	PPL
plc_01m0n2yy0fqhe7zdn33s3jmee8	2651855	Croughton	51.99772	-1.20472	992	PPL
plc_01m0n2yy0fqhe7zdn33tjra3r2	2651857	Croston	53.66217	-2.77523	2917	PPL
plc_01m0n2yy0fqhe7zdn33x5vhht4	2651864	Crossmaglen	54.08333	-6.6	1415	PPL
plc_01m0n2yy0fqhe7zdn340e6a40h	2651870	Crosshouse	55.61258	-4.55091	2850	PPL
plc_01m0n2yy0fqhe7zdn342pse0mk	2651871	Crosshill	55.32469	-4.63853	500	PPL
plc_01m0n2yy0fqhe7zdn3468qh9rg	2651872	Cross Hands	51.79306	-4.0875	4549	PPL
plc_01m0n2yy0fqhe7zdn349j6aerp	2651873	Crossgates	56.08366	-3.37712	2530	PPL
plc_01m0n2yy0fqhe7zdn34d9v8d17	2651876	Crossgar	54.39675	-5.76061	1667	PPL
plc_01m0n2yy0fqhe7zdn34dmd2gge	2651878	Crossford	56.06303	-3.49674	2350	PPL
plc_01m0n2yy0fqhe7zdn34g795nbw	2651879	Crossford	55.7	-3.86667	710	PPL
plc_01m0n2yy0fqhe7zdn34hfh14k9	2651896	Cropwell Bishop	52.9148	-0.98482	1853	PPL
plc_01m0n2yy0fqhe7zdn34hm9q7q0	2651898	Cropredy	52.11745	-1.31764	717	PPL
plc_01m0n2yy0fqhe7zdn34hqra9dw	2651903	Crook of Devon	56.18472	-3.55534	630	PPL
plc_01m0n2yy0fqhe7zdn34ka200tt	2651915	Crook	54.71252	-1.7497	9498	PPL
plc_01m0n2yy0fqhe7zdn34mwfpede	2651920	Crondall	51.23285	-0.86329	1239	PPL
plc_01m0n2yy0fqhe7zdn34pwj2xbz	2651927	Cromford	53.10848	-1.56014	2073	PPL
plc_01m0n2yy0fqhe7zdn34rj9abp9	2651930	Cromer	52.93123	1.29892	8801	PPL
plc_01m0n2yy0fqhe7zdn34t41j9m8	2651936	Cromarty	57.68095	-4.0341	740	PPL
plc_01m0n2yy0fqhe7zdn34v2bk21x	2651948	Crofton	53.65639	-1.42968	5258	PPLA3
plc_01m0n2yy0fqhe7zdn34xsgv8qf	2651952	Croft	53.43333	-2.55	1492	PPLA3
plc_01m0n2yy0fqhe7zdn3504srbfj	2651954	Croft	52.55668	-1.24643	1770	PPL
plc_01m0n2yy0fqhe7zdn350abz88j	2651971	Cringleford	52.60482	1.24334	2105	PPL
plc_01m0n2yy0fqhe7zdn3543esxjc	2651977	Crimond	57.60136	-1.91566	860	PPL
plc_01m0n2yy0fqhe7zdn357hx4sfn	2651983	Crieff	56.37268	-3.83891	7280	PPL
plc_01m0n2yy0fqhe7zdn357nrfhsr	2651984	Cricklewood	51.5567	-0.21549	65000	PPL
plc_01m0n2yy0fqhe7zdn358hrkmwj	2651985	Cricklade	51.64061	-1.85738	4030	PPLA3
plc_01m0n2yy0fqhe7zdn35ca072tw	2651986	Crickhowell	51.85992	-3.13771	2063	PPL
plc_01m0n2yy0fqhe7zdn35fqz3wap	2651989	Crick	52.34808	-1.13708	1886	PPL
plc_01m0n2yy0fqhe7zdn35gqfpcdk	2651994	Criccieth	52.92053	-4.2346	1753	PPL
plc_01m0n2yy0fqhe7zdn35kse59mh	2652000	Crewkerne	50.88298	-2.79588	7826	PPL
plc_01m0n2yy0fqhe7zdn35p147877	2652002	Crewe	53.09787	-2.44161	76437	PPL
plc_01m0n2yy0fqhe7zdn35ryk2xn8	2652007	Creswell	53.26287	-1.21987	5417	PPL
plc_01m0n2yy0fqhe7zdn35v8db0wt	2652013	Cressage	52.63355	-2.60502	707	PPL
plc_01m0n2yy0fqhe7zdn35yep2jdv	2652022	Creetown	54.90238	-4.3799	650	PPL
plc_01m0n2yy0fqhe7zdn35zawmbwr	2652030	Creech Saint Michael	51.02333	-3.03833	1795	PPL
plc_01m0n2yy0fqhe7zdn3609c97qe	2652034	Crediton	50.78333	-3.65	7835	PPL
plc_01m0n2yy0fqhe7zdn360e8ejvs	2652035	Credenhill	52.08351	-2.80804	2271	PPLA3
plc_01m0n2yy0fqhe7zdn363nmspf3	2652053	Crawley	51.11303	-0.18312	124008	PPL
plc_01m0n2yy0fqhe7zdn364dk6b2z	2652061	Craven Arms	52.44308	-2.83562	2289	PPL
plc_01m0n2yy0fqhe7zdn368d4t1d6	2652075	Cranwell	53.03681	-0.46176	1372	PPL
plc_01m0n2yy0fqhe7zdn36av9za93	2652076	Crantock	50.40272	-5.11208	801	PPL
plc_01m0n2yy0fqhe7zdn36dhhj5w9	2652082	Cranleigh	51.14209	-0.48374	11082	PPL
plc_01m0n2yy0fqhe7zdn36hf0v6cc	2652085	Cranford	51.47695	-0.41345	12330	PPL
plc_01m0n2yy0fqhe7zdn36me4na9m	2652087	Cranfield	52.06869	-0.60884	5369	PPLA3
plc_01m0n2yy0fqhe7zdn36mj4mtks	2652088	Cranbrook	51.09662	0.53567	4368	PPL
plc_01m0n2yy0fqhe7zdn36pwp08cs	2652090	Cranborne	50.91931	-1.92128	606	PPL
plc_01m0n2yy0fqhe7zdn36qznp6qw	2652095	Cramlington	55.08652	-1.58598	33180	PPLA3
plc_01m0n2yy0fqhe7zdn36rrasd34	2652102	Crail	56.26042	-2.62676	1670	PPL
plc_01m0n2yy0fqhe7zdn36wawasm1	2652176	Coylton	55.44528	-4.5195	2180	PPL
plc_01m0n2yy0fqhe7zdn36yej07x3	2652181	Coxhoe	54.71475	-1.50356	3522	PPL
plc_01m0n2yy0fqhe7zdn36yq0a5em	2652187	Cowpen	55.12728	-1.54033	4466	PPL
plc_01m0n2yy0fqhe7zdn36yxqcwy0	2652191	Cowley	51.73213	-1.20631	16500	PPL
plc_01m0n2yy0fqhe7zdn372eyw64d	2652198	Cowie	56.07974	-3.86753	2640	PPL
plc_01m0n2yy0fqhe7zdn376c6zbea	2652202	Cowfold	50.98945	-0.27243	1301	PPL
plc_01m0n2yy0fqhe7zdn37741gwy2	2652204	Cowes	50.76252	-1.29781	21226	PPLA3
plc_01m0n2yy0fqhe7zdn37a62bjs1	2652207	Cowdenbeath	56.11194	-3.34426	12030	PPL
plc_01m0n2yy0fqhe7zdn37bc2ht3f	2652209	Cowbridge	51.46028	-3.44167	3804	PPL
plc_01m0n2yy0fqhe7zdn37ep5w8nv	2652210	Cowbit	52.74523	-0.12978	1220	PPL
plc_01m0n2yy0fqhe7zdn37f34g6ks	2652221	Coventry	52.40656	-1.51217	345324	PPLA2
plc_01m0n2yy0fqhe7zdn37gzs6cjz	2652227	Cove	57.1	-2.08333	7060	PPL
plc_01m0n2yy0fqhe7zdn37ht50s6t	2652229	Cove	51.29547	-0.79076	6548	PPL
plc_01m0n2yy0fqhe7zdn37mnsvrnd	2652236	Coupar Angus	56.54552	-3.26774	2350	PPL
plc_01m0n2yy0fqhe7zdn37qet4v3v	2652239	Countesthorpe	52.55379	-1.14526	6377	PPL
plc_01m0n2yy0fqhe7zdn37v8q2yrc	2652242	Coundon	54.6628	-1.62688	3256	PPL
plc_01m0n2yy0fqhe7zdn37xndcn76	2652249	Coulsdon	51.32002	-0.14088	25530	PPL
plc_01m0n2yy0fqhe7zdn37zbjv611	2652263	Cottingham	52.50243	-0.7554	1320	PPL
plc_01m0n2yy0fqhe7zdn38345q1w7	2652264	Cottesmore	52.71384	-0.6633	1067	PPLA3
plc_01m0n2yy0fqhe7zdn385c47d3j	2652269	Cottenham	52.28743	0.1254	5903	PPL
plc_01m0n2yy0fqhe7zdn388m0p46d	2652273	Coton in the Elms	52.73307	-1.63696	896	PPL
plc_01m0n2yy0fqhe7zdn38c7g14vp	2652275	Coton	52.21058	0.06094	910	PPL
plc_01m0n2yy0fqhe7zdn38dd9qrc0	2652279	Cotherstone	54.57089	-1.98241	594	PPL
plc_01m0n2yy0fqhe7zdn38gag39mq	2652282	Cotgrave	52.90859	-1.03752	7203	PPL
plc_01m0n2yy0fqhe7zdn38jvtcbc4	2652289	Costessey	52.65914	1.2097	2381	PPL
plc_01m0n2yy0fqhe7zdn38p4a43d6	2652291	Cossington	51.15889	-2.92028	564	PPL
plc_01m0n2yy0fqhe7zdn38px6cx5m	2652293	Cosheston	51.69653	-4.88882	828	PPL
plc_01m0n2yy0fqhe7zdn38qdxh7a1	2652294	Cosham	50.84654	-1.06344	10226	PPL
plc_01m0n2yy0fqhe7zdn38sfy6ws9	2652295	Cosgrove	52.07518	-0.84801	521	PPL
plc_01m0n2yy0fqhe7zdn38w0nyna3	2652298	Cosby	52.55127	-1.19395	3728	PPL
plc_01m0n2yy0fqhe7zdn38wjtv3rw	2652318	Corsham	51.43433	-2.18437	13369	PPL
plc_01m0n2yy0fqhe7zdn38zfa67jj	2652323	Corse	51.95943	-2.30636	1178	PPL
plc_01m0n2yy0fqhe7zdn3927wz337	2652331	Corringham	53.4102	-0.69162	523	PPL
plc_01m0n2yy0fqhe7zdn3952rh7ry	2652349	Corpusty	52.82796	1.13513	505	PPL
plc_01m0n2yy0fqhe7zdn396j6qt7r	2652360	Cornholme	53.7323	-2.13851	1690	PPL
plc_01m0n2yy0fqhe7zdn39893bs8z	2652374	Corfe Castle	50.63947	-2.05672	1355	PPL
plc_01m0n2yy0fqhe7zdn398vej5mw	2652381	Corby	52.49637	-0.68939	68164	PPL
plc_01m0n2yy0fqhe7zdn39ccwga8r	2652382	Corbridge	54.97365	-2.01798	2946	PPL
plc_01m0n2yy0fqhe7zdn39cgetxp4	2652389	Coppull	53.62527	-2.65854	9014	PPL
plc_01m0n2yy0fqhe7zdn39e2mxgtd	2652390	Copplestone	50.81073	-3.74607	1253	PPL
plc_01m0n2yy0fqhe7zdn39hx7qj2y	2652396	Copmanthorpe	53.91419	-1.14209	3674	PPL
plc_01m0n2yy0fqhe7zdn39jbg6pg5	2652398	Cople	52.12342	-0.38933	722	PPLA3
plc_01m0n2yy0fqhe7zdn39mkfyh6w	2652417	Cookstown	54.64305	-6.74595	11081	PPLA2
plc_01m0n2yy0fqhe7zdn39mpa2rqa	2652422	Cookley	52.31667	1.45	1637	PPL
plc_01m0n2yy0fqhe7zdn39p2bbqvb	2652423	Cookham	51.55936	-0.7081	5422	PPLA3
plc_01m0n2yy0fqhe7zdn39s33pvv1	2652426	Conwy	53.28077	-3.83039	3873	PPLA2
plc_01m0n2yy0fqhe7zdn39t0c22s8	2652434	Constantine	50.1189	-5.17595	819	PPL
plc_01m0n2yy0fqhe7zdn39wz5dzvg	2652437	Consett	54.85404	-1.8316	29137	PPL
plc_01m0n2yy0fqhe7zdn3a0mmbtdh	2652438	Cononley	53.91797	-2.01656	975	PPL
plc_01m0n2yy0fqhe7zdn3a2fpjpq7	2652439	Conon Bridge	57.5663	-4.43678	1710	PPL
plc_01m0n2yy0fqhe7zdn3a50zszbg	2652445	Connor	54.8	-6.2	1778	PPL
plc_01m0n2yy0fqhe7zdn3a6p4p3em	2652457	Coniston	54.36884	-3.07505	641	PPL
plc_01m0n2yy0fqhe7zdn3a8a91hty	2652458	Conisbrough	53.48188	-1.23214	15934	PPL
plc_01m0n2yy0fqhe7zdn3a9dnxf50	2652461	Coningsby	53.10598	-0.17595	4388	PPL
plc_01m0n2yy0fqhe7zdn3acp6egdy	2652463	Congresbury	51.37135	-2.81018	3078	PPLA3
plc_01m0n2yy0fqhe7zdn3ae4mkn45	2652464	Congleton	53.16314	-2.21253	26178	PPL
plc_01m0n2yy0fqhe7zdn3ag2yckvd	2652470	Condover	52.6483	-2.75025	721	PPL
plc_01m0n2yy0fqhe7zdn3agt2paj3	2652478	Comrie	56.3688	-3.97882	1900	PPL
plc_01m0n2yy0fqhe7zdn3ajd60t9k	2652481	Compton Martin	51.31056	-2.65528	508	PPLA3
plc_01m0n2yy0fqhe7zdn3am2rnnga	2652488	Compton	51.51585	-1.2551	1571	PPL
plc_01m0n2yy0fqhe7zdn3anm7s1kr	2652491	Compton	51.02385	-1.33713	2311	PPL
plc_01m0n2yy0fqhe7zdn3aqh3tg61	2652502	Comberton	52.18709	0.01905	2346	PPL
plc_01m0n2yy0fqhe7zdn3at7hqw5x	2652505	Comber	54.54937	-5.74379	9190	PPL
plc_01m0n2yy0fqhe7zdn3axq68j1a	2652508	Combe Martin	51.19873	-4.02343	2687	PPL
plc_01m0n2yy0fqhe7zdn3b0n7k6zp	2652511	Colyton	50.74006	-3.07021	2668	PPL
plc_01m0n2yy0fqhe7zdn3b4hcnqkg	2652513	Colwyn Bay	53.29483	-3.72674	29275	PPL
plc_01m0n2yy0fqhe7zdn3b4k103c5	2652516	Colwich	52.78764	-1.98206	2485	PPL
plc_01m0n2yy0fqhe7zdn3b7p7v09j	2652525	Coltishall	52.72804	1.36653	2310	PPL
plc_01m0n2yy0fqhe7zdn3bbm42br0	2652528	Colsterworth	52.8066	-0.62056	1245	PPL
plc_01m0n2yy0fqhe7zdn3bcaqmbnv	2652544	Colne	53.85713	-2.16851	20118	PPL
plc_01m0n2yy0fqhe7zdn3bdt6m87j	2652546	Colnbrook	51.48384	-0.52142	5528	PPL
plc_01m0n2yy0fqhe7zdn3bhqp0avm	2652550	Collyweston	52.61399	-0.52983	514	PPL
plc_01m0n2yy0fqhe7zdn3bk4rwhtv	2652558	Collingham	53.91167	-1.41174	3033	PPLA3
plc_01m0n2yy0fqhe7zdn3bn63e1s1	2652559	Collingbourne Kingston	51.30105	-1.65876	511	PPLA3
plc_01m0n2yy0fqhe7zdn3bs4fwzn9	2652560	Collingbourne Ducis	51.28516	-1.65252	957	PPL
plc_01m0n2yy0fqhe7zdn3bv1qem3f	2652575	Colkirk	52.8007	0.84695	588	PPL
plc_01m0n2yy0fqhe7zdn3byhap47q	2652577	Colinton	55.90739	-3.25609	7637	PPL
plc_01m0n2yy0fqhe7zdn3c0pgxpfq	2652585	Colerne	51.43833	-2.2628	2564	PPL
plc_01m0n2yy0fqhe7zdn3c34mmbh5	2652586	Coleraine	55.13333	-6.66667	25681	PPLA2
plc_01m0n2yy0fqhe7zdn3c6f78126	2652591	Coleford	51.79535	-2.61354	9273	PPL
plc_01m0n2yy0fqhe7zdn3c91xqh6s	2652598	Coldwaltham	50.93942	-0.54605	597	PPL
plc_01m0n2yy0fqhe7zdn3c9xez23w	2652601	Coldstream	55.65111	-2.25295	1870	PPL
plc_01m0n2yy0fqhe7zdn3cakhg1ah	2652605	Cold Norton	51.67209	0.66997	1099	PPL
plc_01m0n2yy0fqhe7zdn3caxpd179	2652608	Coldingham	55.88623	-2.15744	550	PPL
plc_01m0n2yy0fqhe7zdn3cdw61x05	2652617	Cold Ash	51.42426	-1.26463	2224	PPL
plc_01m0n2yy0fqhe7zdn3ch06smx0	2652618	Colchester	51.88921	0.90421	130245	PPL
plc_01m0n2yy0fqhe7zdn3cmdgjnbb	2652622	Coity	51.522	-3.55531	41352	PPL
plc_01m0n2yy0fqhe7zdn3cptje6yz	2652640	Coggeshall	51.87077	0.68536	4727	PPL
plc_01m0n2yy0fqhe7zdn3csfe8f49	2652641	Cogenhoe	52.23758	-0.78381	1436	PPL
plc_01m0n2yy0fqhe7zdn3ctbfwb3p	2652646	Coelbren	51.79181	-3.67014	537	PPL
plc_01m0n2yy0fqhe7zdn3cwz0gfkb	2652648	Coedpoeth	53.05391	-3.06234	5723	PPL
plc_01m0n2yy0fqhe7zdn3czs8btr7	2652653	Codsall	52.62989	-2.20148	11860	PPL
plc_01m0n2yy0fqhe7zdn3d1w3xbsm	2652656	Codicote	51.85052	-0.2367	10938	PPL
plc_01m0n2yy0fqhe7zdn3d3ramggy	2652662	Coddenham	52.14552	1.11704	620	PPL
plc_01m0n2yy0fqhe7zdn3d65neamv	2652664	Cockshutt	52.85706	-2.83803	787	PPL
plc_01m0n2yy0fqhe7zdn3d8gdat2y	2652672	Cockfosters	51.64926	-0.14823	10300	PPLX
plc_01m0n2yy0fqhe7zdn3d923ff39	2652673	Cockfield	54.61373	-1.80897	1531	PPL
plc_01m0n2yy0fqhe7zdn3db552420	2652676	Cockermouth	54.66209	-3.36086	9146	PPL
plc_01m0n2yy0fqhe7zdn3dd8smkqe	2652681	Cockenzie	55.96823	-2.96562	5660	PPL
plc_01m0n2yy0fqhe7zdn3dfr3ae0t	2652689	Cobham	51.32997	-0.4113	16724	PPL
plc_01m0n2yy0fqhe7zdn3dhd92mnm	2652695	Coates	51.7075	-2.03389	2148	PPL
plc_01m0n2yy0fqhe7zdn3djynjb3g	2652696	Coatbridge	55.86216	-4.02469	43950	PPL
plc_01m0n2yy0fqhe7zdn3dpybktb3	2652698	Coalville	52.72247	-1.3702	37661	PPL
plc_01m0n2yy0fqhe7zdn3dqvkngfv	2652703	Coalisland	54.5418	-6.70166	6323	PPL
plc_01m0n2yy0fqhe7zdn3ds9ekre4	2652707	Coalburn	55.59295	-3.88637	1267	PPL
plc_01m0n2yy0fqhe7zdn3dvxf3y2m	2652717	Clyst St Mary	50.70765	-3.45019	849	PPL
plc_01m0n2yy0fqhe7zdn3dxb4292q	2652721	Clyro	52.08527	-3.14918	781	PPL
plc_01m0n2yy0fqhe7zdn3dyksxd9d	2652725	Clunderwen	51.84056	-4.73167	677	PPL
plc_01m0n2yy0fqhe7zdn3e02fa5bc	2652730	Clydebank	55.90137	-4.4057	25620	PPL
plc_01m0n2yy0fqhe7zdn3e3wend8m	2652733	Clydach	51.8102	-3.12109	692	PPL
plc_01m0n2yy0fqhe7zdn3e4vqztba	2652734	Clydach	51.68333	-3.9	19307	PPLA3
plc_01m0n2yy0fqhe7zdn3e7c5x84h	2652739	Clutton	51.32944	-2.54306	2739	PPLA3
plc_01m0n2yy0fqhe7zdn3e7fmtvwv	2652757	Clun	52.42141	-3.02753	680	PPL
plc_01m0n2yy0fqhe7zdn3e8cjrq9q	2652771	Clowne	53.27449	-1.26406	7590	PPL
plc_01m0n2yy0fqhe7zdn3e9s979rk	2652774	Clovenfords	55.61823	-2.87689	562	PPL
plc_01m0n2yy0fqhe7zdn3ea17arrb	2652781	Cloughton	54.33833	-0.44862	687	PPL
plc_01m0n2yy0fqhe7zdn3eaf3bnxz	2652790	Clophill	52.02727	-0.42377	2369	PPLA3
plc_01m0n2yy0fqhe7zdn3ebq6j02x	2652818	Clive	52.81335	-2.72295	530	PPLA3
plc_01m0n2yy0fqhe7zdn3efag92cq	2652819	Clitheroe	53.86667	-2.4	14765	PPL
plc_01m0n2yy0fqhe7zdn3eg3j7w93	2652822	Clipston	52.42841	-0.95443	643	PPL
plc_01m0n2yy0fqhe7zdn3ejjm5r1h	2652829	Clifton upon Teme	52.25218	-2.42154	695	PPL
plc_01m0n2yy0fqhe7zdn3em7vhy6m	2652836	Clifton Campville	52.69464	-1.62838	634	PPL
plc_01m0n2yy0fqhe7zdn3entevewz	2652849	Cliffe	51.46224	0.49833	2403	PPL
plc_01m0n2yy0fqhe7zdn3esmc3m6m	2652857	Cleveleys	53.8775	-3.03987	15000	PPL
plc_01m0n2yy0fqhe7zdn3ex19g8a3	2652861	Clevedon	51.44227	-2.85786	21002	PPL
plc_01m0n2yy0fqhe7zdn3ez44vz3j	2652874	Cleobury Mortimer	52.37853	-2.48196	2711	PPL
plc_01m0n2yy0fqhe7zdn3f29k252n	2652876	Clenchwarton	52.75604	0.3579	1733	PPL
plc_01m0n2yy0fqhe7zdn3f3xwrawh	2652877	Cleland	55.80243	-3.9142	3000	PPL
plc_01m0n2yy0fqhe7zdn3f676ytdh	2652884	Cleeve Prior	52.14283	-1.87619	561	PPL
plc_01m0n2yy0fqhe7zdn3f8163e5w	2652885	Cleethorpes	53.56047	-0.03225	38996	PPL
plc_01m0n2yy0fqhe7zdn3f9bskn2y	2652890	Cleckheaton	53.72405	-1.71294	27393	PPL
plc_01m0n2yy0fqhe7zdn3f9tgfmat	2652891	Cleator Moor	54.52143	-3.5159	6936	PPL
plc_01m0n2yy0fqhe7zdn3fc82ktan	2652898	Clayton West	53.59501	-1.61107	8109	PPL
plc_01m0n2yy0fqhe7zdn3ffma9zw9	2652899	Clayton le Moors	53.76667	-2.38333	8474	PPL
plc_01m0n2yy0fqhe7zdn3fg5z2qxq	2652904	Claypole	53.03144	-0.73407	1382	PPL
plc_01m0n2yy0fqhe7zdn3fhzxq0p9	2652908	Claydon	52.14813	-1.33295	3983	PPL
plc_01m0n2yy0fqhe7zdn3fj3ssqzm	2652909	Claydon	52.10672	1.11134	4488	PPL
plc_01m0n2yy0fqhe7zdn3fnrexam0	2652913	Claybrooke Magna	52.49346	-1.27712	616	PPL
plc_01m0n2yy0fqhe7zdn3frp0wser	2652918	Claverley	52.5379	-2.30646	549	PPL
plc_01m0n2yy0fqhe7zdn3fvx02w20	2652919	Clavering	51.9654	0.14308	882	PPL
plc_01m0n2yy0fqhe7zdn3fxfvw2x3	2652920	Claverdon	52.27919	-1.71267	848	PPL
plc_01m0n2yy0fqhe7zdn3fy3ev5av	2652941	Clare	52.07861	0.58167	2028	PPL
plc_01m0n2yy0fqhe7zdn3fy94xbgb	2652942	Clarborough	53.34549	-0.90382	1281	PPL
plc_01m0n2yy0fqhe7zdn3g0trfrc0	2652950	Clapham	52.16085	-0.49529	4560	PPLA3
plc_01m0n2yy0fqhe7zdn3g4ka120h	2652956	Clanfield	51.71623	-1.58888	879	PPL
plc_01m0n2yy0fqhe7zdn3g6xg6wsk	2652974	Clacton-on-Sea	51.78967	1.15597	50548	PPL
plc_01m0n2yy0fqhe7zdn3g8tw0nmh	2652976	Clackmannan	56.10743	-3.75098	3450	PPL
plc_01m0n2yy0fqhe7zdn3gc47xehj	2652995	Cirencester	51.71927	-1.97145	20229	PPL
plc_01m0n2yy0fqhe7zdn3gg241rcr	2652997	Cinderford	51.82421	-2.4987	12942	PPL
plc_01m0n2yy0fqhe7zdn3gjmmks28	2653003	Cilgerran	52.05513	-4.63245	865	PPL
plc_01m0n2yy0fqhe7zdn3gpmk6175	2653013	Chwilog	52.91992	-4.3319	640	PPL
plc_01m0n2yy0fqhe7zdn3gsb3d5xv	2653021	Church Stretton	52.53778	-2.80149	3698	PPL
plc_01m0n2yy0fqhe7zdn3gwvfb12k	2653034	Churchill	51.34291	-2.78338	1378	PPLA3
plc_01m0n2yy0fqhe7zdn3gzb5w9qr	2653035	Honeybourne	52.09513	-1.83129	1388	PPL
plc_01m0n2yy0fqhe7zdn3h0h690rv	2653040	Church Fenton	53.82626	-1.2189	1357	PPL
plc_01m0n2yy0fqhe7zdn3h17pf4f1	2653043	Churchdown	51.87739	-2.17087	13287	PPLA4
plc_01m0n2yy0fqhe7zdn3h2a4g9s6	2653049	Church	53.75177	-2.39121	4077	PPL
plc_01m0n2yy0fqhe7zdn3h5t31rvz	2653051	Chulmleigh	50.91289	-3.86938	1017	PPL
plc_01m0n2yy0fqhe7zdn3h8m0gyc6	2653055	Chudleigh Knighton	50.58507	-3.63187	1125	PPL
plc_01m0n2yy0fqhe7zdn3h94x4b7v	2653056	Chudleigh	50.60496	-3.60031	4011	PPL
plc_01m0n2yy0fqhe7zdn3hc5vcmd5	2653060	Chryston	55.9028	-4.10759	2900	PPL
plc_01m0n2yy0fqhe7zdn3he3r526p	2653066	Christow	50.65285	-3.64744	820	PPL
plc_01m0n2yy0fqhe7zdn3hf01vfct	2653070	Christian Malford	51.51039	-2.05508	540	PPL
plc_01m0n2yy0fqhe7zdn3hjz3v8hk	2653075	Christchurch	50.73583	-1.78129	31372	PPL
plc_01m0n2yy0fqhe7zdn3hpn96sdh	2653085	Chorleywood	51.65472	-0.51404	11917	PPL
plc_01m0n2yy0fqhe7zdn3hpvgsjbv	2653086	Chorley	53.65	-2.61667	33888	PPLA3
plc_01m0n2yy0fqhe7zdn3hqhyswns	2653089	Choppington	55.15004	-1.60332	3001	PPL
plc_01m0n2yy0fqhe7zdn3htch90dh	2653095	Cholsey	51.5728	-1.15356	3081	PPL
plc_01m0n2yy0fqhe7zdn3hxcvjkgj	2653109	Chobham	51.34836	-0.60639	2835	PPL
plc_01m0n2yy0fqhe7zdn3hzbhf5jb	2653121	Chiswick	51.49271	-0.25801	34337	PPLX
plc_01m0n2yy0fqhe7zdn3j0v6mxev	2653123	Chislehurst	51.41709	0.06858	15600	PPL
plc_01m0n2yy0fqhe7zdn3j233j32f	2653128	Chirnside	55.80215	-2.20927	1400	PPL
plc_01m0n2yy0fqhe7zdn3j5f6v2fs	2653131	Chirk	52.93586	-3.05738	4007	PPL
plc_01m0n2yy0fqhe7zdn3j6v39vg4	2653134	Chipstead	51.31546	-0.1666	3136	PPL
plc_01m0n2yy0fqhe7zdn3jaj6vwn6	2653136	Chipping Warden	52.13536	-1.2729	537	PPL
plc_01m0n2yy0fqhe7zdn3jecmzt1n	2653137	Chipping Sodbury	51.53813	-2.39379	5500	PPL
plc_01m0n2yy0fqhe7zdn3jej391m7	2653138	Chipping Ongar	51.70379	0.24548	3967	PPL
plc_01m0n2yy0fqhe7zdn3jjchfh4n	2653139	Chipping Norton	51.94109	-1.5453	5719	PPL
plc_01m0n2yy0fqhe7zdn3jn8qbypx	2653140	Chipping Campden	52.04964	-1.7767	2288	PPL
plc_01m0n2yy0fqhe7zdn3jqm70sq5	2653141	Chipping	53.88333	-2.58333	618	PPL
plc_01m0n2yy0fqhe7zdn3jrezv1pd	2653143	Chippenham	52.30184	0.43636	517	PPL
plc_01m0n2yy0fqhe7zdn3jtckp3vm	2653144	Chippenham	51.46	-2.12472	35800	PPLA3
plc_01m0n2yy0fqhe7zdn3jw91ng0a	2653145	Chinnor	51.70177	-0.91161	5473	PPL
plc_01m0n2yy0fqhe7zdn3jyfw23nv	2653147	Chinley	53.34025	-1.939	1614	PPL
plc_01m0n2yy0fqhe7zdn3jzfjj8kx	2653148	Chingford	51.63033	0.00051	70583	PPL
plc_01m0n2yy0fqhe7zdn3k2ekh5be	2653149	Chilworth	51.21635	-0.53129	1852	PPL
plc_01m0n2yy0fqhe7zdn3k5bbntz8	2653150	Chilworth	50.96443	-1.41934	1204	PPL
plc_01m0n2yy0fqhe7zdn3k8d7syca	2653160	Chilmark	51.0918	-2.04379	525	PPL
plc_01m0n2yy0fqhe7zdn3k9kw4vjb	2653169	Childwall	53.39719	-2.897	13640	PPL
plc_01m0n2yy0fqhe7zdn3k9xnqwey	2653170	Childswickham	52.0471	-1.89409	787	PPL
plc_01m0n2yy0fqhe7zdn3kdt8eyqx	2653172	Childrey	51.5845	-1.47966	582	PPL
plc_01m0n2yy0fqhe7zdn3kfzx1mn3	2653173	Child Okeford	50.9137	-2.23679	1114	PPL
plc_01m0n2yy0fqhe7zdn3kkmgwdgt	2653175	Chilcompton	51.26391	-2.50502	2062	PPL
plc_01m0n2yy0fqhe7zdn3knb9fd8s	2653177	Chilbolton	51.15932	-1.43642	862	PPL
plc_01m0n2yy0fqhe7zdn3knsk57y3	2653178	Chigwell	51.61999	0.07596	12250	PPL
plc_01m0n2yy0fqhe7zdn3ks6ybvd9	2653179	Chieveley	51.46163	-1.31613	987	PPL
plc_01m0n2yy0fqhe7zdn3kvry99j3	2653180	Chideock	50.73216	-2.8192	686	PPL
plc_01m0n2yy0fqhe7zdn3kwjctvt1	2653183	Chiddingfold	51.11866	-0.62262	2211	PPL
plc_01m0n2yy0fqhe7zdn3kxhm4rp0	2653185	Chicksands	52.04585	-0.3639	1396	PPL
plc_01m0n2yy0fqhe7zdn3m1f65cx2	2653188	Chickerell	50.62429	-2.5028	2966	PPL
plc_01m0n2yy0fqhe7zdn3m42btc2b	2653192	Chichester	50.83673	-0.78003	31654	PPLA2
plc_01m0n2yy0fqhe7zdn3m4frgm7p	2653196	Chew Stoke	51.35365	-2.63266	776	PPL
plc_01m0n2yy0fqhe7zdn3m5f21hms	2653197	Chew Magna	51.36611	-2.61028	1149	PPLA3
plc_01m0n2yy0fqhe7zdn3m8hbp02w	2653205	Cheveley	52.22049	0.4643	884	PPL
plc_01m0n2yy0fqhe7zdn3mbpyhxxp	2653214	Cheswardine	52.86503	-2.4184	716	PPL
plc_01m0n2yy0fqhe7zdn3mfjqssmk	2653219	Chesterton	51.88741	-1.18549	850	PPL
plc_01m0n2yy0fqhe7zdn3mk2pjxc8	2653224	Chester-le-Street	54.85862	-1.57408	36917	PPL
plc_01m0n2yy0fqhe7zdn3mntbte5z	2653225	Chesterfield	53.25	-1.41667	113057	PPL
plc_01m0n2yy0fqhe7zdn3mp2wc6p1	2653228	Chester	53.1905	-2.89189	90524	PPLA2
plc_01m0n2yy0fqhe7zdn3mrkew3zf	2653229	Chessington	51.3624	-0.30427	19433	PPL
plc_01m0n2yy0fqhe7zdn3mt2h20ge	2653232	Cheshunt	51.7002	-0.03026	43680	PPL
plc_01m0n2yy0fqhe7zdn3mtc5evvv	2653235	Chesham	51.7	-0.6	20649	PPL
plc_01m0n2yy0fqhe7zdn3mtn6kqpz	2653239	Chertsey	51.38812	-0.50782	15967	PPL
plc_01m0n2yy0fqhe7zdn3my7xnsj9	2653243	Cherry Burton	53.86667	-0.5	1392	PPLA3
plc_01m0n2yy0fqhe7zdn3n1sc6tn0	2653246	Cheriton Fitzpaine	50.84444	-3.60582	556	PPL
plc_01m0n2yy0fqhe7zdn3n3fhhgqy	2653247	Cheriton Bishop	50.72415	-3.74098	652	PPL
plc_01m0n2yy0fqhe7zdn3n5k4d3rb	2653253	Cherhill	51.42989	-1.9509	572	PPL
plc_01m0n2yy0fqhe7zdn3n7ak2x0z	2653256	Chepstow	51.64087	-2.67683	11900	PPL
plc_01m0n2yy0fqhe7zdn3na6aztvq	2653261	Cheltenham	51.90006	-2.07972	118836	PPL
plc_01m0n2yy0fqhe7zdn3ndzc2ap6	2653264	Chelsfield	51.35806	0.12772	14507	PPL
plc_01m0n2yy0fqhe7zdn3nf57g6bd	2653265	Chelsea	51.48755	-0.16936	60000	PPLX
plc_01m0n2yy0fqhe7zdn3ngahm8e7	2653266	Chelmsford	51.73575	0.46958	111511	PPLA2
plc_01m0n2yy0fqhe7zdn3nkk82kgr	2653268	Chelmondiston	51.98932	1.21141	938	PPL
plc_01m0n2yy0fqhe7zdn3npc887kz	2653273	Chelford	53.2709	-2.28329	1058	PPL
plc_01m0n2yy0fqhe7zdn3nr2rb1k5	2653276	Chedworth	51.80095	-1.92309	802	PPL
plc_01m0n2yy0fqhe7zdn3nv5jmma0	2653279	Cheddleton	53.0691	-2.04228	2947	PPL
plc_01m0n2yy0fqhe7zdn3nwy2f0ft	2653280	Cheddington	51.84784	-0.66429	1634	PPL
plc_01m0n2yy0fqhe7zdn3nygggebe	2653281	Cheddar	51.27537	-2.77662	5199	PPL
plc_01m0n2yy0fqhe7zdn3nyx84j8a	2653282	Chedburgh	52.18972	0.61678	597	PPL
plc_01m0n2yy0fqhe7zdn3p018x8m3	2653288	Chearsley	51.78998	-0.96156	539	PPL
plc_01m0n2yy0fqhe7zdn3p1f8xx5n	2653289	Cheam	51.36179	-0.21977	11286	PPLX
plc_01m0n2yy0fqhe7zdn3p4d3c2zm	2653290	Cheadle Hulme	53.3761	-2.1897	28952	PPL
plc_01m0n2yy0fqhe7zdn3p4qqq0m4	2653292	Cheadle	52.98333	-1.98333	11404	PPL
plc_01m0n2yy0fqhe7zdn3p8mwt4bh	2653294	Chawleigh	50.89747	-3.83323	642	PPL
plc_01m0n2yy0fqhe7zdn3p9phhrbz	2653298	Chatteris	52.45624	0.05236	10298	PPL
plc_01m0n2yy0fqhe7zdn3pd09vc99	2653299	Chattenden	51.41832	0.52945	972	PPL
plc_01m0n2yy0fqhe7zdn3pgzdw37w	2653305	Chatham	51.37891	0.52786	80596	PPL
plc_01m0n2yy0fqhe7zdn3pmqwbr5d	2653306	Chatburn	53.89228	-2.35495	1102	PPL
plc_01m0n2yy0fqhe7zdn3pn45crw6	2653307	Chasetown	52.67232	-1.92535	9000	PPL
plc_01m0n2yy0fqhe7zdn3pnhz1tez	2653310	Chartham	51.2562	1.01836	2836	PPL
plc_01m0n2yy0fqhe7zdn3ps3javc2	2653317	Charmouth	50.73889	-2.90055	1352	PPL
plc_01m0n2yy0fqhe7zdn3pwc015pr	2653318	Charminster	50.73333	-2.45	1366	PPL
plc_01m0n2yy0fqhe7zdn3q09tknwp	2653319	Charlwood	51.15644	-0.22586	972	PPL
plc_01m0n2yy0fqhe7zdn3q321ja7b	2653322	Charlton Marshall	50.83591	-2.14231	1026	PPL
plc_01m0n2yy0fqhe7zdn3q6w6tgzj	2653324	Charlton Kings	51.88374	-2.04239	11700	PPL
plc_01m0n2yy0fqhe7zdn3q9a9ws3m	2653332	Charlesworth	53.43289	-1.99302	990	PPL
plc_01m0n2yy0fqhe7zdn3qbf6ymvg	2653339	Charlbury	51.8727	-1.48247	2830	PPL
plc_01m0n2yy0fqhe7zdn3qcwp6z1s	2653342	Charing	51.21073	0.79466	1841	PPL
plc_01m0n2yy0fqhe7zdn3qg45fwbd	2653343	Charfield	51.62722	-2.40667	2370	PPLA3
plc_01m0n2yy0fqhe7zdn3qkzvp93s	2653346	Chard	50.8727	-2.96597	14287	PPL
plc_01m0n2yy0fqhe7zdn3qqts6sc4	2653353	Chapeltown	53.46506	-1.47217	23056	PPL
plc_01m0n2yy0fqhe7zdn3qsh3wmdp	2653354	Chapelton	55.71204	-4.09629	650	PPL
plc_01m0n2yy0fqhe7zdn3qws4wn9n	2653357	Chapel Saint Leonards	53.21667	0.31667	3481	PPL
plc_01m0n2yy0fqhe7zdn3qwxhcdqc	2653366	Chapelhall	55.84349	-3.94881	6560	PPL
plc_01m0n2yy0fqhe7zdn3qxen8xwy	2653368	Chapel en le Frith	53.32407	-1.91291	6598	PPL
plc_01m0n2yy0fqhe7zdn3qznhyret	2653391	Chalgrove	51.66476	-1.0764	2830	PPL
plc_01m0n2yy0fqhe7zdn3r23ckztj	2653392	Chalford	51.72583	-2.15139	6776	PPL
plc_01m0n2yy0fqhe7zdn3r2w6am15	2653393	Chalfont Saint Peter	51.60885	-0.55618	20059	PPL
plc_01m0n2yy0fqhe7zdn3r4rxnk5r	2653394	Chalfont St Giles	51.63184	-0.57026	7957	PPL
plc_01m0n2yy0fqhe7zdn3r79h3bfb	2653408	Chagford	50.67504	-3.83936	1020	PPL
plc_01m0n2yy0fqhe7zdn3r9efdjek	2653411	Chadlington	51.89493	-1.52538	827	PPL
plc_01m0n2yy0fqhe7zdn3r9w6cs78	2653414	Chaddesden	52.92951	-1.43422	13413	PPL
plc_01m0n2yy0fqhe7zdn3rafd5r80	2653416	Chacombe	52.09036	-1.28278	659	PPL
plc_01m0n2yy0fqhe7zdn3rcdzp0t5	2653417	Chacewater	50.25675	-5.15757	1226	PPLA3
plc_01m0n2yy0fqhe7zdn3rdcdyacz	2653423	Cerne Abbas	50.80893	-2.47583	784	PPL
plc_01m0n2yy0fqhe7zdn3reqhfak7	2653424	Ceres	56.29382	-2.97357	950	PPL
plc_01m0n2yy0fqhe7zdn3rghey54w	2653438	Cemaes Bay	53.41211	-4.4519	1187	PPL
plc_01m0n2yy0fqhe7zdn3rgrz5bv6	2653460	Caythorpe	53.01667	-0.6	1374	PPL
plc_01m0n2yy0fqhe7zdn3rkag4w9s	2653462	Caxton	52.20575	-0.09255	572	PPL
plc_01m0n2yy0fqhe7zdn3rp5xv3bn	2653463	Cawthorne	53.56687	-1.57259	893	PPLA3
plc_01m0n2yy0fqhe7zdn3rp75165j	2653465	Cawston	52.76667	1.16667	1172	PPL
plc_01m0n2yy0fqhe7zdn3rq005ej7	2653468	Cawood	53.83303	-1.12962	1409	PPL
plc_01m0n2yy0fqhe7zdn3rt6qm9x8	2653476	Cavendish	52.08721	0.63352	875	PPL
plc_01m0n2yy0fqhe7zdn3rtrsn2s6	2653499	Catterick	54.37542	-1.63328	3155	PPL
plc_01m0n2yy0fqhe7zdn3rwexp9wf	2653500	Catterall	53.87965	-2.76478	2029	PPL
plc_01m0n2yy0fqhe7zdn3rwwq2chv	2653503	Catsfield	50.89683	0.45177	639	PPL
plc_01m0n2yy0fqhe7zdn3rx1v9wzh	2653504	Catrine	55.50422	-4.33026	2210	PPL
plc_01m0n2yy0fqhe7zdn3rzme5ctb	2653505	Caton	54.07624	-2.71903	2387	PPL
plc_01m0n2yy0fqhe7zdn3s2tfrpjp	2653516	Catford	51.44491	-0.02043	44905	PPLA3
plc_01m0n2yy0fqhe7zdn3s44ya36m	2653519	Catfield	52.73972	1.53482	699	PPL
plc_01m0n2yy0fqhe7zdn3s68ygtj0	2653520	Caterham	51.2823	-0.07889	20957	PPL
plc_01m0n2yy0fqhe7zdn3s8frr0b2	2653530	Castor	52.57319	-0.34603	1393	PPLA3
plc_01m0n2yy0fqhe7zdn3sb370j71	2653534	Castlewellan	54.2569	-5.94446	2499	PPL
plc_01m0n2yy0fqhe7zdn3serczs3g	2653536	Castletown	58.59331	-3.38827	840	PPL
plc_01m0n2yy0fqhe7zdn3shnr5s0n	2653550	Castleside	54.83429	-1.87849	4881	PPL
plc_01m0n2yy0fqhe7zdn3skw57byh	2653554	Castlerock	55.15	-6.78333	1477	PPL
plc_01m0n2yy0fqhe7zdn3smb3bh21	2653558	Castlereagh	54.5735	-5.88472	56679	PPLA2
plc_01m0n2yy0fqhe7zdn3sr71zbtz	2653579	Castle Hedingham	51.99015	0.59882	1063	PPL
plc_01m0n2yy0fqhe7zdn3stt1qent	2653584	Castleford	53.72587	-1.36256	45106	PPL
plc_01m0n2yy0fqhe7zdn3sxawj1t5	2653590	Castle Douglas	54.94095	-3.92784	4070	PPL
plc_01m0n2yy0fqhe7zdn3sy1brr6y	2653591	Castle Donington	52.84291	-1.34188	6416	PPL
plc_01m0n2yy0fqhe7zdn3t0c1rc6d	2653594	Castlederg	54.70699	-7.59336	2822	PPL
plc_01m0n2yy0fqhe7zdn3t1p1y8d5	2653595	Castledawson	54.77723	-6.56227	2263	PPL
plc_01m0n2yy0fqhe7zdn3t4hyebs1	2653601	Castle Cary	51.09	-2.51417	3232	PPL
plc_01m0n2yy0fqhe7zdn3t6947wbe	2653603	Castle Camps	52.06334	0.37989	684	PPL
plc_01m0n2yy0fqhe7zdn3t91gp193	2653614	Castle Acre	52.7046	0.68903	848	PPL
plc_01m0n2yy0fqhe7zdn3tcj8rth9	2653620	Cassington	51.79017	-1.3505	750	PPL
plc_01m0n2yy0fqhe7zdn3tdd4p839	2653634	Carterton	51.75905	-1.59435	15680	PPL
plc_01m0n2yy0fqhe7zdn3tgmxpakf	2653639	Carstairs	55.69561	-3.69115	890	PPL
plc_01m0n2yy0fqhe7zdn3tgt5wrdz	2653646	Carshalton	51.36829	-0.16755	45525	PPL
plc_01m0n2yy0fqhe7zdn3tkdbwp62	2653656	Carryduff	54.51799	-5.88713	7798	PPL
plc_01m0n2yy0fqhe7zdn3tnne4xy9	2653669	Carron	56.02611	-3.79251	2530	PPL
plc_01m0n2yy0fqhe7zdn3tpzsynew	2653680	Carrickfergus	54.7158	-5.8058	29208	PPLA2
plc_01m0n2yy0fqhe7zdn3ttr19kgk	2653701	Carnwath	55.70036	-3.62579	1430	PPL
plc_01m0n2yy0fqhe7zdn3twr8zr3q	2653704	Carnoustie	56.50263	-2.7053	11310	PPL
plc_01m0n2yy0fqhe7zdn3tyadv4ge	2653707	Carno	52.5599	-3.53545	730	PPL
plc_01m0n2yy0fqhe7zdn3tzsjd1cy	2653710	Carnmoney	54.68333	-5.95	2775	PPL
plc_01m0n2yy0fqhe7zdn3v0n2fdja	2653712	Carnlough	54.99185	-5.99038	1427	PPL
plc_01m0n2yy0fqhe7zdn3v3nnstgs	2653715	Carnforth	54.13163	-2.76914	7920	PPL
plc_01m0n2yy0fqhe7zdn3v4nkdsy2	2653745	Carmunnock	55.79062	-4.23584	1250	PPL
plc_01m0n2yy0fqhe7zdn3v5syjyva	2653755	Carmarthen	51.85552	-4.30535	15854	PPLA2
plc_01m0n2yy0fqhe7zdn3v7q7hekm	2653756	Carluke	55.73595	-3.83019	13810	PPL
plc_01m0n2yy0fqhe7zdn3vba94060	2653759	Carlton le Moorland	53.11163	-0.64469	565	PPL
plc_01m0n2yy0fqhe7zdn3vehed87v	2653762	Carlton	54.59004	-1.39117	726	PPLA3
plc_01m0n2yy0fqhe7zdn3vhybccq2	2653770	Carlton	52.18801	-0.60704	874	PPL
plc_01m0n2yy0fqhe7zdn3vk59k3mt	2653775	Carlisle	54.8951	-2.9382	78470	PPLA2
plc_01m0n2yy0fqhe7zdn3vpzs2n3a	2653783	Carlby	52.71384	-0.44649	542	PPL
plc_01m0n2yy0fqhe7zdn3vqk5ardm	2653792	Carhampton	51.17453	-3.42142	687	PPL
plc_01m0n2yy0fqhe7zdn3vsgx7xr8	2653798	Carfin	55.80502	-3.96076	2510	PPL
plc_01m0n2yy0fqhe7zdn3vvcjtmsx	2653806	Cardross	55.96184	-4.65316	2130	PPL
plc_01m0n2yy0fqhe7zdn3vxxs2qar	2653807	Cardrona Mains	55.63776	-3.10523	810	PPL
plc_01m0n2yy0fqhe7zdn3w1sk83y3	2653818	Cardigan	52.08373	-4.66228	5301	PPLA3
plc_01m0n2yy0fqhe7zdn3w217am48	2653822	Cardiff	51.48	-3.18	372089	PPLA
plc_01m0n2yy0fqhe7zdn3w4j5qpt7	2653824	Cardenden	56.1431	-3.25687	4913	PPL
plc_01m0n2yy0fqhe7zdn3w62hnk7a	2653825	Carcroft	53.58282	-1.17648	8584	PPL
plc_01m0n2yy0fqhe7zdn3w6fmmtp8	2653828	Carbrooke	52.58112	0.8758	567	PPL
plc_01m0n2yy0fqhe7zdn3w9jaa2vz	2653845	Capel Saint Mary	52.00369	1.04482	2940	PPL
plc_01m0n2yy0fqhe7zdn3wb5gpv7m	2653855	Capel	51.14942	-0.32375	1239	PPL
plc_01m0n2yy0fqhe7zdn3wc00v8y4	2653874	Cantley	52.57896	1.51354	504	PPL
plc_01m0n2yy0fqhe7zdn3wcba1bye	2653877	Canterbury	51.27904	1.07992	55087	PPL
plc_01m0n2yy0fqhe7zdn3wcgyfg5h	2653883	Cannock	52.69045	-2.03085	86121	PPL
plc_01m0n2yy0fqhe7zdn3wet56chd	2653896	Canewdon	51.61759	0.74458	1072	PPL
plc_01m0n2yy0fqhe7zdn3wh8cgwrf	2653910	Campsall	53.61917	-1.18002	1940	PPL
plc_01m0n2yy0fqhe7zdn3wm9n1w5a	2653915	Campbeltown	55.42583	-5.60764	4500	PPL
plc_01m0n2yy0fqhe7zdn3wpsh2418	2653927	Camelford	50.62185	-4.67963	2335	PPL
plc_01m0n2yy0fqhe7zdn3ws2m9a0s	2653935	Cambuslang	55.80966	-4.16096	30790	PPL
plc_01m0n2yy0fqhe7zdn3wtx3dg4x	2653938	Cambusbarron	56.10893	-3.96751	3224	PPL
plc_01m0n2yy0fqhe7zdn3wwyx2k2n	2653941	Cambridge	52.2	0.11667	145674	PPLA2
plc_01m0n2yy0fqhe7zdn3x01rrc18	2653945	Camborne	50.21306	-5.29731	20450	PPL
plc_01m0n2yy0fqhe7zdn3x18dq0n5	2653947	Camberley	51.33705	-0.74261	30155	PPL
plc_01m0n2yy0fqhe7zdn3x3vqmwvt	2653960	Calverton	53.03728	-1.08263	6868	PPL
plc_01m0n2yy0fqhe7zdn3x74weksr	2653971	Calstock	50.49623	-4.20639	790	PPL
plc_01m0n2yy0fqhe7zdn3x9qs7axd	2653974	Calne	51.43879	-2.00571	17274	PPL
plc_01m0n2yy0fqhe7zdn3xb94fznq	2653981	Callington	50.50147	-4.31314	5786	PPL
plc_01m0n2yy0fqhe7zdn3xf144vgp	2653989	Callander	56.2441	-4.21637	3120	PPL
plc_01m0n2yy0fqhe7zdn3xfps30g9	2654014	Caldicot	51.58661	-2.75736	9813	PPL
plc_01m0n2yy0fqhe7zdn3xgbj3899	2654020	Caldercruix	55.88886	-3.88664	2440	PPL
plc_01m0n2yy0fqhe7zdn3xkgbrxk6	2654043	Caistor	53.49673	-0.31538	2489	PPL
plc_01m0n2yy0fqhe7zdn3xpg4mmqr	2654044	Caister-on-Sea	52.64809	1.72648	8901	PPL
plc_01m0n2yy0fqhe7zdn3xt4gekz6	2654054	Cairnryan	54.97104	-5.01982	3757	PPL
plc_01m0n2yy0fqhe7zdn3xtnw8011	2654066	Cairneyhill	56.05908	-3.53518	2480	PPL
plc_01m0n2yy0fqhe7zdn3xwqsnmtr	2654086	Caerwys	53.24651	-3.30745	950	PPL
plc_01m0n2yy0fqhe7zdn3y04je9kw	2654087	Caerwent	51.6112	-2.76865	1201	PPL
plc_01m0n2yy0fqhe7zdn3y26kngtb	2654088	Caersws	52.51634	-3.42948	816	PPL
plc_01m0n2yy0fqhe7zdn3y48zz895	2654089	Caerphilly	51.57452	-3.218	31060	PPL
plc_01m0n2yy0fqhe7zdn3y4fmscgp	2654092	Caernarfon	53.14126	-4.27016	9730	PPLA2
plc_01m0n2yy0fqhe7zdn3y6hf8bws	2654093	Caerleon	51.60952	-2.95378	8061	PPL
plc_01m0n2yy0fqhe7zdn3y8vc6tnf	2654095	Caergwrle	53.10953	-3.03808	4673	PPL
plc_01m0n2yy0fqhe7zdn3yb5w6as6	2654107	Cadnam	50.92047	-1.5797	1917	PPL
plc_01m0n2yy0fqhe7zdn3ycjf19bc	2654115	Caddington	51.86621	-0.45679	3112	PPLA3
plc_01m0n2yy0fqhe7zdn3ygcgn1yx	2654137	Byfield	52.17546	-1.24566	1277	PPL
plc_01m0n2yy0fqhe7zdn3yhq6ag6j	2654138	Byers Green	54.69981	-1.65348	858	PPL
plc_01m0n2yy0fqhe7zdn3yj25a660	2654141	Buxton	53.25741	-1.90982	20048	PPL
plc_01m0n2yy0fqhe7zdn3yjfphfgk	2654142	Buxton	52.75255	1.29982	1316	PPL
plc_01m0n2yy0fqhe7zdn3ymmm1ymd	2654143	Buxted	50.99003	0.13441	1831	PPL
plc_01m0n2yy0fqhe7zdn3ync5wws8	2654148	Butterwick	52.98333	0.06667	1302	PPL
plc_01m0n2yy0fqhe7zdn3ypnc90g2	2654163	Butleigh	51.10084	-2.68508	712	PPL
plc_01m0n2yy0fqhe7zdn3ytkyzsmq	2654175	Bushmills	55.20493	-6.51918	1309	PPL
plc_01m0n2yy0fqhe7zdn3yxwm4yb9	2654179	Bushey	51.64316	-0.36053	28416	PPL
plc_01m0n2yy0fqhe7zdn3z0jdyycz	2654184	Busby	55.77995	-4.27711	3220	PPL
plc_01m0n2yy0fqhe7zdn3z476pfkh	2654186	Bury St Edmunds	52.2463	0.71111	41280	PPL
plc_01m0n2yy0fqhe7zdn3z55fp01h	2654187	Bury	53.6	-2.3	61044	PPLA2
plc_01m0n2yy0fqhe7zdn3z851b205	2654194	Burwell	53.29305	0.03463	5963	PPL
plc_01m0n2yy0fqhe7zdn3z9szze3z	2654195	Burwell	52.27632	0.32732	6309	PPL
plc_01m0n2yy0fqhe7zdn3zb0f7a88	2654196	Burwash	50.99755	0.38504	1317	PPL
plc_01m0n2yy0fqhe7zdn3zdg1d2vd	2654199	Burtonwood	53.42948	-2.65852	3361	PPL
plc_01m0n2yy0fqhe7zdn3zf4b1c9t	2654200	Burton upon Trent	52.80728	-1.64263	122199	PPL
plc_01m0n2yy0fqhe7zdn3zfg2406n	2654201	Burton upon Stather	53.64911	-0.68453	2410	PPL
plc_01m0n2yy0fqhe7zdn3zg47shyg	2654203	Burton Pidsea	53.76327	-0.10703	944	PPLA3
plc_01m0n2yy0fqhe7zdn3zgt5saj1	2654206	Burton on the Wolds	52.78574	-1.12988	1218	PPL
plc_01m0n2yy0fqhe7zdn3zhzzs7q7	2654207	Burton Leonard	54.0691	-1.50116	690	PPL
plc_01m0n2yy0fqhe7zdn3znpkw2qb	2654208	Burton Latimer	52.36368	-0.67853	6890	PPL
plc_01m0n2yy0fqhe7zdn3zsmr4qe5	2654209	Burton Joyce	52.98825	-1.03407	3752	PPL
plc_01m0n2yy0fqhe7zdn3zvm7cj9r	2654210	Burton in Lonsdale	54.14439	-2.53372	579	PPL
plc_01m0n2yy0fqhe7zdn3zy8nyx6t	2654213	Burton Bradstock	50.70289	-2.72777	682	PPL
plc_01m0n2yy0fqhe7zdn4023r0gnw	2654216	Burton	53.26667	-0.56667	4106	PPL
plc_01m0n2yy0fqhe7zdn4058gegj8	2654217	Burton	53.25954	-3.02549	541	PPL
plc_01m0n2yy0fqhe7zdn4085vnpxj	2654220	Burstwick	53.73211	-0.13956	1924	PPLA3
plc_01m0n2yy0fqhe7zdn40a96kgzc	2654222	Burston	52.40472	1.14078	568	PPL
plc_01m0n2yy0fqhe7zdn40c2px9dc	2654226	Bursledon	50.88658	-1.31596	6894	PPL
plc_01m0n2yy0fqhe7zdn40cs8959h	2654228	Burscough	53.5964	-2.83972	8799	PPL
plc_01m0n2yy0fqhe7zdn40ftvtn4r	2654229	Burry Port	51.68435	-4.24687	8310	PPL
plc_01m0n2yy0fqhe7zdn40k5c5a9d	2654236	Burringham	53.57402	-0.73957	1179	PPL
plc_01m0n2yy0fqhe7zdn40ke8z50s	2654252	Burntwood	52.68075	-1.92759	29244	PPL
plc_01m0n2yy0fqhe7zdn40p60c6a2	2654255	Burntisland	56.05865	-3.23664	6370	PPL
plc_01m0n2yy0fqhe7zdn40p86yayk	2654260	Burnopfield	54.90624	-1.72486	3735	PPL
plc_01m0n2yy0fqhe7zdn40pamn451	2654264	Burnley	53.8	-2.23333	149422	PPLA4
plc_01m0n2yy0fqhe7zdn40s1z93cy	2654265	Burniston	54.32385	-0.44813	1523	PPL
plc_01m0n2yy0fqhe7zdn40vgzt888	2654269	Burnham-on-Sea	51.23862	-2.9978	23325	PPL
plc_01m0n2yy0fqhe7zdn40y8xadxy	2654270	Burnham-on-Crouch	51.63272	0.81488	7561	PPL
plc_01m0n2yy0fqhe7zdn410jqn2dk	2654271	Burnham Market	52.94525	0.72608	877	PPL
plc_01m0n2yy0fqhe7zdn412e3383q	2654274	Burnham	51.53534	-0.66579	12500	PPL
plc_01m0n2yy0fqhe7zdn415phq10k	2654278	Burneside	54.35271	-2.76151	1017	PPL
plc_01m0n2yy0fqhe7zdn4173s71f3	2654285	Burley in Wharfedale	53.9102	-1.75798	5996	PPL
plc_01m0n2yy0fqhe7zdn41a8bj4pr	2654287	Burley	50.828	-1.69977	1384	PPL
plc_01m0n2yy0fqhe7zdn41attjy5r	2654291	Buriton	50.97505	-0.94851	507	PPL
plc_01m0n2yy0fqhe7zdn41ct3zzcz	2654293	Burham	51.33243	0.47833	1195	PPL
plc_01m0n2yy0fqhe7zdn41f10ew11	2654298	Burgh le Marsh	53.16158	0.24484	2026	PPL
plc_01m0n2yy0fqhe7zdn41fjefzkh	2654303	Burghead	57.70113	-3.48992	1840	PPL
plc_01m0n2yy0fqhe7zdn41g8e937w	2654304	Burghclere	51.34874	-1.32351	546	PPL
plc_01m0n2yy0fqhe7zdn41hndt2vz	2654305	Burgh by Sands	54.92181	-3.05671	1176	PPL
plc_01m0n2yy0fqhe7zdn41mkyn7cz	2654308	Burgess Hill	50.95843	-0.13287	30635	PPL
plc_01m0n2yy0fqhe7zdn41r0p2rzr	2654312	Burford	51.80915	-1.63628	1184	PPL
plc_01m0n2yy0fqhe7zdn41rz0md3p	2654313	Bures Saint Mary	51.9724	0.77488	1433	PPL
plc_01m0n2yy0fqhe7zdn41s6nmdz7	2654320	Burbage	51.35184	-1.67087	1772	PPLA3
plc_01m0n2yy0fqhe7zdn41smdkcye	2654322	Bunwell	52.50158	1.11552	564	PPL
plc_01m0n2yy0fqhe7zdn41wgm6r8d	2654323	Buntingford	51.94612	-0.01841	4948	PPL
plc_01m0n2yy0fqhe7zdn41wps2mn3	2654327	Bungay	52.45434	1.43818	5127	PPL
plc_01m0n2yy0fqhe7zdn41wsfs9ea	2654334	Bunbury	53.11559	-2.65151	1195	PPL
plc_01m0n2yy0fqhe7zdn41zme6zf8	2654357	Bulford	51.1893	-1.76009	9519	PPLA3
plc_01m0n2yy0fqhe7zdn4232mcfp7	2654359	Builth Wells	52.1494	-3.40469	2829	PPL
plc_01m0n2yy0fqhe7zdn4263j2dh3	2654371	Bugle	50.39577	-4.79334	2873	PPL
plc_01m0n2yy0fqhe7zdn428e341yg	2654372	Bugbrooke	52.21006	-1.01304	2692	PPL
plc_01m0n2yy0fqhe7zdn42c9w3q57	2654376	Budleigh Salterton	50.62983	-3.32181	5185	PPL
plc_01m0n2yy0fqhe7zdn42cw4bq6b	2654380	Bude	50.82435	-4.5413	7011	PPL
plc_01m0n2yy0fqhe7zdn42dd4hs34	2654389	Bucknell	52.35997	-2.95066	717	PPLA3
plc_01m0n2yy0fqhe7zdn42h22m2dh	2654394	Buckley	53.16667	-3.08333	63576	PPLA3
plc_01m0n2yy0fqhe7zdn42krsjamc	2654395	Bucklesham	52.03011	1.26926	526	PPL
plc_01m0n2yy0fqhe7zdn42kv5y200	2654399	Buckland Monachorum	50.49481	-4.13056	779	PPL
plc_01m0n2yy0fqhe7zdn42q27swre	2654406	Buckland	51.67846	-1.50611	588	PPL
plc_01m0n2yy0fqhe7zdn42qqz7zs0	2654410	Buckingham	51.99968	-0.98779	12890	PPL
plc_01m0n2yy0fqhe7zdn42s9ev2yn	2654411	Buckie	57.6757	-2.96238	8430	PPL
plc_01m0n2yy0fqhe7zdn42x25yxn6	2654412	Buckhurst Hill	51.62409	0.03262	11755	PPL
plc_01m0n2yy0fqhe7zdn42xv6yp6n	2654415	Buckhaven	56.17149	-3.03377	4340	PPL
plc_01m0n2yy0fqhe7zdn430wkab1y	2654416	Buckfastleigh	50.48132	-3.77913	3631	PPL
plc_01m0n2yy0fqhe7zdn433dbqap8	2654419	Buckden	52.29415	-0.24912	2677	PPL
plc_01m0n2yy0fqhe7zdn434q657hj	2654421	Buchlyvie	56.11559	-4.29503	530	PPL
plc_01m0n2yy0fqhe7zdn43667nxxg	2654430	Bubwith	53.81905	-0.91968	954	PPLA3
plc_01m0n2yy0fqhe7zdn436x6pqxd	2654431	Bubbenhall	52.34774	-1.4674	655	PPL
plc_01m0n2yy0fqhe7zdn43701yqtq	2654437	Brynmawr	51.8	-3.18333	14924	PPLA3
plc_01m0n2yy0fqhe7zdn439jv7rqf	2654447	Brynamman	51.8	-3.86667	5693	PPL
plc_01m0n2yy0fqhe7zdn43d5qkgvn	2654449	Bryn	51.61639	-3.71167	923	PPLA3
plc_01m0n2yy0fqhe7zdn43gr10hb6	2654450	Brymbo	53.06667	-3.06667	18111	PPLA3
plc_01m0n2yy0fqhe7zdn43jn1zrhc	2654454	Bruton	51.1125	-2.45278	2984	PPL
plc_01m0n2yy0fqhe7zdn43pjnxkdt	2654461	Brundall	52.62426	1.43509	5927	PPLA4
plc_01m0n2yy0fqhe7zdn43rry839n	2654480	Broxburn	55.93415	-3.47133	15970	PPL
plc_01m0n2yy0fqhe7zdn43s7dj4p4	2654481	Broxbourne	51.74712	-0.01923	13298	PPL
plc_01m0n2yy0fqhe7zdn43x6d16qe	2654490	Brownhills	52.63333	-1.93333	13441	PPL
plc_01m0n2yy0fqhe7zdn43zzqfhx3	2654498	Broughton Moor	54.68719	-3.4681	783	PPL
plc_01m0n2yy0fqhe7zdn440hbaa6h	2654500	Broughton in Furness	54.2771	-3.21118	529	PPL
plc_01m0n2yy0fqhe7zdn4429t1a6b	2654501	Broughton Gifford	51.37214	-2.1755	851	PPL
plc_01m0n2yy0fqhe7zdn445za0fxq	2654502	Broughton Astley	52.52787	-1.21768	8940	PPL
plc_01m0n2yy0fqhe7zdn4481gvx1r	2654506	Broughton	53.56667	-0.55	4677	PPLA3
plc_01m0n2yy0fqhe7zdn44bkb87tr	2654507	Broughton	53.16303	-2.99309	5974	PPL
plc_01m0n2yy0fqhe7zdn44e3njx5g	2654509	Broughton	52.37331	-0.77493	2093	PPL
plc_01m0n2yy0fqhe7zdn44fq2ffae	2654515	Broughshane	54.8926	-6.20899	2581	PPL
plc_01m0n2yy0fqhe7zdn44j8waeze	2654532	Brough	53.72861	-0.57215	19904	PPL
plc_01m0n2yy0fqhe7zdn44mytm0hp	2654533	Brotton	54.56661	-0.93929	5394	PPL
plc_01m0n2yy0fqhe7zdn44rj0nyra	2654539	Broseley	52.61321	-2.48269	5644	PPL
plc_01m0n2yy0fqhe7zdn44tnrx9b1	2654545	Brora	58.00989	-3.85182	1290	PPL
plc_01m0n2yy0fqhe7zdn44x2bq66c	2654567	Brooke	52.54175	1.37076	1215	PPL
plc_01m0n2yy0fqhe7zdn44yfhv32g	2654578	Bromyard	52.19019	-2.50875	4117	PPL
plc_01m0n2yy0fqhe7zdn450ayxfkk	2654579	Bromsgrove	52.33574	-2.05983	34755	PPL
plc_01m0n2yy0fqhe7zdn452qgd0kx	2654583	Brompton	54.36015	-1.42422	1848	PPL
plc_01m0n2yy0fqhe7zdn455f24n0v	2654589	Bromham	52.14508	-0.52906	4670	PPLA3
plc_01m0n2yy0fqhe7zdn456ah9gev	2654596	Bromborough	53.3485	-2.97935	14850	PPL
plc_01m0n2yy0fqhe7zdn45a7cttpc	2654604	Brodick	55.57539	-5.14717	830	PPL
plc_01m0n2yy0fqhe7zdn45aj4n0e3	2654615	Brockenhurst	50.81936	-1.57303	3552	PPL
plc_01m0n2yy0fqhe7zdn45cg41s7y	2654623	Broadwindsor	50.82014	-2.80009	558	PPL
plc_01m0n2yy0fqhe7zdn45gfvptgz	2654628	Broadway	52.03825	-1.86079	2540	PPL
plc_01m0n2yy0fqhe7zdn45jwmsb4c	2654630	Broadwater	50.82887	-0.37594	8442	PPLX
plc_01m0n2yy0fqhe7zdn45k6m3nfm	2654634	Broadstone	50.75717	-1.99406	10289	PPL
plc_01m0n2yy0fqhe7zdn45n537edf	2654635	Broadstairs	51.35845	1.44185	23283	PPL
plc_01m0n2yy0fqhe7zdn45qvyzbjs	2654647	Broad Hinton	51.4887	-1.84786	650	PPL
plc_01m0n2yy0fqhe7zdn45ts4t8nz	2654648	Broadhempston	50.48374	-3.68972	672	PPL
plc_01m0n2yy0fqhe7zdn45yr2d2qb	2654651	Broad Haven	51.78025	-5.10258	880	PPL
plc_01m0n2yy0fqhe7zdn460tb0v6e	2654653	Broadford	57.24176	-5.91114	760	PPL
plc_01m0n2yy0fqhe7zdn463se5rbd	2654655	Broad Chalke	51.02724	-1.94847	680	PPL
plc_01m0n2yy0fqhe7zdn466gskwdz	2654657	Broad Blunsdon	51.61339	-1.7787	1803	PPL
plc_01m0n2yy0fqhe7zdn467t7yq2e	2654660	Brixworth	52.32912	-0.9035	5228	PPL
plc_01m0n2yy0fqhe7zdn46awxr3y2	2654662	Brixton	50.35	-4.03333	1252	PPL
plc_01m0n2yy0fqhe7zdn46bzdrr28	2654663	Brixham	50.39431	-3.51585	16693	PPL
plc_01m0n2yy0fqhe7zdn46eabskvq	2654668	Briton Ferry	51.63106	-3.81898	35179	PPL
plc_01m0n2yy0fqhe7zdn46hstsm45	2654673	Briston	52.85369	1.05899	3057	PPL
plc_01m0n2yy0fqhe7zdn46jj1dx89	2654675	Bristol	51.45523	-2.59665	479024	PPLA2
plc_01m0n2yy0fqhe7zdn46mw6aske	2654681	Brinscall	53.689	-2.57208	2286	PPL
plc_01m0n2yy0fqhe7zdn46pf6mqy3	2654683	Brinklow	52.41091	-1.364	1101	PPL
plc_01m0n2yy0fqhe7zdn46sf7mbmp	2654695	Brimscombe	51.71973	-2.18553	1554	PPL
plc_01m0n2yy0fqhe7zdn46vr4xfp7	2654699	Brimfield	52.30671	-2.69618	751	PPL
plc_01m0n2yy0fqhe7zdn46z2mhej7	2654701	Brill	51.81667	-1.05	1141	PPL
plc_01m0n2yy0fqhe7zdn472jg5tk4	2654702	Brigstock	52.45775	-0.60834	1357	PPL
plc_01m0n2yy0fqhe7zdn472zkwn31	2654710	Brighton	50.82838	-0.13947	283870	PPL
plc_01m0n2yy0fqhe7zdn475cv6azt	2654711	Brightlingsea	51.81164	1.02336	8076	PPL
plc_01m0n2yy0fqhe7zdn477986qqb	2654713	Brighstone	50.64263	-1.39479	1157	PPL
plc_01m0n2yy0fqhe7zdn477f9j28m	2654715	Brighouse	53.70322	-1.78428	32872	PPL
plc_01m0n2yy0fqhe7zdn47bed9xrt	2654717	Brigham	54.65894	-3.41648	756	PPL
plc_01m0n2yy0fqhe7zdn47f8w8keg	2654721	Brigg	53.55201	-0.49214	6787	PPL
plc_01m0n2yy0fqhe7zdn47gy1sf9b	2654724	Brierley Hill	52.48173	-2.12139	28000	PPL
plc_01m0n2yy0fqhe7zdn47j6eb2nz	2654725	Brierfield	53.82468	-2.23415	10271	PPL
plc_01m0n2yy0fqhe7zdn47p2y4ysy	2654726	Bridport	50.7338	-2.75831	12295	PPL
plc_01m0n2yy0fqhe7zdn47rg1e2hp	2654728	Bridlington	54.08306	-0.19192	35154	PPLA3
plc_01m0n2yy0fqhe7zdn47s056788	2654730	Bridgwater	51.12837	-3.00356	41276	PPL
plc_01m0n2yy0fqhe7zdn47sax9sf3	2654731	Bridgnorth	52.53661	-2.42033	12657	PPL
plc_01m0n2yy0fqhe7zdn47wt43x84	2654736	Bridge of Weir	55.85582	-4.57894	4860	PPL
plc_01m0n2yy0fqhe7zdn47ya9ymse	2654742	Bridge of Earn	56.34842	-3.4065	2790	PPL
plc_01m0n2yy0fqhe7zdn480e58kps	2654747	Bridge of Allan	56.15402	-3.94631	5320	PPL
plc_01m0n2yy0fqhe7zdn480n7k54g	2654752	Bridgend	57.4	-2.81667	740	PPL
plc_01m0n2yy0fqhe7zdn482kr1w8k	2654755	Bridgend	51.50583	-3.57722	49597	PPLA2
plc_01m0n2yy0fqhe7zdn485aeaq9b	2654760	Bridge	51.24513	1.1264	1576	PPL
plc_01m0n2yy0fqhe7zdn486q4y0pr	2654767	Brewood	52.67712	-2.17414	2614	PPL
plc_01m0n2yy0fqhe7zdn486yne70f	2654782	Brentwood	51.62127	0.30556	52586	PPL
plc_01m0n2yy0fqhe7zdn48as2jarz	2654786	Brent Knoll	51.25219	-2.95744	1271	PPL
plc_01m0n2yy0fqhe7zdn48bs4qqtb	2654787	Brentford	51.48619	-0.3083	10750	PPL
plc_01m0n2yy0fqhe7zdn48fbax5s9	2654789	Brent	51.55306	-0.3023	329100	PPLX
plc_01m0n2yy0fqhe7zdn48jmetnby	2654794	Brenchley	51.15141	0.39825	1171	PPL
plc_01m0n2yy0fqhe7zdn48pe2aqyk	2654805	Breedon on the Hill	52.80196	-1.40298	686	PPL
plc_01m0n2yy0fqhe7zdn48rgx9b3e	2654807	Bredon	52.03008	-2.11671	1936	PPL
plc_01m0n2yy0fqhe7zdn48sdchcc1	2654814	Bredbury	53.41667	-2.11667	17040	PPL
plc_01m0n2yy0fqhe7zdn48typjxng	2654817	Brecon	51.94612	-3.38887	8250	PPL
plc_01m0n2yy0fqhe7zdn48xk67vr7	2654824	Brechin	56.72993	-2.65729	7230	PPL
plc_01m0n2yy0fqhe7zdn491hb28wd	2654832	Bream	51.74822	-2.57747	3047	PPL
plc_01m0n2yy0fqhe7zdn49572ps48	2654836	Breadsall	52.95361	-1.45071	792	PPL
plc_01m0n2yy0fqhe7zdn4974rtbpr	2654848	Brayton	53.7651	-1.08921	2913	PPL
plc_01m0n2yy0fqhe7zdn497hf57q5	2654855	Brawdy	51.87996	-5.1272	620	PPL
plc_01m0n2yy0fqhe7zdn499650854	2654858	Braunton	51.10847	-4.16131	9525	PPL
plc_01m0n2yy0fqhe7zdn49cp986py	2654859	Braunstone	52.61835	-1.17904	16850	PPL
plc_01m0n2yy0fqhe7zdn49dyytev6	2654861	Braunston	52.28979	-1.20266	1513	PPL
plc_01m0n2yy0fqhe7zdn49hhpnxw3	2654863	Braughing	51.90684	0.02789	854	PPL
plc_01m0n2yy0fqhe7zdn49mrw9t5v	2654864	Bratton Fleming	51.1225	-3.93854	928	PPL
plc_01m0n2yy0fqhe7zdn49pcptxtf	2654866	Bratton	51.27056	-2.12444	1248	PPLA3
plc_01m0n2yy0fqhe7zdn49prv249q	2654871	Brasted	51.2766	0.11068	844	PPL
plc_01m0n2yy0fqhe7zdn49qv8hcn2	2654872	Brassington	53.08511	-1.65595	573	PPL
plc_01m0n2yy0fqhe7zdn49st16ww7	2654880	Brant Broughton	53.0777	-0.63259	744	PPL
plc_01m0n2yy0fqhe7zdn49vey4chw	2654881	Branston	53.19544	-0.47482	3852	PPL
plc_01m0n2yy0fqhe7zdn49yn3e310	2654883	Bransgore	50.78153	-1.73771	3719	PPL
plc_01m0n2yy0fqhe7zdn49zpw7myx	2654895	Brandon	54.75	-1.61667	9566	PPL
plc_01m0n2yy0fqhe7zdn4a2g0e2xy	2654897	Brandon	52.38432	-1.3996	8440	PPL
plc_01m0n2yy0fqhe7zdn4a48gykrd	2654898	Brandesburton	53.9111	-0.30122	1291	PPL
plc_01m0n2yy0fqhe7zdn4a6w3ay5m	2654911	Bramshall	52.89517	-1.91055	656	PPL
plc_01m0n2yy0fqhe7zdn4a8kkyn25	2654915	Brampton	54.95	-2.73333	4627	PPL
plc_01m0n2yy0fqhe7zdn4abbd89f6	2654919	Brampton	52.32039	-0.22007	4862	PPL
plc_01m0n2yy0fqhe7zdn4acededys	2654923	Bramley	51.32677	-1.05938	4233	PPL
plc_01m0n2yy0fqhe7zdn4adpkgswc	2654924	Bramley	51.19451	-0.55927	4107	PPL
plc_01m0n2yy0fqhe7zdn4ahaw0y0q	2654925	Bramhope	53.88489	-1.61641	3382	PPL
plc_01m0n2yy0fqhe7zdn4ajw22737	2654926	Bramham	53.88118	-1.35452	1650	PPL
plc_01m0n2yy0fqhe7zdn4anyxz0vg	2654927	Bramhall	53.35801	-2.16539	17195	PPL
plc_01m0n2yy0fqhe7zdn4apxqm003	2654928	Bramford	52.07631	1.09687	1899	PPL
plc_01m0n2yy0fqhe7zdn4at3g7xkm	2654936	Braithwell	53.44675	-1.20152	804	PPL
plc_01m0n2yy0fqhe7zdn4aw023zhp	2654938	Braintree	51.87819	0.55292	53477	PPL
plc_01m0n2yy0fqhe7zdn4awbtatnp	2654939	Brailsford	52.96985	-1.62215	756	PPL
plc_01m0n2yy0fqhe7zdn4b01fnvjb	2654941	Braidwood	55.71023	-3.84316	600	PPL
plc_01m0n2yy0fqhe7zdn4b35b84vf	2654970	Brae	60.39635	-1.35296	720	PPL
plc_01m0n2yy0fqhe7zdn4b674byfj	2654971	Bradworthy	50.90218	-4.38368	650	PPL
plc_01m0n2yy0fqhe7zdn4b8w48brx	2654979	Bradninch	50.82491	-3.42465	1881	PPL
plc_01m0n2yy0fqhe7zdn4b9fnprph	2654985	Bradley	52.75842	-2.17909	513	PPL
plc_01m0n2yy0fqhe7zdn4bcgwf8rw	2654990	Brading	50.6799	-1.14571	1800	PPL
plc_01m0n2yy0fqhe7zdn4bfc6t9nv	2654991	Bradford-on-Avon	51.34772	-2.25065	9274	PPL
plc_01m0n2yy0fqhe7zdn4bjq63y4f	2654992	Bradford Abbas	50.92643	-2.58751	975	PPL
plc_01m0n2yy0fqhe7zdn4bkkmvj3t	2654993	Bradford	53.79391	-1.75206	366187	PPLA2
plc_01m0n2yy0fqhe7zdn4bpp2jp96	2654998	Bradfield	51.44914	-1.13082	1161	PPL
plc_01m0n2yy0fqhe7zdn4bt16w6bx	2655007	Braco	56.26406	-3.87907	590	PPL
plc_01m0n2yy0fqhe7zdn4bv79vq8t	2655009	Bracknell	51.41363	-0.75054	76103	PPLA2
plc_01m0n2yy0fqhe7zdn4bz0fewkh	2655012	Brackley	52.03333	-1.15	13018	PPL
plc_01m0n2yy0fqhe7zdn4c1zhsfmb	2655026	Bozeat	52.2227	-0.67326	2052	PPL
plc_01m0n2yy0fqhe7zdn4c3w5wcqq	2655038	Boxted	51.94878	0.91002	1004	PPL
plc_01m0n2yy0fqhe7zdn4c4fmvdyn	2655043	Boxgrove	50.85884	-0.7136	3134	PPL
plc_01m0n2yy0fqhe7zdn4c5369fk2	2655044	Boxford	52.0286	0.85934	996	PPL
plc_01m0n2yy0fqhe7zdn4c54xx3mn	2655047	Bow Street	52.44213	-4.02783	1572	PPL
plc_01m0n2yy0fqhe7zdn4c8g6eddq	2655051	Bowmore	55.75583	-6.28426	760	PPL
plc_01m0n2yy0fqhe7zdn4cb96cnx9	2655053	Bowling	55.93153	-4.49033	520	PPL
plc_01m0n2yy0fqhe7zdn4cc8v06jz	2655063	Bowertower	58.53333	-3.31667	633	PPL
plc_01m0n2yy0fqhe7zdn4cdm2kat0	2655069	Bowdon	53.37644	-2.36532	6214	PPL
plc_01m0n2yy0fqhe7zdn4chbmfg1c	2655073	Bow Brickhill	52.0028	-0.68064	562	PPLA3
plc_01m0n2yy0fqhe7zdn4ckh85vc2	2655076	Bow	51.52609	-0.01665	27720	PPLX
plc_01m0n2yy0fqhe7zdn4cnsctj2s	2655077	Bow	50.8	-3.81667	1095	PPL
plc_01m0n2yy0fqhe7zdn4crsfvqxn	2655078	Bovington Camp	50.69782	-2.23506	2586	PPL
plc_01m0n2yy0fqhe7zdn4ct3fekxb	2655079	Bovingdon	51.72312	-0.5367	5295	PPL
plc_01m0n2yy0fqhe7zdn4cx215gy3	2655081	Bovey Tracey	50.59259	-3.67543	4729	PPL
plc_01m0n2yy0fqhe7zdn4cxbb940c	2655087	Bourton on the Water	51.88584	-1.75492	3296	PPL
plc_01m0n2yy0fqhe7zdn4cz5rr3my	2655092	Bourton	51.07444	-2.32778	1480	PPL
plc_01m0n2yy0fqhe7zdn4d06v1ck9	2655095	Bournemouth	50.72048	-1.8795	163600	PPLA2
plc_01m0n2yy0fqhe7zdn4d30h6evj	2655097	Bourne End	51.57622	-0.71291	5320	PPL
plc_01m0n2yy0fqhe7zdn4d3ex5a64	2655099	Bourne	52.76667	-0.38333	13961	PPL
plc_01m0n2yy0fqhe7zdn4d6q3n7dd	2655101	Bourn	52.19246	-0.06403	669	PPL
plc_01m0n2yy0fqhe7zdn4d9gcqt8g	2655117	Boughton	53.2	-0.98333	10120	PPL
plc_01m0n2yy0fqhe7zdn4dcvnxss6	2655123	Bottisham	52.2228	0.25878	2199	PPL
plc_01m0n2yy0fqhe7zdn4dfgt3vav	2655125	Bottesford	52.94131	-0.8006	3348	PPL
plc_01m0n2yy0fqhe7zdn4dfx7nfwz	2655128	Botley	50.91433	-1.26984	2562	PPL
plc_01m0n2yy0fqhe7zdn4dg64b41n	2655130	Bothwell	55.80272	-4.06835	6410	PPL
plc_01m0n2yy0fqhe7zdn4dg89wm2v	2655134	Botesdale	52.34216	1.00405	1742	PPL
plc_01m0n2yy0fqhe7zdn4dhs50cv5	2655136	Boston Spa	53.90419	-1.34523	6052	PPL
plc_01m0n2yy0fqhe7zdn4dm0q5nda	2655138	Boston	52.97633	-0.02664	45339	PPL
plc_01m0n2yy0fqhe7zdn4dn2nfy00	2655143	Bosham	50.83088	-0.85384	2623	PPL
plc_01m0n2yy0fqhe7zdn4drg29szq	2655148	Boscastle	50.68409	-4.69301	641	PPL
plc_01m0n2yy0fqhe7zdn4dsac42dr	2655162	Borth	52.48887	-4.05039	1269	PPL
plc_01m0n2yy0fqhe7zdn4dvpwbxr6	2655168	Borrowash	52.90673	-1.38411	5746	PPL
plc_01m0n2yy0fqhe7zdn4dxf7441f	2655172	Borough Green	51.29158	0.30478	4342	PPL
plc_01m0n2yy0fqhe7zdn4dzqhen2d	2655173	Boroughbridge	54.0895	-1.4011	4163	PPL
plc_01m0n2yy0fqhe7zdn4e2461jvh	2655186	Borehamwood	51.65468	-0.27762	36322	PPL
plc_01m0n2yy0fqhe7zdn4e3n0w3x5	2655187	Boreham	51.75955	0.54116	3244	PPL
plc_01m0n2yy0fqhe7zdn4e5yevqvz	2655188	Boreham	51.19944	-2.16556	3259	PPL
plc_01m0n2yy0fqhe7zdn4e6pe962j	2655193	Borden	51.33426	0.70038	741	PPL
plc_01m0n2yy0fqhe7zdn4e80v9d03	2655198	Bootle	53.46667	-3.01667	57791	PPL
plc_01m0n2yy0fqhe7zdn4eaafq1h9	2655202	Boosbeck	54.54265	-0.98139	1168	PPL
plc_01m0n2yy0fqhe7zdn4ecy7sbp4	2655209	Bonsall	53.12114	-1.58455	803	PPL
plc_01m0n2yy0fqhe7zdn4eefest88	2655210	Bonnyrigg	55.87329	-3.1051	18320	PPL
plc_01m0n2yy0fqhe7zdn4ej9ce00a	2655211	Bonnybridge	56.00152	-3.8886	5280	PPL
plc_01m0n2yy0fqhe7zdn4ejbszmd5	2655214	Bonhill	55.97944	-4.5638	9180	PPL
plc_01m0n2yy0fqhe7zdn4ejrjw8nr	2655215	Bo’ness	56.01667	-3.61667	14840	PPL
plc_01m0n2yy0fqhe7zdn4emvgacbc	2655221	Bonby	53.62479	-0.48464	532	PPL
plc_01m0n2yy0fqhe7zdn4en4126rf	2655230	Bolton upon Dearne	53.51667	-1.31667	13236	PPL
plc_01m0n2yy0fqhe7zdn4enr478xf	2655232	Bolton le Sands	54.09632	-2.80017	6995	PPL
plc_01m0n2yy0fqhe7zdn4epw192v9	2655237	Bolton	53.58333	-2.43333	141331	PPLA2
plc_01m0n2yy0fqhe7zdn4er75rghn	2655242	Bolsover	53.22846	-1.29204	11754	PPL
plc_01m0n2yy0fqhe7zdn4erjbcxaj	2655244	Bolney	50.99534	-0.20303	591	PPL
plc_01m0n2yy0fqhe7zdn4ewb8bvrm	2655245	Bollington	53.29446	-2.10963	7033	PPLA3
plc_01m0n2yy0fqhe7zdn4ez6pyz39	2655250	The Boldons	54.9426	-1.45349	13567	PPLL
plc_01m0n2yy0fqhe7zdn4ezbn7rw6	2655262	Bognor Regis	50.78206	-0.67978	63885	PPL
plc_01m0n2yy0fqhe7zdn4f1xyw3ty	2655273	Bodmin	50.47151	-4.7243	16909	PPL
plc_01m0n2yy0fqhe7zdn4f3d3pr7r	2655283	Bodelwyddan	53.26827	-3.50078	1794	PPLA3
plc_01m0n2yy0fqhe7zdn4f5dj7d08	2655284	Bodedern	53.29232	-4.50303	1051	PPL
plc_01m0n2yy0fqhe7zdn4f76bc6k8	2655288	Boddam	57.47076	-1.78009	1290	PPL
plc_01m0n2yy0fqhe7zdn4f8mm49f7	2655299	Boat of Garten	57.25027	-3.75561	517	PPL
plc_01m0n2yy0fqhe7zdn4f9jp7bzv	2655308	Blyton	53.44384	-0.71753	1162	PPL
plc_01m0n2yy0fqhe7zdn4fdas3hkc	2655315	Blyth	55.12708	-1.50856	37339	PPLA3
plc_01m0n2yy0fqhe7zdn4feg4r27p	2655320	Bluntisham	52.35479	0.00854	2868	PPL
plc_01m0n2yy0fqhe7zdn4fet4fmng	2655322	Blunham	52.14695	-0.32178	946	PPLA3
plc_01m0n2yy0fqhe7zdn4fg4d8375	2655329	Bloxwich	52.61806	-2.00431	40000	PPL
plc_01m0n2yy0fqhe7zdn4fhyhd83y	2655331	Bloxham	52.02039	-1.37321	3374	PPL
plc_01m0n2yy0fqhe7zdn4fn65jv0a	2655336	Blockley	52.0122	-1.76268	1104	PPL
plc_01m0n2yy0fqhe7zdn4fpd8wv1q	2655341	Blisworth	52.17498	-0.94131	1591	PPL
plc_01m0n2yy0fqhe7zdn4fq935cwv	2655344	Blindley Heath	51.19344	-0.05116	1123	PPL
plc_01m0n2yy0fqhe7zdn4fqy5r3g3	2655346	Blidworth	53.09849	-1.11689	4457	PPL
plc_01m0n2yy0fqhe7zdn4fth3mnw1	2655348	Blewbury	51.5688	-1.23261	1581	PPL
plc_01m0n2yy0fqhe7zdn4fycgee81	2655351	Bletchley	51.99334	-0.73471	50193	PPL
plc_01m0n2yy0fqhe7zdn4g0sg3spp	2655352	Bletchingley	51.24059	-0.10038	2221	PPL
plc_01m0n2yy0fqhe7zdn4g1qs2vj2	2655353	Bletchingdon	51.85455	-1.2721	617	PPL
plc_01m0n2yy0fqhe7zdn4g4evfs4m	2655361	Bledington	51.90348	-1.64545	506	PPL
plc_01m0n2yy0fqhe7zdn4g82wnv34	2655364	Bleasby	53.0394	-0.93524	824	PPL
plc_01m0n2yy0fqhe7zdn4ga4nttaj	2655365	Blean	51.30679	1.04301	1536	PPL
plc_01m0n2yy0fqhe7zdn4gcy43r4y	2655367	Bleadon	51.30861	-2.9475	900	PPLA3
plc_01m0n2yy0fqhe7zdn4gfp7ffa9	2655369	Blaydon-on-Tyne	54.96461	-1.71392	15155	PPL
plc_01m0n2yy0fqhe7zdn4gj2xxed5	2655378	Blandford Forum	50.86073	-2.16174	11694	PPL
plc_01m0n2yy0fqhe7zdn4gja1vbzm	2655381	Blakesley	52.14674	-1.08839	508	PPL
plc_01m0n2yy0fqhe7zdn4gjsrs11g	2655393	Blairhall	56.08788	-3.60223	950	PPL
plc_01m0n2yy0fqhe7zdn4gkwwrpdf	2655394	Blairgowrie and Rattray	56.59157	-3.34045	8890	PPL
plc_01m0n2yy0fqhe7zdn4gq41fnnh	2655407	Blagdon	51.32688	-2.71731	1001	PPLA3
plc_01m0n2yy0fqhe7zdn4gt53hk2a	2655413	Blaenavon	51.77402	-3.08537	5647	PPL
plc_01m0n2yy0fqhe7zdn4gv2y6g2n	2655414	Blaenau-Ffestiniog	52.99464	-3.93697	4005	PPL
plc_01m0n2yy0fqhe7zdn4gyz7jm7r	2655415	Bladon	51.8292	-1.35132	898	PPL
plc_01m0n2yy0fqhe7zdn4h1drsfmz	2655418	Blackwood	55.66667	-3.91667	1901	PPL
plc_01m0n2yy0fqhe7zdn4h3dzr0gt	2655420	Blackwell	53.11667	-1.33333	3037	PPL
plc_01m0n2yy0fqhe7zdn4h74p2x40	2655438	Blackwall	51.50971	-0.0016	19461	PPLX
plc_01m0n2yy0fqhe7zdn4h97re17c	2655454	Blackrod	53.59229	-2.58026	5086	PPL
plc_01m0n2yy0fqhe7zdn4h9x5ws9r	2655459	Blackpool	53.81667	-3.05	145007	PPLA2
plc_01m0n2yy0fqhe7zdn4hdgs38jk	2655460	Black Notley	51.85301	0.56846	1988	PPL
plc_01m0n2yy0fqhe7zdn4hhbahzqv	2655466	Blackmore	51.69256	0.31865	829	PPL
plc_01m0n2yy0fqhe7zdn4hmh2bk95	2655468	Blackmill	51.56843	-3.53932	654	PPL
plc_01m0n2yy0fqhe7zdn4hp199avb	2655496	Blackford	56.25959	-3.78312	760	PPL
plc_01m0n2yy0fqhe7zdn4hrt62s40	2655522	Blackburn	57.20376	-2.28842	2980	PPL
plc_01m0n2yy0fqhe7zdn4hrty5wsc	2655523	Blackburn	55.86667	-3.63333	5480	PPL
plc_01m0n2yy0fqhe7zdn4hw6smr43	2655524	Blackburn	53.75	-2.48333	146521	PPLA2
plc_01m0n2yy0fqhe7zdn4hzer3n89	2655532	Blaby	52.57577	-1.16403	6300	PPL
plc_01m0n2yy0fqhe7zdn4j23k8fvn	2655544	Bisley	51.75235	-2.14116	936	PPL
plc_01m0n2yy0fqhe7zdn4j3wb3pdh	2655547	Bishop Wilton	53.98605	-0.78452	554	PPL
plc_01m0n2yy0fqhe7zdn4j6syrv9n	2655548	Bishopton	55.90969	-4.5056	4640	PPL
plc_01m0n2yy0fqhe7zdn4j8re7h7q	2655550	Bishopthorpe	53.9191	-1.09915	3237	PPLA3
plc_01m0n2yy0fqhe7zdn4jb1mqymd	2655551	Bishops Waltham	50.95595	-1.21476	6275	PPL
plc_01m0n2yy0fqhe7zdn4jf0qbhv5	2655556	Bishopston	51.5775	-4.04806	3647	PPLA3
plc_01m0n2yy0fqhe7zdn4jhsjzq1e	2655557	Bishopstoke	50.96643	-1.32832	17667	PPL
plc_01m0n2yy0fqhe7zdn4jj0j4c4r	2655558	Bishopsteignton	50.55193	-3.53852	2209	PPL
plc_01m0n2yy0fqhe7zdn4jkdm05ye	2655562	Bishops Stortford	51.87113	0.15868	40915	PPL
plc_01m0n2yy0fqhe7zdn4jm1pjw7y	2655564	Bishops Lydeard	51.05917	-3.18778	2040	PPL
plc_01m0n2yy0fqhe7zdn4jmd57wg7	2655570	Bishops Cleeve	51.94749	-2.06277	14231	PPL
plc_01m0n2yy0fqhe7zdn4jnbqgz3r	2655572	Bishop's Castle	52.49208	-3.0021	1893	PPL
plc_01m0n2yy0fqhe7zdn4jrj2c3f2	2655577	Bishop Monkton	54.09299	-1.49572	778	PPL
plc_01m0n2yy0fqhe7zdn4jtnxe3vc	2655578	Bishop Middleham	54.67778	-1.48826	1151	PPLA3
plc_01m0n2yy0fqhe7zdn4jv9ys3mr	2655580	Bishop Burton	53.84562	-0.49811	696	PPL
plc_01m0n2yy0fqhe7zdn4jvsx5zqt	2655582	Bishopbriggs	55.90669	-4.21869	23680	PPL
plc_01m0n2yy0fqhe7zdn4jz69f7y7	2655583	Bishop Auckland	54.65554	-1.67706	26050	PPL
plc_01m0n2yy0fqhe7zdn4k1egfmge	2655584	Bishampton	52.16204	-2.01677	675	PPL
plc_01m0n2yy0fqhe7zdn4k1yaznz6	2655593	Birstall	52.66667	-1.11667	12216	PPL
plc_01m0n2yy0fqhe7zdn4k4hjae1p	2655603	Birmingham	52.48142	-1.89983	1157603	PPLA2
plc_01m0n2yy0fqhe7zdn4k7e52xt0	2655613	Birkenhead	53.39337	-3.01479	325264	PPL
plc_01m0n2yy0fqhe7zdn4kahw5mjz	2655618	Birdwell	53.51398	-1.47929	3056	PPL
plc_01m0n2yy0fqhe7zdn4kccq9v76	2655622	Birdham	50.79606	-0.83067	1166	PPL
plc_01m0n2yy0fqhe7zdn4kcnmf4w5	2655624	Bircotes	53.41933	-1.04905	7948	PPL
plc_01m0n2yy0fqhe7zdn4kdfzynw8	2655627	Birchington-on-Sea	51.37575	1.3048	9827	PPL
plc_01m0n2yy0fqhe7zdn4kgs955rg	2655630	Birchanger	51.8837	0.19157	596	PPL
plc_01m0n2yy0fqhe7zdn4kmbj9g93	2655642	Bingley	53.84861	-1.83857	18040	PPL
plc_01m0n2yy0fqhe7zdn4kpvw2cjf	2655643	Bingham	52.94978	-0.95907	9131	PPL
plc_01m0n2yy0fqhe7zdn4kqx2dx4h	2655650	Binbrook	53.42905	-0.18072	892	PPL
plc_01m0n2yy0fqhe7zdn4kvw1kb29	2655654	Bilston	52.56568	-2.07367	5000	PPL
plc_01m0n2yy0fqhe7zdn4kyqhhvqk	2655655	Bilsthorpe	53.14024	-1.03392	3514	PPL
plc_01m0n2yy0fqhe7zdn4m05h3b63	2655662	Billingshurst	51.02312	-0.45359	6911	PPL
plc_01m0n2yy0fqhe7zdn4m34xz7rs	2655663	Billinghay	53.07959	-0.27689	2046	PPL
plc_01m0n2yy0fqhe7zdn4m5wrjryw	2655664	Billingham	54.58881	-1.29034	35708	PPL
plc_01m0n2yy0fqhe7zdn4m92hexfm	2655666	Billinge	53.49795	-2.7081	5896	PPL
plc_01m0n2yy0fqhe7zdn4madsgah8	2655667	Billingborough	52.89384	-0.34186	1837	PPL
plc_01m0n2yy0fqhe7zdn4me5k44x1	2655671	Billesdon	52.61858	-0.94148	901	PPL
plc_01m0n2yy0fqhe7zdn4mergshv6	2655672	Billericay	51.62867	0.41963	36338	PPL
plc_01m0n2yy0fqhe7zdn4mf87z3ap	2655673	Bildeston	52.10658	0.90916	1054	PPL
plc_01m0n2yy0fqhe7zdn4mjt1qdh6	2655689	Biggleswade	52.08652	-0.26493	16551	PPL
plc_01m0n2yy0fqhe7zdn4mm1fa5j2	2655690	Biggin Hill	51.31329	0.03433	10817	PPL
plc_01m0n2yy0fqhe7zdn4mqp0fxpd	2655692	Biggar	55.62297	-3.52455	2330	PPL
plc_01m0n2yy0fqhe7zdn4mvjc682b	2655699	Bierton	51.8305	-0.78737	2178	PPL
plc_01m0n2yy0fqhe7zdn4mytpvtx5	2655705	Bidford-on-Avon	52.16964	-1.85955	5047	PPL
plc_01m0n2yy0fqhe7zdn4mzh8zpd8	2655707	Bideford	51.01678	-4.20832	28672	PPL
plc_01m0n2yy0fqhe7zdn4mzkdwcfe	2655708	Biddulph	53.11724	-2.17584	17669	PPL
plc_01m0n2yy0fqhe7zdn4n2wybrja	2655713	Biddenden	51.11489	0.63819	1303	PPL
plc_01m0n2yy0fqhe7zdn4n597y52z	2655718	Bicknacre	51.69403	0.58519	2889	PPL
plc_01m0n2yy0fqhe7zdn4n7e1x714	2655721	Bickley	51.40135	0.04583	13904	PPL
plc_01m0n2yy0fqhe7zdn4n84xncjx	2655726	Bickershaw	53.51358	-2.56937	826	PPL
plc_01m0n2yy0fqhe7zdn4na5bwrfq	2655727	Bicker	52.92163	-0.17956	727	PPL
plc_01m0n2yy0fqhe7zdn4nd0y3mtj	2655729	Bicester	51.89998	-1.15357	33846	PPL
plc_01m0n2yy0fqhe7zdn4ne1wxdc2	2655775	Bexley	51.44162	0.14866	228000	PPLL
plc_01m0n2yy0fqhe7zdn4nfrx7wfg	2655777	Bexhill-on-Sea	50.85023	0.47095	43754	PPL
plc_01m0n2yy0fqhe7zdn4ngntg4em	2655781	Bewdley	52.3757	-2.31833	8571	PPL
plc_01m0n2yy0fqhe7zdn4nkcgr23n	2655785	Beverley	53.84587	-0.42332	30587	PPLA2
plc_01m0n2yy0fqhe7zdn4nkyezq8d	2655793	Betws-y-Coed	53.09382	-3.80668	1200	PPLA3
plc_01m0n2yy0fqhe7zdn4nptccmpj	2655800	Betws	51.56917	-3.58833	2253	PPL
plc_01m0n2yy0fqhe7zdn4nq0d9jb3	2655802	Betley	53.03439	-2.36865	1033	PPL
plc_01m0n2yy0fqhe7zdn4nssz7sm7	2655804	Bethesda	53.1815	-4.05828	4735	PPLA3
plc_01m0n2yy0fqhe7zdn4nt09zpsm	2655805	Bethersden	51.12869	0.75276	876	PPL
plc_01m0n2yy0fqhe7zdn4ntxx56ny	2655807	Betchworth	51.23374	-0.26655	941	PPL
plc_01m0n2yy0fqhe7zdn4nwkdqp3s	2655819	Berwick-Upon-Tweed	55.76868	-2.00537	12043	PPL
plc_01m0n2yy0fqhe7zdn4nyya2ts4	2655834	Berrynarbor	51.20106	-4.06151	802	PPL
plc_01m0n2yy0fqhe7zdn4nzxpbbwa	2655858	Berkhamsted	51.7604	-0.56528	21997	PPL
plc_01m0n2yy0fqhe7zdn4p36am46a	2655861	Berkeley	51.69111	-2.45917	2034	PPL
plc_01m0n2yy0fqhe7zdn4p5aqrmhm	2655862	Bere Regis	50.75371	-2.21553	1304	PPL
plc_01m0n2yy0fqhe7zdn4p5tkabdh	2655864	Bere Alston	50.48233	-4.19034	2164	PPL
plc_01m0n2yy0fqhe7zdn4p8tprxqm	2655871	Beoley	52.32382	-1.89608	945	PPL
plc_01m0n2yy0fqhe7zdn4p91abz3t	2655877	Bentworth	51.15656	-1.05115	553	PPL
plc_01m0n2yy0fqhe7zdn4pakbc1y8	2655882	Bentley	53.53333	-1.15	34821	PPL
plc_01m0n2yy0fqhe7zdn4pdmv64m7	2655886	Benson	51.62073	-1.10979	5802	PPL
plc_01m0n2yy0fqhe7zdn4pdsjf0pa	2655898	Benington	51.89641	-0.11015	608	PPL
plc_01m0n2yy0fqhe7zdn4pe0335ez	2655904	Benenden	51.06691	0.58125	787	PPL
plc_01m0n2yy0fqhe7zdn4pg28b0ry	2655923	Bempton	54.13036	-0.17853	1040	PPLA3
plc_01m0n2yy0fqhe7zdn4phcebves	2655925	Bembridge	50.68634	-1.08275	3688	PPLA3
plc_01m0n2yy0fqhe7zdn4phpw1bp5	2655929	Belvedere	51.49114	0.15136	11000	PPLX
plc_01m0n2yy0fqhe7zdn4pndvhpzf	2655932	Belton	53.55	-0.81667	2503	PPLA3
plc_01m0n2yy0fqhe7zdn4pqxfq7tq	2655934	Belton	52.78314	-1.3381	734	PPL
plc_01m0n2yy0fqhe7zdn4psq60hwa	2655942	Belper	53.0233	-1.48119	23417	PPL
plc_01m0n2yy0fqhe7zdn4pw7v5ss1	2655952	Bellshill	55.81667	-4.01667	19700	PPL
plc_01m0n2yy0fqhe7zdn4py6fkprm	2655958	Bellingham	55.14464	-2.25383	1070	PPL
plc_01m0n2yy0fqhe7zdn4q12gpyh6	2655974	Bellaghy	54.8087	-6.51918	1072	PPL
plc_01m0n2yy0fqhe7zdn4q30bmy9r	2655980	Belgrave	52.65	-1.11667	11558	PPL
plc_01m0n2yy0fqhe7zdn4q3gd9281	2655981	Belford	55.6	-1.83333	1258	PPLA3
plc_01m0n2yy0fqhe7zdn4q62xtyq4	2655984	Belfast	54.59682	-5.92541	348005	PPLA
plc_01m0n2yy0fqhe7zdn4q6awgxbp	2655992	Belbroughton	52.39177	-2.11884	1272	PPL
plc_01m0n2yy0fqhe7zdn4q7vk87ca	2655994	Beith	55.74923	-4.6368	6170	PPL
plc_01m0n2yy0fqhe7zdn4qabg7n3d	2656000	Beighton	53.33333	-1.33333	10914	PPL
plc_01m0n2yy0fqhe7zdn4qbz4ragx	2656007	Beetley	52.71817	0.92454	964	PPL
plc_01m0n2yy0fqhe7zdn4qez6bg7e	2656015	Beeston	52.7	0.81667	566	PPL
plc_01m0n2yy0fqhe7zdn4qhb28x8m	2656018	Beer	50.7	-3.1	1317	PPL
plc_01m0n2yy0fqhe7zdn4qkkwe2x9	2656020	Beenham	51.41624	-1.14775	770	PPL
plc_01m0n2yy0fqhe7zdn4qknw03v7	2656023	Beeford	53.96999	-0.28913	1078	PPL
plc_01m0n2yy0fqhe7zdn4qpe16n47	2656031	Bedworth	52.4791	-1.46909	31090	PPL
plc_01m0n2yy0fqhe7zdn4qsepap61	2656033	Bedwas	51.59183	-3.19886	8242	PPL
plc_01m0n2yy0fqhe7zdn4qwj2jfnd	2656039	Bedlington	55.13061	-1.59319	18470	PPL
plc_01m0n2yy0fqhe7zdn4qy1t3c15	2656046	Bedford	52.13459	-0.46632	106940	PPLA2
plc_01m0n2yy0fqhe7zdn4r1gqs73r	2656051	Bedale	54.28811	-1.59181	4601	PPL
plc_01m0n2yy0fqhe7zdn4r3hqk9nx	2656055	Beckington	51.26444	-2.28722	849	PPL
plc_01m0n2yy0fqhe7zdn4r4418v0z	2656056	Beckingham	53.4	-0.83333	1098	PPL
plc_01m0n2yy0fqhe7zdn4r813h4km	2656064	Beckermet	54.45	-3.51667	704	PPL
plc_01m0n2yy0fqhe7zdn4r988a00m	2656065	Beckenham	51.40878	-0.02526	60739	PPL
plc_01m0n2yy0fqhe7zdn4rbnhxsks	2656067	Beccles	52.45936	1.56465	13868	PPL
plc_01m0n2yy0fqhe7zdn4rewhhdab	2656070	Bebington	53.35	-3.01667	57600	PPL
plc_01m0n2yy0fqhe7zdn4rgsj1pm2	2656073	Beaumaris	53.26315	-4.09233	1121	PPL
plc_01m0n2yy0fqhe7zdn4rhgapsfw	2656076	Beauly	57.48345	-4.46144	1360	PPL
plc_01m0n2yy0fqhe7zdn4rn4j7eff	2656079	Beaulieu	50.82006	-1.44123	806	PPL
plc_01m0n2yy0fqhe7zdn4rp344jr1	2656086	Bearsden	55.91536	-4.33279	28470	PPL
plc_01m0n2yy0fqhe7zdn4rp5vh7ta	2656089	Bearley	52.24357	-1.7379	724	PPL
plc_01m0n2yy0fqhe7zdn4rs9ctnvz	2656100	Beaminster	50.809	-2.7391	2957	PPL
plc_01m0n2yy0fqhe7zdn4rwm31ya8	2656120	Beaconsfield	51.61219	-0.64732	13797	PPL
plc_01m0n2yy0fqhe7zdn4rxz5f3m3	2656129	Bayston Hill	52.6755	-2.76156	5079	PPLA3
plc_01m0n2yy0fqhe7zdn4rzd25sex	2656138	Baydon	51.50043	-1.59701	664	PPL
plc_01m0n2yy0fqhe7zdn4s2cx68wp	2656144	Bawtry	53.43146	-1.01878	4109	PPL
plc_01m0n2yy0fqhe7zdn4s5rndddm	2656149	Bawdeswell	52.74572	1.02902	828	PPL
plc_01m0n2yy0fqhe7zdn4s7bv0y8m	2656161	Battle	50.91732	0.48417	6800	PPL
plc_01m0n2yy0fqhe7zdn4s8p7yed1	2656168	Batley	53.70291	-1.6337	39013	PPL
plc_01m0n2yy0fqhe7zdn4sb41sajv	2656169	Bathgate	55.90204	-3.64398	23600	PPL
plc_01m0n2yy0fqhe7zdn4scb6ghcq	2656173	Bath	51.3751	-2.36172	101557	PPLA2
plc_01m0n2yy0fqhe7zdn4ser59z8y	2656177	Baston	52.71311	-0.35173	1444	PPL
plc_01m0n2yy0fqhe7zdn4sjd0mjhw	2656183	Bassingham	53.12881	-0.63765	1425	PPL
plc_01m0n2yy0fqhe7zdn4sm98pd5f	2656184	Bassingbourn	52.07821	-0.0539	2481	PPL
plc_01m0n2yy0fqhe7zdn4sr6ygp4m	2656191	Baslow	53.24811	-1.62246	1178	PPL
plc_01m0n2yy0fqhe7zdn4stav8dpg	2656192	Basingstoke	51.26249	-1.08708	107642	PPL
plc_01m0n2yy0fqhe7zdn4sw22kjec	2656193	Old Basing	51.26667	-1.03333	3876	PPL
plc_01m0n2yy0fqhe7zdn4t01bhhqw	2656194	Basildon	51.56844	0.45782	144859	PPL
plc_01m0n2yy0fqhe7zdn4t14n66nz	2656195	Upper Basildon	51.48165	-1.14075	1405	PPLA3
plc_01m0n2yy0fqhe7zdn4t1nnqwxf	2656196	Basford	52.96667	-1.18333	16000	PPL
plc_01m0n2yy0fqhe7zdn4t396bqqq	2656197	Baschurch	52.78848	-2.85284	1595	PPL
plc_01m0n2yy0fqhe7zdn4t443atfq	2656206	Barton upon Humber	53.68915	-0.44377	11066	PPL
plc_01m0n2yy0fqhe7zdn4t4vq3e4m	2656207	Barton under Needwood	52.76268	-1.724	3796	PPL
plc_01m0n2yy0fqhe7zdn4t601hxx4	2656208	Barton Stacey	51.1667	-1.37848	780	PPL
plc_01m0n2yy0fqhe7zdn4t8phftt2	2656212	Barton-le-Clay	51.96598	-0.42731	4992	PPLA3
plc_01m0n2yy0fqhe7zdn4tc7t1xgz	2656221	Barton on Sea	50.73977	-1.67507	5454	PPL
plc_01m0n2yy0fqhe7zdn4tfxjwhzy	2656235	Barry	51.39979	-3.2838	54673	PPLA2
plc_01m0n2yy0fqhe7zdn4tjtw9jzw	2656239	Barrow upon Soar	52.75178	-1.14601	5196	PPL
plc_01m0n2yy0fqhe7zdn4tp4cr1rq	2656240	Barrow upon Humber	53.6755	-0.38062	2820	PPL
plc_01m0n2yy0fqhe7zdn4tqsw1rqr	2656241	Barrow in Furness	54.11094	-3.22758	55489	PPL
plc_01m0n2yy0fqhe7zdn4ttv1sfvh	2656243	Barrowford	53.8465	-2.21838	5378	PPL
plc_01m0n2yy0fqhe7zdn4tvs5y4fj	2656244	Barrowden	52.5903	-0.60236	506	PPL
plc_01m0n2yy0fqhe7zdn4tzn1yz2s	2656246	Barrowby	52.91636	-0.69094	1952	PPL
plc_01m0n2yy0fqhe7zdn4v2k1yc5w	2656258	Barrhead	55.79916	-4.39285	17890	PPL
plc_01m0n2yy0fqhe7zdn4v65gwg2j	2656277	Barnt Green	52.35902	-2.00715	5366	PPL
plc_01m0n2yy0fqhe7zdn4v7yvv5pz	2656281	Barnstaple	51.08022	-4.05808	31616	PPL
plc_01m0n2yy0fqhe7zdn4vbe1azt5	2656284	Barnsley	53.55	-1.48333	71447	PPLA2
plc_01m0n2yy0fqhe7zdn4vf6f2b68	2656287	Barnoldswick	53.91711	-2.18705	10435	PPL
plc_01m0n2yy0fqhe7zdn4vj197aes	2656290	Barningham	52.35367	0.88676	956	PPL
plc_01m0n2yy0fqhe7zdn4vntefjps	2656293	Barnham	50.8312	-0.63789	11881	PPL
plc_01m0n2yy0fqhe7zdn4vqdrb5a7	2656294	Barnetby le Wold	53.5748	-0.40607	1741	PPL
plc_01m0n2yy0fqhe7zdn4vqngdxex	2656295	Barnet	51.65	-0.2	30000	PPL
plc_01m0n2yy0fqhe7zdn4vsg5vjr6	2656296	Barnes	51.47352	-0.24839	21218	PPL
plc_01m0n2yy0fqhe7zdn4vx0wfq5s	2656300	Barnby	52.44829	1.64205	928	PPL
plc_01m0n2yy0fqhe7zdn4vz5qfrkj	2656301	Barnburgh	53.52408	-1.273	1924	PPL
plc_01m0n2yy0fqhe7zdn4w25zpy70	2656305	Barnard Castle	54.5415	-1.919	7040	PPLA3
plc_01m0n2yy0fqhe7zdn4w5jg0kan	2656307	Barnack	52.63181	-0.40821	752	PPLA3
plc_01m0n2yy0fqhe7zdn4w8tateaa	2656311	Barmouth	52.72377	-4.05748	2522	PPL
plc_01m0n2yy0fqhe7zdn4w9jtgds5	2656317	Barlow	53.74993	-1.02164	753	PPL
plc_01m0n2yy0fqhe7zdn4wb0txgsy	2656321	Barley	52.0262	0.03862	662	PPL
plc_01m0n2yy0fqhe7zdn4wd2rf20v	2656322	Barlestone	52.64718	-1.37013	2607	PPL
plc_01m0n2yy0fqhe7zdn4wew0nnxx	2656324	Barlborough	53.28795	-1.28815	2975	PPL
plc_01m0n2yy0fqhe7zdn4whqaxrfm	2656325	Barlaston	52.942	-2.1705	1979	PPL
plc_01m0n2yy0fqhe7zdn4wkmvyfyf	2656326	Barkway	52.002	0.01541	775	PPL
plc_01m0n2yy0fqhe7zdn4wm2wxd29	2656329	Barkisland	53.67614	-1.9184	1004	PPL
plc_01m0n2yy0fqhe7zdn4wqw9snn2	2656333	Barking	51.53333	0.08333	218534	PPL
plc_01m0n2yy0fqhe7zdn4wr2tp7t7	2656340	Bargoed	51.68333	-3.23333	13412	PPLA3
plc_01m0n2yy0fqhe7zdn4wt6vfksq	2656345	Barford St Michael	51.99117	-1.36497	549	PPL
plc_01m0n2yy0fqhe7zdn4wtatywbj	2656346	Barford St Martin	51.08322	-1.92224	548	PPL
plc_01m0n2yy0fqhe7zdn4wtxssaa2	2656351	Bardwell	52.32627	0.84792	643	PPL
plc_01m0n2yy0fqhe7zdn4wx31t169	2656354	Bardsey	53.88492	-1.44539	2876	PPL
plc_01m0n2yy0fqhe7zdn4wy6nxxet	2656359	Bardney	53.21005	-0.32371	1655	PPL
plc_01m0n2yy0fqhe7zdn4wyz6yw7a	2656366	Barby	52.32844	-1.2051	955	PPL
plc_01m0n2yy0fqhe7zdn4wz5465ex	2656378	Banwell	51.32894	-2.86914	1956	PPL
plc_01m0n2yy0fqhe7zdn4wz879evg	2656379	Banstead	51.32233	-0.20685	46280	PPL
plc_01m0n2yy0fqhe7zdn4x0jvd0gd	2656382	Bannockburn	56.08978	-3.91092	7040	PPL
plc_01m0n2yy0fqhe7zdn4x444t7h9	2656388	Banks	53.68333	-2.91667	3572	PPL
plc_01m0n2yy0fqhe7zdn4x72ak6t4	2656391	Bankfoot	56.50058	-3.51707	1270	PPL
plc_01m0n2yy0fqhe7zdn4xb179yk3	2656393	Banham	52.4524	1.03683	1159	PPL
plc_01m0n2yy0fqhe7zdn4xbe4jwck	2656396	Bangor	54.66079	-5.66802	61011	PPLA2
plc_01m0n2yy0fqhe7zdn4xbgwtrsf	2656397	Bangor	53.22752	-4.12936	18322	PPL
plc_01m0n2yy0fqhe7zdn4xefnf0dq	2656402	Banff	57.66477	-2.52964	4000	PPL
plc_01m0n2yy0fqhe7zdn4xfkbhsj9	2656405	Banchory	57.05168	-2.48824	7440	PPL
plc_01m0n2yy0fqhe7zdn4xhq6ezgd	2656406	Banbury	52.0632	-1.34222	48651	PPL
plc_01m0n2yy0fqhe7zdn4xmaktcdv	2656407	Banbridge	54.35	-6.28333	16173	PPLA2
plc_01m0n2yy0fqhe7zdn4xp4br41n	2656421	Bampton	51.72634	-1.54547	2561	PPL
plc_01m0n2yy0fqhe7zdn4xpcwfm77	2656423	Bamford	53.34822	-1.68922	859	PPL
plc_01m0n2yy0fqhe7zdn4xsmpn0ct	2656428	Baltonsborough	51.11167	-2.65472	523	PPL
plc_01m0n2yy0fqhe7zdn4xxbfahr6	2656433	Balsham	52.13238	0.31586	1591	PPL
plc_01m0n2yy0fqhe7zdn4xzeypbjn	2656447	Balmullo	56.37694	-2.9294	1430	PPL
plc_01m0n2yy0fqhe7zdn4xzqf7kb9	2656454	Balmedie	57.25052	-2.06163	2520	PPL
plc_01m0n2yy0fqhe7zdn4y2xejr1f	2656465	Ballywalter	54.54329	-5.48475	1572	PPL
plc_01m0n2yy0fqhe7zdn4y54m04g0	2656483	Ballynahinch	54.4023	-5.89717	5701	PPL
plc_01m0n2yy0fqhe7zdn4y8tf7x45	2656488	Ballymoney	55.0708	-6.51009	9625	PPL
plc_01m0n2yy0fqhe7zdn4ybyby73t	2656490	Ballymena	54.86357	-6.27628	28932	PPLA2
plc_01m0n2yy0fqhe7zdn4ycjjha78	2656493	Ballymagorry	54.85934	-7.42943	565	PPL
plc_01m0n2yy0fqhe7zdn4yfm6d4sf	2656500	Ballykelly	55.04425	-7.01855	1735	PPL
plc_01m0n2yy0fqhe7zdn4ykhbk772	2656509	Ballygowan	54.50165	-5.79168	2832	PPL
plc_01m0n2yy0fqhe7zdn4ym25mm6w	2656512	Ballygawley	54.46236	-7.02782	711	PPL
plc_01m0n2yy0fqhe7zdn4ypw66rh2	2656528	Ballyclare	54.75089	-5.99944	9472	PPL
plc_01m0n2yy0fqhe7zdn4yq58e343	2656531	Ballycastle	55.20444	-6.24298	5566	PPL
plc_01m0n2yy0fqhe7zdn4yv3y7384	2656545	Balloch	56	-4.58333	1743	PPL
plc_01m0n2yy0fqhe7zdn4yw4a300v	2656551	Ballingry	56.16392	-3.32841	5940	PPL
plc_01m0n2yy0fqhe7zdn4yx2zr7r3	2656557	Ballinamallard	54.4	-7.58333	1365	PPL
plc_01m0n2yy0fqhe7zdn4z10zzw1c	2656565	Ballater	57.05011	-3.03798	1550	PPL
plc_01m0n2yy0fqhe7zdn4z4084bem	2656569	Ballachulish	56.67575	-5.13851	650	PPL
plc_01m0n2yy0fqhe7zdn4z6tfbdhp	2656575	Balintore	57.75533	-3.91204	1090	PPL
plc_01m0n2yy0fqhe7zdn4z960wjvp	2656580	Balham	51.44959	-0.15096	14751	PPL
plc_01m0n2yy0fqhe7zdn4zbcxqcer	2656584	Balfron	56.06809	-4.33559	1860	PPL
plc_01m0n2yy0fqhe7zdn4zer0jktn	2656586	Balerno	55.88437	-3.33975	6000	PPL
plc_01m0n2yy0fqhe7zdn4zfkyy52g	2656594	Baldock	51.98781	-0.18835	10615	PPL
plc_01m0n2yy0fqhe7zdn4zfqackjz	2656600	Balcombe	51.05726	-0.1345	1424	PPL
plc_01m0n2yy0fqhe7zdn4zjpt18ft	2656615	Bala	52.91111	-3.59722	1974	PPL
plc_01m0n2yy0fqhe7zdn4zmjr0zvx	2656617	Bakewell	53.21338	-1.67481	3949	PPL
plc_01m0n2yy0fqhe7zdn4zqqt4vey	2656627	Baildon	53.84711	-1.78785	15710	PPLA3
plc_01m0n2yy0fqhe7zdn4ztcsd8dn	2656628	Bagworth	52.67265	-1.34274	1472	PPL
plc_01m0n2yy0fqhe7zdn4ztpvhzcd	2656632	Bagshot	51.36069	-0.68802	5430	PPL
plc_01m0n2yy0fqhe7zdn4zvqgn0fg	2656636	Bagillt	53.2654	-3.16551	2749	PPL
plc_01m0n2yy0fqhe7zdn4zwc07dr8	2656639	Bagby	54.21786	-1.28993	593	PPL
plc_01m0n2yy0fqhe7zdn4zwex5943	2656640	Badwell Ash	52.28333	0.91667	770	PPL
plc_01m0n2yy0fqhe7zdn4zwzkzff2	2656641	Badsworth	53.62876	-1.30128	682	PPLA3
plc_01m0n2yy0fqhe7zdn4zxd8yt9t	2656642	Badsey	52.08819	-1.89925	2601	PPL
plc_01m0n2yy0fqhe7zdn4zykyzc9k	2656662	Badby	52.22922	-1.18321	632	PPL
plc_01m0n2yy0fqhe7zdn500xxmfzq	2656666	Bacup	53.70336	-2.2007	13047	PPL
plc_01m0n2yy0fqhe7zdn503kgnaa0	2656668	Bacton	52.26667	1.01667	1324	PPL
plc_01m0n2yy0fqhe7zdn5042pgee8	2656672	Backworth	55.04229	-1.52779	1399	PPL
plc_01m0n2yy0fqhe7zdn5062dpjnc	2656697	Ayton	55.84216	-2.12577	560	PPL
plc_01m0n2yy0fqhe7zdn507haj7w0	2656708	Ayr	55.46273	-4.63393	46260	PPLA2
plc_01m0n2yy0fqhe7zdn509bet8hb	2656711	Aynho	51.99466	-1.25218	651	PPL
plc_01m0n2yy0fqhe7zdn50cv3mkd7	2656713	Aylsham	52.79672	1.25107	6016	PPL
plc_01m0n2yy0fqhe7zdn50egngtqw	2656715	Aylestone	52.60422	-1.14631	11151	PPL
plc_01m0n2yy0fqhe7zdn50f025mkv	2656716	Aylesford	51.30374	0.47936	4548	PPL
plc_01m0n2yy0fqhe7zdn50jmsy8zr	2656719	Aylesbury	51.81665	-0.81458	74748	PPLA2
plc_01m0n2yy0fqhe7zdn50jp2eepj	2656720	Aylesbeare	50.71898	-3.36288	583	PPL
plc_01m0n2yy0fqhe7zdn50p4zc4bg	2656725	Axminster	50.78259	-2.99787	5761	PPL
plc_01m0n2yy0fqhe7zdn50rkhf0bs	2656730	Axbridge	51.28466	-2.82078	2057	PPL
plc_01m0n2yy0fqhe7zdn50t3k34zh	2656731	Awsworth	52.98912	-1.28354	2634	PPL
plc_01m0n2yy0fqhe7zdn50xqk0km1	2656739	Avonbridge	55.93444	-3.74493	690	PPL
plc_01m0n2yy0fqhe7zdn50zxr95hh	2656750	Avoch	57.56898	-4.17675	990	PPL
plc_01m0n2yy0fqhe7zdn511f27v0p	2656752	Aviemore	57.19553	-3.8259	3150	PPL
plc_01m0n2yy0fqhe7zdn511f2vjtq	2656756	Avening	51.6801	-2.16903	1031	PPL
plc_01m0n2yy0fqhe7zdn5146y8c49	2656759	Aveley	51.49987	0.25174	7986	PPL
plc_01m0n2yy0fqhe7zdn515xmebhc	2656763	Austrey	52.65677	-1.56679	928	PPL
plc_01m0n2yy0fqhe7zdn517tg14ms	2656783	Auldearn	57.57485	-3.80416	660	PPL
plc_01m0n2yy0fqhe7zdn518jp44v6	2656787	Aughnacloy	54.41417	-6.97551	1045	PPL
plc_01m0n2yy0fqhe7zdn51918xtz9	2656792	Audley	53.05	-2.3	5638	PPL
plc_01m0n2yy0fqhe7zdn51bpave64	2656793	Audlem	52.98956	-2.50706	1658	PPL
plc_01m0n2yy0fqhe7zdn51dyzm7j2	2656794	Auckley	53.50386	-1.02174	1434	PPL
plc_01m0n2yy0fqhe7zdn51ee9c36b	2656799	Auchtermuchty	56.29158	-3.23428	2120	PPL
plc_01m0n2yy0fqhe7zdn51j2j89qy	2656803	Auchterarder	56.29612	-3.70692	5840	PPL
plc_01m0n2yy0fqhe7zdn51npg8nc2	2656818	Auchinleck	55.47157	-4.29337	3760	PPL
plc_01m0n2yy0fqhe7zdn51nz33g2y	2656821	Auchenblae	56.9	-2.45	540	PPL
plc_01m0n2yy0fqhe7zdn51qjphkdm	2656833	Atworth	51.39234	-2.19297	1920	PPL
plc_01m0n2yy0fqhe7zdn51v009zey	2656836	Attleborough	52.51779	1.01572	10549	PPL
plc_01m0n2yy0fqhe7zdn51w71vwen	2656837	Attleborough	52.51293	-1.45487	9817	PPL
plc_01m0n2yy0fqhe7zdn51zv3ypdq	2656847	Atherton	53.52371	-2.49354	22000	PPL
plc_01m0n2yy0fqhe7zdn522vgwvhz	2656848	Atherstone	52.57536	-1.54693	11259	PPL
plc_01m0n2yy0fqhe7zdn525nq6ccd	2656855	Astwood Bank	52.25993	-1.93754	2717	PPL
plc_01m0n2yy0fqhe7zdn527xyhhv1	2656864	Aston Clinton	51.8002	-0.7254	4216	PPL
plc_01m0n2yy0fqhe7zdn5288p5kak	2656867	Aston	52.5	-1.88333	32286	PPLX
plc_01m0n2yy0fqhe7zdn52bbxredd	2656872	Aston	51.72501	-1.50805	1374	PPL
plc_01m0n2yy0fqhe7zdn52bmyev94	2656891	Aspatria	54.76574	-3.32783	2454	PPL
plc_01m0n2yy0fqhe7zdn52c8hnff8	2656893	Aslockton	52.95299	-0.897	1571	PPL
plc_01m0n2yy0fqhe7zdn52fwzxhd1	2656907	Askern	53.61639	-1.15237	5570	PPL
plc_01m0n2yy0fqhe7zdn52kvqvcj1	2656908	Askam in Furness	54.18718	-3.20467	3274	PPL
plc_01m0n2yy0fqhe7zdn52q2bj757	2656911	Ashwell	52.03866	-0.15398	1870	PPL
plc_01m0n2yy0fqhe7zdn52thry31d	2656913	Ash Vale	51.26449	-0.72347	5686	PPL
plc_01m0n2yy0fqhe7zdn52wkyfacs	2656914	Ashurst	50.93236	-0.32375	3185	PPL
plc_01m0n2yy0fqhe7zdn52yamp0m2	2656915	Ashton-under-Lyne	53.48876	-2.0989	43675	PPLA2
plc_01m0n2yy0fqhe7zdn531b7hmka	2656916	Ashton under Hill	52.04139	-2.00549	753	PPL
plc_01m0n2yy0fqhe7zdn532h7aaaw	2656917	Ashton Keynes	51.64521	-1.93232	1400	PPL
plc_01m0n2yy0fqhe7zdn533mn2p5y	2656918	Ashton in Makerfield	53.48333	-2.65	26380	PPL
plc_01m0n2yy0fqhe7zdn534kpy9wa	2656924	Ashtead	51.30873	-0.29972	13494	PPL
plc_01m0n2yy0fqhe7zdn534p5hmq0	2656930	Ashover	53.16577	-1.47898	659	PPL
plc_01m0n2yy0fqhe7zdn537p9wjan	2656940	Ashley	52.22643	0.48409	749	PPL
plc_01m0n2yy0fqhe7zdn539mp5x3k	2656943	Ashleworth	51.92905	-2.27543	540	PPL
plc_01m0n2yy0fqhe7zdn53avghybk	2656946	Ashington	55.17719	-1.56412	27670	PPLA3
plc_01m0n2yy0fqhe7zdn53d87b4gp	2656947	Ashington	50.93312	-0.39087	2403	PPL
plc_01m0n2yy0fqhe7zdn53gjpcha6	2656948	Ashill	52.60435	0.78574	1172	PPL
plc_01m0n2yy0fqhe7zdn53k1n0ccw	2656954	Ashford	51.43173	-0.45761	27382	PPL
plc_01m0n2yy0fqhe7zdn53m3kvqjp	2656955	Ashford	51.14648	0.87376	62787	PPLA3
plc_01m0n2yy0fqhe7zdn53p524jt3	2656964	Ashdon	52.05496	0.31322	553	PPL
plc_01m0n2yy0fqhe7zdn53qkxnfhg	2656965	Ashcott	51.1292	-2.81008	876	PPL
plc_01m0n2yy0fqhe7zdn53vavxysj	2656970	Ashby-de-la-Zouch	52.74632	-1.4732	12370	PPL
plc_01m0n2yy0fqhe7zdn53wwzhknq	2656975	Ashbury	51.56405	-1.61851	506	PPL
plc_01m0n2yy0fqhe7zdn53yevrjfw	2656977	Ashburton	50.51559	-3.75572	3346	PPL
plc_01m0n2yy0fqhe7zdn53yybdds4	2656981	Ashbourne	53.01667	-1.73333	8377	PPL
plc_01m0n2yy0fqhe7zdn53zn38593	2656985	Ash	52.95	-2.65	2108	PPL
plc_01m0n2yy0fqhe7zdn53ztfvstr	2656991	Ascott under Wychwood	51.86711	-1.56469	560	PPL
plc_01m0n2yy0fqhe7zdn5422dxhrr	2656992	Ascot	51.41082	-0.6748	17899	PPL
plc_01m0n2yy0fqhe7zdn5424f4yyr	2656997	Arundel	50.85423	-0.55393	3285	PPL
plc_01m0n2yy0fqhe7zdn5451f5k9y	2657029	Arnside	54.20179	-2.83374	2334	PPL
plc_01m0n2yy0fqhe7zdn548p3ba2j	2657030	Arnold	53	-1.13333	37873	PPL
plc_01m0n2yy0fqhe7zdn54a93hs9m	2657046	Arne	50.69272	-2.0403	1297	PPL
plc_01m0n2yy0fqhe7zdn54at2489c	2657051	Armthorpe	53.53518	-1.05341	12911	PPL
plc_01m0n2yy0fqhe7zdn54ef50b45	2657054	Armitage	52.74193	-1.88266	4650	PPL
plc_01m0n2yy0fqhe7zdn54gbxj6j2	2657060	Armagh	54.35	-6.66667	14801	PPLA2
plc_01m0n2yy0fqhe7zdn54j1kg504	2657067	Armadale	55.88333	-3.7	12720	PPL
plc_01m0n2yy0fqhe7zdn54jy06x6n	2657068	Arlington	51.75884	-1.83604	627	PPL
plc_01m0n2yy0fqhe7zdn54m9nq4hq	2657073	Arlesey	52.00713	-0.26565	5584	PPLA3
plc_01m0n2yy0fqhe7zdn54p2knk9t	2657074	Arlecdon	54.55395	-3.47022	757	PPL
plc_01m0n2yy0fqhe7zdn54pmqxez9	2657125	Ardrossan	55.65018	-4.80659	10500	PPL
plc_01m0n2yy0fqhe7zdn54szv7ea0	2657126	Ardrishaig	56.01566	-5.44806	1320	PPL
plc_01m0n2yy0fqhe7zdn54w9accbf	2657168	Ardleigh	51.92598	0.98547	912	PPL
plc_01m0n2yy0fqhe7zdn54yhd5vjy	2657177	Ardingly	51.04865	-0.07716	1250	PPL
plc_01m0n2yy0fqhe7zdn551seb3my	2657182	Ardglass	54.26312	-5.60981	1676	PPL
plc_01m0n2yy0fqhe7zdn5523gwef9	2657187	Ardersier	57.56681	-4.03784	1110	PPL
plc_01m0n2yy0fqhe7zdn5556afnms	2657215	Arbroath	56.56317	-2.58736	23640	PPL
plc_01m0n2yy0fqhe7zdn556smk3g3	2657224	Appley Bridge	53.57781	-2.7209	5270	PPL
plc_01m0n2yy0fqhe7zdn5589t4zng	2657228	Appleton	51.70951	-1.36136	915	PPL
plc_01m0n2yy0fqhe7zdn55as5kr63	2657229	Appleshaw	51.23739	-1.56507	503	PPL
plc_01m0n2yy0fqhe7zdn55en9n8v0	2657233	Appledore	51.05	-4.2	2161	PPL
plc_01m0n2yy0fqhe7zdn55h3khkf4	2657238	Appleby Magna	52.68226	-1.53371	962	PPL
plc_01m0n2yy0fqhe7zdn55hy2f2c6	2657255	Antrim	54.7175	-6.211	19661	PPLA2
plc_01m0n2yy0fqhe7zdn55kv9vteq	2657267	Anstruther	56.22345	-2.70278	3420	PPL
plc_01m0n2yy0fqhe7zdn55n4ks3sm	2657268	Anstey	52.67368	-1.18841	6528	PPL
plc_01m0n2yy0fqhe7zdn55nz8eykj	2657282	Annfield Plain	54.85749	-1.73827	10406	PPL
plc_01m0n2yy0fqhe7zdn55r74skd0	2657287	Annbank	55.47564	-4.52208	890	PPL
plc_01m0n2yy0fqhe7zdn55rjnhv0w	2657293	Annan	54.98839	-3.25647	8760	PPL
plc_01m0n2yy0fqhe7zdn55vv9pd79	2657295	Annalong	54.10823	-5.89966	1760	PPL
plc_01m0n2yy0fqhe7zdn55zmcbhx9	2657297	Annahilt	54.43333	-6	1170	PPL
plc_01m0n2yy0fqhe7zdn561mzj7wa	2657322	Andoversford	51.87477	-1.96863	555	PPL
plc_01m0n2yy0fqhe7zdn5625gkxq9	2657324	Andover	51.21135	-1.49393	42276	PPL
plc_01m0n2yy0fqhe7zdn563gj1n0w	2657332	Ancaster	52.98276	-0.53593	1294	PPL
plc_01m0n2yy0fqhe7zdn5666y8sh6	2657337	Ampthill	52.02694	-0.49567	20026	PPLA3
plc_01m0n2yy0fqhe7zdn5668afk17	2657340	Ampney Crucis	51.71399	-1.905	636	PPL
plc_01m0n2yy0fqhe7zdn568zxc6jt	2657342	Ampleforth	54.19956	-1.10691	705	PPL
plc_01m0n2yy0fqhe7zdn56an1zad2	2657345	Ammanford	51.79279	-3.98833	23709	PPL
plc_01m0n2yy0fqhe7zdn56dhefd7r	2657347	Amlwch	53.40986	-4.34712	3211	PPL
plc_01m0n2yy0fqhe7zdn56ewk9nsv	2657355	Amesbury	51.17509	-1.78064	10116	PPLA3
plc_01m0n2yy0fqhe7zdn56f9kjydn	2657356	Amersham	51.66667	-0.61667	21731	PPL
plc_01m0n2yy0fqhe7zdn56ha9dvr6	2657359	Ambrosden	51.87087	-1.12129	1662	PPL
plc_01m0n2yy0fqhe7zdn56jdnhzr0	2657360	Ambleside	54.43261	-2.96167	2529	PPL
plc_01m0n2yy0fqhe7zdn56naje12x	2657362	Amble	55.33333	-1.58333	6025	PPL
plc_01m0n2yy0fqhe7zdn56sadfpp8	2657364	Amberley	50.90658	-0.5352	586	PPL
plc_01m0n2yy0fqhe7zdn56wyj12en	2657374	Alyth	56.62209	-3.23005	2410	PPL
plc_01m0n2yy0fqhe7zdn56znp51qp	2657383	Alvington	51.70444	-2.57528	506	PPL
plc_01m0n2yy0fqhe7zdn571b2tvhp	2657388	Alveston	51.58806	-2.53139	2656	PPLA3
plc_01m0n2yy0fqhe7zdn574kbx7c6	2657393	Alveley	52.45709	-2.35434	1578	PPL
plc_01m0n2yy0fqhe7zdn574kqk0zf	2657395	Alvechurch	52.35173	-1.96531	3534	PPL
plc_01m0n2yy0fqhe7zdn576tb9nz9	2657397	Alva	56.15284	-3.80505	4720	PPL
plc_01m0n2yy0fqhe7zdn577cmj61k	2657402	Altrincham	53.38752	-2.34848	49680	PPL
plc_01m0n2yy0fqhe7zdn57b42mqkj	2657408	Alton	51.14931	-0.97469	19425	PPL
plc_01m0n2yy0fqhe7zdn57dsprxv1	2657417	Althorne	51.65722	0.76085	1031	PPL
plc_01m0n2yy0fqhe7zdn57e3n96b5	2657427	Alston	54.809	-2.43931	1105	PPL
plc_01m0n2yy0fqhe7zdn57hezdxgr	2657430	Alsager	53.09617	-2.30649	13347	PPL
plc_01m0n2yy0fqhe7zdn57kf24z8y	2657432	Alrewas	52.73278	-1.74968	2852	PPL
plc_01m0n2yy0fqhe7zdn57my1cwye	2657433	Alresford	51.85389	1.00203	2009	PPL
plc_01m0n2yy0fqhe7zdn57rde4rpw	2657435	Alpington	52.56728	1.38229	650	PPL
plc_01m0n2yy0fqhe7zdn57tw6gpmb	2657438	Alnwick	55.41318	-1.70563	8430	PPL
plc_01m0n2yy0fqhe7zdn57vs370ap	2657445	Alness	57.69596	-4.2551	5700	PPL
plc_01m0n2yy0fqhe7zdn57xfc4cv7	2657446	Alne	54.08375	-1.24014	569	PPL
plc_01m0n2yy0fqhe7zdn5805wrtag	2657450	Almondsbury	51.55407	-2.57114	1812	PPLA3
plc_01m0n2yy0fqhe7zdn580h137yj	2657452	Almondbank	56.41729	-3.51733	1420	PPL
plc_01m0n2yy0fqhe7zdn581qp1kfk	2657471	Alloa	56.11586	-3.78997	20390	PPLA2
plc_01m0n2yy0fqhe7zdn5833a0g38	2657472	Allington	52.953	-0.72559	586	PPL
plc_01m0n2yy0fqhe7zdn586xvywcs	2657476	Allhallows	51.46866	0.63686	1686	PPL
plc_01m0n2yy0fqhe7zdn58a8eadr3	2657487	Allendale Town	54.89732	-2.25653	709	PPL
plc_01m0n2yy0fqhe7zdn58bptg5t9	2657494	Allanton	55.78333	-2.21667	1266	PPL
plc_01m0n2yy0fqhe7zdn58ch0234w	2657507	Alfriston	50.80756	0.15673	829	PPL
plc_01m0n2yy0fqhe7zdn58f6pq0rk	2657508	Alfreton	53.09766	-1.38376	22550	PPL
plc_01m0n2yy0fqhe7zdn58fkm1p36	2657509	Alford	57.23257	-2.70298	2290	PPL
plc_01m0n2yy0fqhe7zdn58g9nx06y	2657510	Alford	53.25943	0.17625	3830	PPL
plc_01m0n2yy0fqhe7zdn58m014adk	2657513	Alexandria	55.99379	-4.5864	6940	PPL
plc_01m0n2yy0fqhe7zdn58qv15651	2657528	Aldridge	52.60549	-1.91715	26896	PPL
plc_01m0n2yy0fqhe7zdn58sn383d6	2657531	Aldington	51.09164	0.94461	988	PPL
plc_01m0n2yy0fqhe7zdn58tyv36wq	2657540	Aldershot	51.24827	-0.76389	40160	PPL
plc_01m0n2yy0fqhe7zdn58vbbpw81	2657546	Alderley Edge	53.30393	-2.23773	4408	PPL
plc_01m0n2yy0fqhe7zdn58vz9x2qr	2657548	Alderholt	50.91195	-1.83083	2848	PPL
plc_01m0n2yy0fqhe7zdn58zj793tn	2657551	Alderbury	51.04354	-1.73382	2223	PPL
plc_01m0n2yy0fqhe7zdn5936kpz6s	2657557	Aldeburgh	52.15492	1.60215	2341	PPL
plc_01m0n2yy0fqhe7zdn596b9a4wx	2657559	Aldbury	51.80234	-0.60227	642	PPL
plc_01m0n2yy0fqhe7zdn596gxy86b	2657561	Aldbrough	53.82893	-0.11467	1269	PPLA3
plc_01m0n2yy0fqhe7zdn596ma4243	2657562	Aldbourne	51.48098	-1.61827	1652	PPL
plc_01m0n2yy0fqhe7zdn598dnne7j	2657565	Alconbury	52.369	-0.26009	1569	PPL
plc_01m0n2yy0fqhe7zdn59b0fbttr	2657566	Alcester	52.21667	-1.86667	6939	PPL
plc_01m0n2yy0fqhe7zdn59bs3qsdc	2657568	Albury	51.21998	-0.5022	574	PPL
plc_01m0n2yy0fqhe7zdn59bz4fdq2	2657571	Albrighton	52.6364	-2.27966	4829	PPLA3
plc_01m0n2yy0fqhe7zdn59dz52sz2	2657578	Akeley	52.03359	-0.96954	514	PPL
plc_01m0n2yy0fqhe7zdn59exhyr42	2657592	Airth	56.06983	-3.77209	1760	PPL
plc_01m0n2yy0fqhe7zdn59j530tm5	2657594	Airmyn	53.72074	-0.89959	768	PPLA3
plc_01m0n2yy0fqhe7zdn59k34zcf2	2657613	Airdrie	55.86602	-3.98025	36390	PPL
plc_01m0n2yy0fqhe7zdn59ngrd73h	2657633	Aigburth	53.36526	-2.91782	5560	PPLX
plc_01m0n2yy0fqhe7zdn59paetp5p	2657634	Ahoghill	54.86667	-6.36667	3633	PPL
plc_01m0n2yy0fqhe7zdn59qgvc44m	2657658	Adwick le Street	53.57077	-1.18454	19481	PPL
plc_01m0n2yy0fqhe7zdn59veawdfm	2657668	Adlington	53.61323	-2.60676	7965	PPL
plc_01m0n2yy0fqhe7zdn59wc9naxn	2657676	Addlestone	51.37135	-0.49353	14978	PPL
plc_01m0n2yy0fqhe7zdn59zcfs17z	2657679	Addington	51.30685	0.37362	857	PPL
plc_01m0n2yy0fqhe7zdn5a09brqvy	2657680	Addingham	53.94452	-1.88424	3730	PPLA3
plc_01m0n2yy0fqhe7zdn5a3jqxq9a	2657684	Adderbury	52.0169	-1.31192	2819	PPL
plc_01m0n2yy0fqhe7zdn5a5c5vr04	2657689	Acton Trussell	52.76083	-2.09672	786	PPL
plc_01m0n2yy0fqhe7zdn5a75239gz	2657693	Acton Burnell	52.61388	-2.69468	544	PPL
plc_01m0n2yy0fqhe7zdn5a7hvd7r3	2657696	Acton	52.45	-3.01667	1475	PPL
plc_01m0n2yy0fqhe7zdn5a9jajsqk	2657697	Acton	51.50901	-0.2762	62480	PPL
plc_01m0n2yy0fqhe7zdn5acgx6zx7	2657700	Acomb	54.99229	-2.11229	1106	PPLA3
plc_01m0n2yy0fqhe7zdn5afy78k5y	2657703	Acocks Green	52.45	-1.81667	26635	PPLX
plc_01m0n2yy0fqhe7zdn5ahfz9kgx	2657704	Acle	52.63681	1.54757	2317	PPL
plc_01m0n2yy0fqhe7zdn5akfvz9m3	2657770	Accrington	53.75379	-2.35863	34897	PPL
plc_01m0n2yy0fqhe7zdn5aq5k3byy	2657774	Abram	53.50855	-2.59266	10074	PPL
plc_01m0n2yy0fqhe7zdn5asd4s61h	2657775	Aboyne	57.07546	-2.78023	2650	PPL
plc_01m0n2yy0fqhe7zdn5awztkqfy	2657780	Abingdon	51.67109	-1.28278	38676	PPL
plc_01m0n2yy0fqhe7zdn5b0my3c30	2657782	Aberystwyth	52.41548	-4.08292	18749	PPLA3
plc_01m0n2yy0fqhe7zdn5b3vwykwq	2657784	Abertillery	51.72981	-3.13432	10946	PPL
plc_01m0n2yy0fqhe7zdn5b52kmcxk	2657788	Abersoch	52.82437	-4.50584	783	PPL
plc_01m0n2yy0fqhe7zdn5b818tt89	2657789	Aberporth	52.13248	-4.54173	1648	PPL
plc_01m0n2yy0fqhe7zdn5bb5fdarg	2657792	Abernethy	56.33247	-3.31226	1470	PPL
plc_01m0n2yy0fqhe7zdn5bdpzzqd3	2657795	Abermule	52.54339	-3.23723	900	PPL
plc_01m0n2yy0fqhe7zdn5be8x00v4	2657798	Charlestown of Aberlour	57.47076	-3.22509	1020	PPL
plc_01m0n2yy0fqhe7zdn5bg6q1mjb	2657803	Aberlady	56.00884	-2.85851	1180	PPL
plc_01m0n2yy0fqhe7zdn5bgm1kxe8	2657804	Aberkenfig	51.54	-3.59556	10083	PPL
plc_01m0n2yy0fqhe7zdn5bmct5sw5	2657808	Abergwili	51.86593	-4.26969	589	PPL
plc_01m0n2yy0fqhe7zdn5bnk65jwh	2657812	Abergele	53.28436	-3.5822	11290	PPL
plc_01m0n2yy0fqhe7zdn5bqkd9fk8	2657815	Abergavenny	51.82098	-3.01743	13695	PPL
plc_01m0n2yy0fqhe7zdn5brjjdzgw	2657816	Aberfoyle	56.17861	-4.38419	750	PPL
plc_01m0n2yy0fqhe7zdn5bsge7ndy	2657817	Aberford	53.82604	-1.34231	1503	PPLA3
plc_01m0n2yy0fqhe7zdn5bvs3b0mj	2657819	Aberffraw	53.19223	-4.46543	620	PPL
plc_01m0n2yy0fqhe7zdn5bx12mr2w	2657820	Aberfeldy	56.62196	-3.86693	1960	PPL
plc_01m0n2yy0fqhe7zdn5c0j0pmxc	2657821	Aberfan	51.68892	-3.34178	3547	PPL
plc_01m0n2yy0fqhe7zdn5c127d7q3	2657825	Aberdyfi	52.544	-4.04606	725	PPL
plc_01m0n2yy0fqhe7zdn5c3ejqyxf	2657829	Aberdour	56.05417	-3.30058	1650	PPL
plc_01m0n2yy0fqhe7zdn5c55y24ay	2657832	Aberdeen	57.14369	-2.09814	198590	PPLA2
plc_01m0n2yy0fqhe7zdn5c630tw2j	2657835	Aberdare	51.71438	-3.44918	31135	PPL
plc_01m0n2yy0fqhe7zdn5c8v981fh	2657837	Abercynon	51.64548	-3.32727	5983	PPL
plc_01m0n2yy0fqhe7zdn5cb5yhr5g	2657839	Aberchirder	57.56012	-2.62856	1250	PPL
plc_01m0n2yy0fqhe7zdn5ceq4zayk	2657844	Abercarn	51.64733	-3.13476	10118	PPL
plc_01m0n2yy0fqhe7zdn5chmg6d3f	2657845	Abercanaid	51.72361	-3.36611	5061	PPL
plc_01m0n2yy0fqhe7zdn5cj7pv5n8	2657850	Aberaeron	52.24247	-4.25871	1422	PPLA2
plc_01m0n2yy0fqhe7zdn5cjqfw2wg	2657859	Abbotts Ann	51.19016	-1.53234	2112	PPL
plc_01m0n2yy0fqhe7zdn5ck7738rc	2657863	Abbots Langley	51.70573	-0.41757	10472	PPL
plc_01m0n2yy0fqhe7zdn5ckby1705	2657864	Abbotskerswell	50.50816	-3.61342	1267	PPL
plc_01m0n2yy0fqhe7zdn5cpxxqyay	2657870	Abbots Bromley	52.81705	-1.87694	1351	PPL
plc_01m0n2yy0fqhe7zdn5cq9dqw4d	2657880	Abberton	51.83435	0.91084	831	PPL
plc_01m0n2yy0fqhe7zdn5csqf4jvr	3209552	Benllech	53.32044	-4.22607	2236	PPL
plc_01m0n2yy0fqhe7zdn5cw29z845	3209953	Overcombe	50.63509	-2.43207	4971	PPL
plc_01m0n2yy0fqhe7zdn5cz61stx6	3210207	Lynemouth	55.21306	-1.5425	1873	PPLA3
plc_01m0n2yy0fqhe7zdn5d1h7p9ft	3210209	Hadston	55.29428	-1.60392	3570	PPL
plc_01m0n2yy0fqhe7zdn5d1vwdveh	3234498	East Cowes	50.75774	-1.28815	8428	PPL
plc_01m0n2yy0fqhe7zdn5d2q4pef3	3236250	Shiremoor	55.03535	-1.5095	4889	PPL
plc_01m0n2yy0fqhe7zdn5d4cyk3sd	3345093	Looe	50.35778	-4.45418	5112	PPL
plc_01m0n2yy0fqhe7zdn5d6sgv0fs	3345095	Pensilva	50.50302	-4.41491	1663	PPL
plc_01m0n2yy0fqhe7zdn5d6wnc7zf	3345096	Flexbury	50.83509	-4.54499	2211	PPL
plc_01m0n2yy0fqhe7zdn5dav3t66z	3345119	Steynton	51.72917	-5.01722	3000	PPL
plc_01m0n2yy0fqhe7zdn5dd385g09	3345126	Hill Mountain	51.73667	-4.93139	673	PPL
plc_01m0n2yy0fqhe7zdn5dggwqt93	3345135	Jameston	51.65642	-4.81304	634	PPL
plc_01m0n2yy0fqhe7zdn5dkh0njnj	3345150	Glandwr	51.92833	-4.63333	1586	PPL
plc_01m0n2yy0fqhe7zdn5dmpmzn5s	3345173	Pont Henri	51.76111	-4.20778	987	PPL
plc_01m0n2yy0fqhe7zdn5dncnz33x	3345176	Trimsaran	51.71988	-4.24168	1584	PPL
plc_01m0n2yy0fqhe7zdn5dqth5yq9	3345177	Carway	51.73669	-4.22832	672	PPL
plc_01m0n2yy0fqhe7zdn5drmc3m57	3345189	Tumble	51.78361	-4.10972	4040	PPL
plc_01m0n2yy0fqhe7zdn5dsnvbjqd	3345230	Crofty	51.63448	-4.12937	1012	PPL
plc_01m0n2yy0fqhe7zdn5dtqwegxk	3345234	Southgate	51.56944	-4.08972	2004	PPL
plc_01m0n2yy0fqhe7zdn5dtxvft49	3345236	Three Crosses	51.62865	-4.06263	1583	PPL
plc_01m0n2yy0fqhe7zdn5dv997f1v	3345239	Grovesend	51.68472	-4.03833	1131	PPL
plc_01m0n2yy0fqhe7zdn5dw2qr6fe	3345241	Pontlliw	51.69139	-4.01056	1645	PPL
plc_01m0n2yy0fqhe7zdn5dwe6zqh3	3345259	Hook	51.765	-4.93167	838	PPLA3
plc_01m0n2yy0fqhe7zdn5dzsdjpza	3345260	Crundale	51.82417	-4.94806	584	PPL
plc_01m0n2yy0fqhe7zdn5e1qnm0ny	3345277	Croeserw	51.64472	-3.64028	1595	PPL
plc_01m0n2yy0fqhe7zdn5e3b54tmq	3345278	Pont Rhyd-y-cyff	51.58694	-3.63639	1505	PPL
plc_01m0n2yy0fqhe7zdn5e4q3807f	3345279	Price Town	51.61832	-3.53662	2348	PPL
plc_01m0n2yy0fqhe7zdn5e68qwzzn	3345280	Ogmore Vale	51.6023	-3.54217	2436	PPL
plc_01m0n2yy0fqhe7zdn5e9a5jeqx	3345283	Tonypandy	51.62202	-3.45544	62545	PPL
plc_01m0n2yy0fqhe7zdn5eb3s6k84	3345286	Heol-y-Cyw	51.54743	-3.52243	538	PPL
plc_01m0n2yy0fqhe7zdn5ee3qteb5	3345289	Cefn Cribwr	51.53167	-3.65278	1324	PPLA3
plc_01m0n2yy0fqhe7zdn5ehxjd7d6	3345313	Ogmore-by-Sea	51.46056	-3.63028	878	PPL
plc_01m0n2yy0fqhe7zdn5ekr1da63	3345314	Brynna	51.53845	-3.46378	6686	PPL
plc_01m0n2yy0fqhe7zdn5enxbn3rt	3345315	Abertridwr	51.59583	-3.26833	6504	PPL
plc_01m0n2yy0fqhe7zdn5es8yhcmt	3345316	Beddau	51.55398	-3.35814	8134	PPL
plc_01m0n2yy0fqhe7zdn5ewahb96y	3345317	Blackwood	51.66778	-3.2075	15476	PPLA3
plc_01m0n2yy0fqhe7zdn5exbe98ar	3345319	Cwmbach	51.70556	-3.40944	4330	PPLA3
plc_01m0n2yy0fqhe7zdn5f01r03ax	3345325	Blaengwynfi	51.65623	-3.60371	1362	PPL
plc_01m0n2yy0fqhe7zdn5f1f1e4aa	3345327	Rhigos	51.74231	-3.56185	718	PPL
plc_01m0n2yy0fqhe7zdn5f58h1sea	3345337	Rogiet	51.58854	-2.77868	1813	PPL
plc_01m0n2yy0fqhe7zdn5f5n9fcsd	3345340	Parc Seymour	51.62194	-2.8575	744	PPL
plc_01m0n2yy0fqhe7zdn5f95hakp5	3345342	Eastington	51.74722	-2.32639	1108	PPL
plc_01m0n2yy0fqhe7zdn5fcr1mqes	3345345	Hawkesbury Upton	51.58028	-2.31861	991	PPL
plc_01m0n2yy0fqhe7zdn5fe4hqtpq	3345347	Whitley	51.39528	-2.16444	2436	PPL
plc_01m0n2yy0fqhe7zdn5fe5mwas9	3345372	Blackford	51.22611	-2.84778	736	PPL
plc_01m0n2yy0fqhe7zdn5fj2dsf9p	3345375	Woolavington	51.16493	-2.93814	2115	PPL
plc_01m0n2yy0fqhe7zdn5fmpjvecj	3345376	East Huntspill	51.20232	-2.93976	782	PPL
plc_01m0n2yy0fqhe7zdn5fmpzc6yr	3345388	East Brent	51.26361	-2.935	628	PPL
plc_01m0n2yy0fqhe7zdn5fp49py6m	3345395	Pucklechurch	51.48583	-2.43389	2364	PPLA3
plc_01m0n2yy0fqhe7zdn5fq4ar5rq	3345396	Peasedown Saint John	51.31667	-2.42417	6263	PPL
plc_01m0n2yy0fqhe7zdn5ft7y3xz2	3345400	Severn Beach	51.56036	-2.66279	2182	PPL
plc_01m0n2yy0fqhe7zdn5fvqevsm3	3345403	Easton-in-Gordano	51.47592	-2.69987	4824	PPL
plc_01m0n2yy0fqhe7zdn5fxjaxz12	3345404	Bishop Sutton	51.33444	-2.59472	1193	PPL
plc_01m0n2yy0fqhe7zdn5g19kw8ax	3345408	Croscombe	51.19667	-2.58889	603	PPL
plc_01m0n2yy0fqhe7zdn5g28j246j	3345420	Chapmanslade	51.22917	-2.24889	643	PPLA3
plc_01m0n2yy0fqhe7zdn5g2nt8bq6	3345428	Sutton Veny	51.17822	-2.14987	734	PPL
plc_01m0n2yy0fqhe7zdn5g4z20wt8	3345432	Neston	51.41222	-2.20056	15352	PPL
plc_01m0n2yy0fqhe7zdn5g6ta6wvf	3345436	Kington Langley	51.48877	-2.11663	841	PPL
plc_01m0n2yy0fqhe7zdn5g6xv6qpv	3345437	Camden Town	51.54057	-0.14334	26122	PPLA3
plc_01m0n2yy0fqhe7zdn5gah4e444	3345439	Telford	52.67659	-2.44926	155570	PPLA2
plc_01m0n2yy0fqhe7zdn5gbsszx3f	3345440	Craigavon	54.44709	-6.387	59236	PPLA2
plc_01m0n2yy0fqhe7zdn5gc72p5cf	6269280	Caol	56.83721	-5.10062	3220	PPL
plc_01m0n2yy0fqhe7zdn5gd0fwbb6	6269321	Wideopen	55.04514	-1.62246	8976	PPL
plc_01m0n2yy0fqhe7zdn5gdwv7y7m	6269323	Hazlerigg	55.04135	-1.63912	1053	PPL
plc_01m0n2yy0fqhe7zdn5gfanfb6w	6269326	Lamesley	54.91567	-1.60945	3928	PPLA3
plc_01m0n2yy0fqhe7zdn5gh21kz58	6269343	Dubford	57.20553	-2.10105	1000	PPL
plc_01m0n2yy0fqhe7zdn5gm67bgjt	6269412	East Keswick	53.8943	-1.45221	1224	PPL
plc_01m0n2yy0fqhe7zdn5gmsg01qh	6269414	Shadwell	53.8546	-1.4726	1352	PPLA3
plc_01m0n2yy0fqhe7zdn5gq9km70f	6269419	Fairburn	53.74447	-1.28411	819	PPL
plc_01m0n2yy0fqhe7zdn5gqz278js	6269591	Barlby	53.79964	-1.04061	3860	PPL
plc_01m0n2yy0fqhe7zdn5gtspb7x9	6284555	Bar Hill	52.24899	0.02883	4032	PPL
plc_01m0n2yy0fqhe7zdn5gxbpz378	6301901	Camber	50.93473	0.79848	1265	PPL
plc_01m0n2yy0fqhe7zdn5h0xhb18j	6301907	Winchelsea Beach	50.91691	0.72158	1362	PPL
plc_01m0n2yy0fqhe7zdn5h3xdd5q6	6301921	Kesgrave	52.06241	1.2365	11020	PPL
plc_01m0n2yy0fqhe7zdn5h74rwwav	6301958	Blackmoorfoot	53.61423	-1.85588	3835	PPL
plc_01m0n2yy0fqhe7zdn5hacvdqag	6301962	Meltham Mills	53.59388	-1.83989	9000	PPLL
plc_01m0n2yy0fqhe7zdn5hbtfv6bk	6324514	Polzeath	50.56956	-4.91759	1449	PPL
plc_01m0n2yy0fqhe7zdn5hd75j82p	6324516	Rock	50.54978	-4.90462	1203	PPL
plc_01m0n2yy0fqhe7zdn5hdemeqy4	6324532	Rigside	55.59683	-3.78084	770	PPL
plc_01m0n2yy0fqhe7zdn5he8b5bg0	6324759	Camblesforth	53.7268	-1.01998	2056	PPL
plc_01m0n2yy0fqhe7zdn5hfvcqn0q	6457267	Small Dole	50.89968	-0.27813	796	PPL
plc_01m0n2yy0fqhe7zdn5hk6nwpks	6457269	Fontwell	50.8552	-0.64831	1941	PPL
plc_01m0n2yy0fqhe7zdn5hmqh7rcx	6458917	Sharlston	53.66956	-1.41294	4028	PPLA3
plc_01m0n2yy0fqhe7zdn5hndw18fn	6545170	Marylebone	51.52541	-0.16806	12157	PPLX
plc_01m0n2yy0fqhe7zdn5hrnz75t2	6545173	Soho	51.5144	-0.13535	19634	PPLX
plc_01m0n2yy0fqhe7zdn5hs5q6b7v	6545174	Kennington	51.48796	-0.10566	4000	PPLL
plc_01m0n2yy0fqhe7zdn5hvsxpcpk	6545243	Bayswater	51.51116	-0.18426	17500	PPLX
plc_01m0n2yy0fqhe7zdn5hwq48pm5	6545249	Pimlico	51.48897	-0.13699	20709	PPLX
plc_01m0n2yy0fqhe7zdn5hzzw2nty	6545250	Lambeth	51.49635	-0.11152	6000	PPLX
plc_01m0n2yy0fqhe7zdn5j3s5ddev	6547224	Moor Park	51.6295	-0.43412	5900	PPL
plc_01m0n2yy0fqhe7zdn5j4c00h16	6559327	North Watford	51.68072	-0.39446	33000	PPL
plc_01m0n2yy0fqhe7zdn5j6984fqj	6559494	Tywyn	52.58578	-4.09276	3097	PPLA3
plc_01m0n2yy0fqhe7zdn5j6c8ea2z	6615332	Bernards Heath	51.76087	-0.33369	8200	PPLX
plc_01m0n2yy0fqhe7zdn5j90y5pbz	6615338	West End of London	51.51414	-0.1551	10575	PPLX
plc_01m0n2yy0fqhe7zdn5j97y34nj	6615343	Napsbury Park	51.72224	-0.3132	1500	PPLX
plc_01m0n2yy0fqhe7zdn5jaxbkwzt	6615507	St James's	51.5073	-0.13982	10361	PPLX
plc_01m0n2yy0fqhe7zdn5jdsm6m65	6615508	Tankerton	51.3637	1.04913	4900	PPL
plc_01m0n2yy0fqhe7zdn5jfka7c5g	6615542	Thorpe Hamlet	52.6277	1.31175	8109	PPLX
plc_01m0n2yy0fqhe7zdn5jfrspwgm	6615590	Cheadle Heath	53.40186	-2.19088	1901	PPLX
plc_01m0n2yy0fqhe7zdn5jjp583gw	6619433	Densole	51.12981	1.15837	937	PPL
plc_01m0n2yy0fqhe7zdn5jndadsjg	6619695	Cameley	51.31616	-2.56079	1286	PPL
plc_01m0n2yy0fqhe7zdn5jrsep8sz	6619860	Fleetville	51.75213	-0.31223	8200	PPLX
plc_01m0n2yy0fqhe7zdn5js4my5pv	6619957	South Chailey	50.93831	-0.02105	1021	PPL
plc_01m0n2yy0fqhe7zdn5jv938jn8	6619985	Copthorne	51.13929	-0.11742	5000	PPL
plc_01m0n2yy0fqhe7zdn5jx53nx56	6619988	Muirhead	55.89803	-4.1058	1390	PPL
plc_01m0n2yy0fqhe7zdn5k05sy0wv	6620293	Yateley	51.34305	-0.82985	20334	PPL
plc_01m0n2yy0fqhe7zdn5k0steqfr	6620306	East Ayton	54.2548	-0.47483	2559	PPL
plc_01m0n2yy0fqhe7zdn5k33hmvsy	6620308	Westcliff-on-Sea	51.54424	0.69179	1001	PPLX
plc_01m0n2yy0fqhe7zdn5k3j7dyfr	6620310	Didsbury	53.41698	-2.23145	14292	PPL
plc_01m0n2yy0fqhe7zdn5k518cv09	6620336	Horringer	52.22396	0.6735	780	PPL
plc_01m0n2yy0fqhe7zdn5k8a5k00e	6620337	Hellaby	53.42257	-1.24125	1100	PPL
plc_01m0n2yy0fqhe7zdn5k9wsykh3	6620349	Tintern	51.69677	-2.68142	750	PPLA3
plc_01m0n2yy0fqhe7zdn5kah2hgdr	6620354	Barham	51.2057	1.15734	1114	PPL
plc_01m0n2yy0fqhe7zdn5kdsjcr2x	6620355	Bowthorpe	52.63884	1.21885	20000	PPL
plc_01m0n2yy0fqhe7zdn5kem0dh45	6620357	Fairbourne	52.6968	-4.0561	721	PPL
plc_01m0n2yy0fqhe7zdn5kgyhrnna	6620359	George Green	51.52173	-0.55631	990	PPL
plc_01m0n2yy0fqhe7zdn5kk6jfmzd	6620360	Hedge End	50.91234	-1.30076	17978	PPL
plc_01m0n2yy0fqhe7zdn5kq14y0c7	6620361	Kellington	53.71836	-1.16556	991	PPL
plc_01m0n2yy0fqhe7zdn5ktz2qn3d	6620363	Moodiesburn	55.91501	-4.08331	6900	PPL
plc_01m0n2yy0fqhe7zdn5ky3fd7mz	6620364	Nethy Bridge	57.26487	-3.65609	660	PPL
plc_01m0n2yy0fqhe7zdn5kymvjq4f	6620366	Thrussington	52.73629	-1.04061	581	PPL
plc_01m0n2yy0fqhe7zdn5m23kapjt	6620367	Virginia Water	51.40343	-0.56651	2999	PPL
plc_01m0n2yy0fqhe7zdn5m47z1nft	6620426	Churt	51.13603	-0.77534	1098	PPL
plc_01m0n2yy0fqhe7zdn5m7zbacm8	6620428	Danby	54.46606	-0.91073	1515	PPL
plc_01m0n2yy0fqhe7zdn5maacqy19	6620429	Wychbold	52.29045	-2.11555	1366	PPL
plc_01m0n2yy0fqhe7zdn5mb0ddcv7	6620444	Gerrards Cross	51.5861	-0.55543	20633	PPL
plc_01m0n2yy0fqhe7zdn5mdxe3sbq	6620458	Langford Budville	50.99744	-3.26885	535	PPL
plc_01m0n2yy0fqhe7zdn5mgr3d1dt	6621541	Maidenbower	51.10781	-0.15286	8070	PPL
plc_01m0n2yy0fqhe7zdn5mh7r6qbv	6621542	Furnace Green	51.10742	-0.16889	6737	PPL
plc_01m0n2yy0fqhe7zdn5mm8kdf84	6621545	Broadfield	51.09714	-0.20664	13000	PPL
plc_01m0n2yy0fqhe7zdn5mpnfr0z0	6621546	Bewbush	51.10329	-0.22312	9081	PPL
plc_01m0n2yy0fqhe7zdn5ms9tks3q	6621547	Gossops Green	51.11105	-0.21728	6000	PPL
plc_01m0n2yy0fqhe7zdn5mvnzf1vp	6621548	Langley Green	51.12817	-0.19835	7000	PPL
plc_01m0n2yy0fqhe7zdn5mzb25dcs	6639623	Erskine	55.9005	-4.45028	15530	PPL
plc_01m0n2yy0fqhe7zdn5n0pvgp6t	6640028	Hale	53.37831	-2.33271	16715	PPL
plc_01m0n2yy0fqhe7zdn5n2p2v82g	6640029	Easington	54.55345	-0.85058	923	PPL
plc_01m0n2yy0fqhe7zdn5n397tddx	6640031	Chilthorne Domer	50.97078	-2.679	574	PPL
plc_01m0n2yy0fqhe7zdn5n6y38efa	6640067	Childer Thornton	53.29339	-2.97429	685	PPL
plc_01m0n2yy0fqhe7zdn5n7s4txhn	6640068	Westhill	57.15263	-2.27966	12110	PPL
plc_01m0n2yy0fqhe7zdn5n8zh985z	6640069	Clarkston	55.78594	-4.27651	9460	PPL
plc_01m0n2yy0fqhe7zdn5nbnfhy2n	6640071	Smithton	57.47956	-4.15141	2090	PPL
plc_01m0n2yy0fqhe7zdn5nf8hnhqg	6690167	Kings Hill	51.27437	0.40237	2638	PPL
plc_01m0n2yy0fqhe7zdn5nh2a309a	6690171	Boars Hill	51.71581	-1.29252	561	PPLL
plc_01m0n2yy0fqhe7zdn5nkmgpznd	6690565	Crouch End	51.57971	-0.12373	10075	PPLX
plc_01m0n2yy0fqhe7zdn5nmst4fhz	6690572	Kilburn	51.55295	-0.19157	29027	PPLX
plc_01m0n2yy0fqhe7zdn5nnpzgncn	6690574	Clerkenwell	51.52438	-0.11022	4934	PPL
plc_01m0n2yy0fqhe7zdn5nshyjftj	6690581	Belsize Park	51.54767	-0.17228	11600	PPL
plc_01m0n2yy0fqhe7zdn5nsqdxk0x	6690583	Chalk Farm	51.54313	-0.14987	24977	PPL
plc_01m0n2yy0fqhe7zdn5nx7765n1	6690589	King's Cross	51.53067	-0.12308	14082	PPL
plc_01m0n2yy0fqhe7zdn5nzrt8nbp	6690590	Barnsbury	51.54067	-0.11675	10000	PPL
plc_01m0n2yy0fqhe7zdn5p0027f3n	6690591	Little Chalfont	51.66829	-0.57038	4497	PPL
plc_01m0n2yy0fqhe7zdn5p03ew9jr	6690592	Amersham on the Hill	51.67468	-0.60742	17719	PPL
plc_01m0n2yy0fqhe7zdn5p41c2sf2	6690593	Barbican	51.51988	-0.09446	4000	PPLX
plc_01m0n2yy0fqhe7zdn5p59481xj	6690595	Shadwell	51.51135	-0.05663	15110	PPL
plc_01m0n2yy0fqhe7zdn5p8vph7zy	6690602	Battersea	51.47475	-0.15547	75651	PPLX
plc_01m0n2yy0fqhe7zdn5pb5mbz5a	6690783	Oakwood	51.64761	-0.13184	9100	PPLX
plc_01m0n2yy0fqhe7zdn5pep2762m	6690798	Maida Hill	51.5274	-0.1899	11660	PPLX
plc_01m0n2yy0fqhe7zdn5pj0dtnyc	6690801	Grange Hill	51.61185	0.08612	7602	PPL
plc_01m0n2yy0fqhe7zdn5pnbe503r	6690802	Collier Row	51.59893	0.166	10100	PPLX
plc_01m0n2yy0fqhe7zdn5pry3m6zn	6690805	Elm Park	51.54297	0.19454	12048	PPLX
plc_01m0n2yy0fqhe7zdn5pv7stpjv	6690806	Cranham	51.56565	0.2659	2836	PPLX
plc_01m0n2yy0fqhe7zdn5pvyq4r96	6690808	Chafford Hundred	51.4892	0.2944	13466	PPLX
plc_01m0n2yy0fqhe7zdn5pzvkqjd9	6690812	Chadwell St Mary	51.4814	0.36343	9631	PPLX
plc_01m0n2yy0fqhe7zdn5q2tp03ne	6690814	Culverstone Green	51.34085	0.34686	4001	PPLX
plc_01m0n2yy0fqhe7zdn5q45ycbtv	6690816	Mottingham	51.45272	0.03854	9987	PPL
plc_01m0n2yy0fqhe7zdn5q4k0ycyb	6690824	Tooting	51.42524	-0.16394	16239	PPLX
plc_01m0n2yy0fqhe7zdn5q6qfgahq	6690827	Tolworth	51.38044	-0.28141	9833	PPL
plc_01m0n2yy0fqhe7zdn5qa4fvp5n	6690829	Kingston upon Thames	51.41259	-0.2974	10001	PPLA3
plc_01m0n2yy0fqhe7zdn5qdd7n98q	6690830	Ditton Hill	51.37947	-0.31281	3024	PPLX
plc_01m0n2yy0fqhe7zdn5qe45m38n	6690831	Hinchley Wood	51.37461	-0.33838	3674	PPL
plc_01m0n2yy0fqhe7zdn5qgn27zc1	6690862	South Croydon	51.36217	-0.09421	55198	PPLL
plc_01m0n2yy0fqhe7zdn5qmj9ezhz	6690863	Hornchurch	51.55685	0.21664	25470	PPLX
plc_01m0n2yy0fqhe7zdn5qqbw3b54	6690865	Hainault	51.60836	0.10716	7071	PPLX
plc_01m0n2yy0fqhe7zdn5qtg0ajt8	6690866	Surbiton	51.39148	-0.29825	38158	PPL
plc_01m0n2yy0fqhe7zdn5qwrrnffw	6690867	Ewell	51.34948	-0.2494	39994	PPLX
plc_01m0n2yy0fqhe7zdn5r00j627d	6690868	Harold Wood	51.59462	0.23294	12443	PPLX
plc_01m0n2yy0fqhe7zdn5r29hw8k6	6690869	Chadwell Heath	51.57121	0.13271	9598	PPLX
plc_01m0n2yy0fqhe7zdn5r2sdvee3	6690870	Becontree	51.5529	0.129	100000	PPLX
plc_01m0n2yy0fqhe7zdn5r5ce6d46	6690877	Brixton	51.46593	-0.10652	66300	PPLX
plc_01m0n2yy0fqhe7zdn5r8k6qewq	6690989	Bethnal Green	51.52718	-0.06109	17590	PPLX
plc_01m0n2yy0fqhe7zdn5r8wrxnwn	6691216	Cheetham Hill	53.49862	-2.23846	12846	PPLX
plc_01m0n2yy0fqhe7zdn5r92f7y37	6691219	Failsworth	53.50484	-2.16568	20555	PPL
plc_01m0n2yy0fqhe7zdn5radm4kbs	6691221	Crumpsall	53.51827	-2.24447	11363	PPLX
plc_01m0n2yy0fqhe7zdn5rec1bt11	6691222	Blackley	53.51765	-2.21443	10196	PPLX
plc_01m0n2yy0fqhe7zdn5rgeqbt25	6691225	Simister	53.54898	-2.25513	639	PPLX
plc_01m0n2yy0fqhe7zdn5rhcrervr	6691227	Radcliffe	53.56178	-2.32455	29950	PPL
plc_01m0n2yy0fqhe7zdn5rn3h8g9k	6691235	Heywood	53.59245	-2.21941	28024	PPLX
plc_01m0n2yy0fqhe7zdn5rp268mn9	6691237	Hollingworth	53.463	-1.991	2447	PPLX
plc_01m0n2yy0fqhe7zdn5rrqgbpp2	6691246	Old Trafford	53.45756	-2.28818	21447	PPLX
plc_01m0n2yy0fqhe7zdn5rtar5jtt	6691248	Chorlton cum Hardy	53.43505	-2.2631	4741	PPLX
plc_01m0n2yy0fqhe7zdn5rvdhwghm	6691251	Burnage	53.43265	-2.19967	13706	PPLX
plc_01m0n2yy0fqhe7zdn5rytczpaz	6691252	Fallowfield	53.43981	-2.21572	14132	PPLX
plc_01m0n2yy0fqhe7zdn5rzx26b1x	6691253	Heaton Chapel	53.43015	-2.17538	3296	PPLX
plc_01m0n2yy0fqhe7zdn5s0vsv53d	6691255	Haughton Green	53.44118	-2.09827	9000	PPLX
plc_01m0n2yy0fqhe7zdn5s3prnm65	6691257	Hulme	53.46572	-2.24885	8932	PPLX
plc_01m0n2yy0fqhe7zdn5s7gmyqsn	6691766	Longsight	53.45801	-2.20104	16007	PPLX
plc_01m0n2yy0fqhe7zdn5s7rvp45m	6691839	Wimbledon Park	51.43495	-0.1988	11197	PPL
plc_01m0n2yy0fqhe7zdn5saq4q784	6691884	Heavitree	50.72044	-3.49646	22000	PPLX
plc_01m0n2yy0fqhe7zdn5sbwj6z7n	6691925	Stoke St Michael	51.22098	-2.4824	731	PPL
plc_01m0n2yy0fqhe7zdn5sfkvj0yr	6691927	Ferndown	50.80743	-1.89975	17650	PPL
plc_01m0n2yy0fqhe7zdn5sk8ckf9c	6691951	Clayton-le-Woods	53.69689	-2.66818	14528	PPL
plc_01m0n2yy0fqhe7zdn5sn7cewsb	6692041	Portland	50.56748	-2.44472	12710	PPL
plc_01m0n2yy0fqhe7zdn5sq6jxwmg	6692252	Binfield Heath	51.50062	-0.92594	709	PPL
plc_01m0n2yy0fqhe7zdn5srcyj31k	6692280	Canary Wharf	51.50519	-0.02085	73390	PPLX
plc_01m0n2yy0fqhe7zdn5ss4g4xta	6692306	Stockton on the Forest	53.99637	-1.00182	875	PPL
plc_01m0n2yy0fqhe7zdn5styfb7fg	6692336	Billington	53.8157	-2.4236	1458	PPL
plc_01m0n2yy0fqhe7zdn5sxm1cncy	6692466	Brixton Hill	51.45213	-0.123	12458	PPL
plc_01m0n2yy0fqhe7zdn5sybrs8ay	6692751	Nether Heyford	52.22123	-1.03452	1637	PPL
plc_01m0n2yy0fqhe7zdn5t1qp8t8x	6692918	Featherstone	52.64483	-2.09315	14175	PPL
plc_01m0n2yy0fqhe7zdn5t53f2hyp	6692919	Belmont	52.04272	-2.74169	3382	PPL
plc_01m0n2yy0fqhe7zdn5t5w5aqjb	6692920	Calcot	51.44058	-1.05091	9093	PPL
plc_01m0n2yy0fqhe7zdn5t8vst002	6692921	Leytonstone	51.56856	0.00768	54696	PPLX
plc_01m0n2yy0fqhe7zdn5tbr9101z	6693001	Benwell	54.97296	-1.66926	6500	PPL
plc_01m0n2yy0fqhe7zdn5tcgvag9h	6693007	Earl Shilton	52.57682	-1.31536	19578	PPL
plc_01m0n2yy0fqhe7zdn5td3ynvpr	6693024	Edingworth	51.27502	-2.92289	600	PPL
plc_01m0n2yy0fqhe7zdn5tef3zj0q	6693027	Lostock	53.57885	-2.50265	891	PPL
plc_01m0n2yy0fqhe7zdn5tg9b8pmr	6693100	Bay Horse	53.96867	-2.77603	2239	PPL
plc_01m0n2yy0fqhe7zdn5tgpgtdbq	6693201	Adlington	53.32042	-2.13658	1081	PPLA3
plc_01m0n2yy0fqhe7zdn5tgrx8c1b	6693203	Colden Common	50.99483	-1.31143	3419	PPL
plc_01m0n2yy0fqhe7zdn5tj18hb45	6693233	Fawkham	51.36256	0.27972	500	PPL
plc_01m0n2yy0fqhe7zdn5tnp7h4s6	6693236	Charvil	51.47573	-0.88591	3042	PPL
plc_01m0n2yy0fqhe7zdn5tpzxfxbe	6693237	Rickling Green	51.94694	0.19488	587	PPL
plc_01m0n2yy0fqhe7zdn5ts7fxv96	6693239	Essington	52.6291	-2.0577	4829	PPL
plc_01m0n2yy0fqhe7zdn5tw1cy2e9	6693242	Bordon	51.11357	-0.86245	20978	PPL
plc_01m0n2yy0fqhe7zdn5twzxakej	6693245	Knaphill	51.3201	-0.61584	8635	PPL
plc_01m0n2yy0fqhe7zdn5v0x5m6z7	6693470	Lytham St Annes	53.7426	-2.997	42695	PPL
plc_01m0n2yy0fqhe7zdn5v4v3bw70	6693491	Curdworth	52.53382	-1.73687	1115	PPL
plc_01m0n2yy0fqhe7zdn5v6mmbnzv	6693505	Scissett	53.59	-1.62369	1324	PPL
plc_01m0n2yy0fqhe7zdn5v6ns94vn	6693506	Great Broughton	54.44763	-1.15689	940	PPL
plc_01m0n2yy0fqhe7zdn5v79nkak1	6693510	Little Hallingbury	51.83324	0.18151	1352	PPL
plc_01m0n2yy0fqhe7zdn5v9fz0hzg	6693513	Kennford	50.66714	-3.53566	987	PPL
plc_01m0n2yy0fqhe7zdn5va036gbb	6693561	Henlade	51.0113	-3.0422	700	PPL
plc_01m0n2yy0fqhe7zdn5vaaxnq0x	6693608	Hoole	53.1998	-2.87689	1180	PPL
plc_01m0n2yy0fqhe7zdn5vdkmcjp5	6693612	Knowl Hill	51.50719	-0.81831	910	PPL
plc_01m0n2yy0fqhe7zdn5vdt4f2a5	6693613	Barton Mills	52.33545	0.52115	867	PPL
plc_01m0n2yy0fqhe7zdn5vhj91frw	6693626	Eight Ash Green	51.89587	0.8228	1106	PPL
plc_01m0n2yy0fqhe7zdn5vk5xv06z	6693640	Peaslake	51.19156	-0.44658	2731	PPL
plc_01m0n2yy0fqhe7zdn5vkn91ge7	6693657	Woodbury	50.67664	-3.4016	1605	PPL
plc_01m0n2yy0fqhe7zdn5vnap9nz7	6693664	Moor Row	54.51515	-3.53725	787	PPL
plc_01m0n2yy0fqhe7zdn5vqb9rwzd	6693668	Larkfield	51.30143	0.44855	7000	PPL
plc_01m0n2yy0fqhe7zdn5vrj7q855	6693717	Catcliffe	53.39316	-1.36207	1766	PPL
plc_01m0n2yy0fqhe7zdn5vvdhthxj	6693771	Hadley Wood	51.66669	-0.16981	21639	PPL
plc_01m0n2yy0fqhe7zdn5vx72epvy	6693776	Greenhill	51.58342	-0.3386	9324	PPL
plc_01m0n2yy0fqhe7zdn5vyxwvnhh	6693937	Crystal Palace	51.41934	-0.07854	12255	PPL
plc_01m0n2yy0fqhe7zdn5w14q00wf	6693989	Grappenhall	53.37204	-2.54675	9377	PPL
plc_01m0n2yy0fqhe7zdn5w29zsfka	6694080	Prenton	53.36762	-3.05479	14429	PPL
plc_01m0n2yy0fqhe7zdn5w307c2xz	6694222	Muswell Hill	51.59054	-0.14212	27992	PPL
plc_01m0n2yy0fqhe7zdn5w6k7rj8g	6694284	Silver End	51.84734	0.62399	3861	PPL
plc_01m0n2yy0fqhe7zdn5w79w1qrk	6694342	Great Marton	53.81185	-3.02261	1603	PPL
plc_01m0n2yy0fqhe7zdn5w7e6qg8e	6694788	Whiston	53.41997	-2.78907	13629	PPLA3
plc_01m0n2yy0fqhe7zdn5w9xphme9	6694830	Eaglescliffe	54.52521	-1.35043	7900	PPL
plc_01m0n2yy0fqhe7zdn5wd0n4bj0	6695204	Barnwood	51.86393	-2.20087	2500	PPL
plc_01m0n2yy0fqhe7zdn5wehesmsq	6695247	Chapel Allerton	53.82901	-1.53834	18206	PPL
plc_01m0n2yy0fqhe7zdn5wg8ndwsr	6695249	Ash	51.27883	1.27974	2767	PPL
plc_01m0n2yy0fqhe7zdn5whqeqxjk	6695270	Greenfield	52.00278	-0.46605	1831	PPL
plc_01m0n2yy0fqhe7zdn5wjf0txh7	6695618	Byram	53.72394	-1.26128	1406	PPL
plc_01m0n2yy0fqhe7zdn5wn8b3gmh	6695793	New Marske	54.57848	-1.04224	3271	PPL
plc_01m0n2yy0fqhe7zdn5wpeyv52d	6695949	Winscombe	51.3181	-2.83224	4546	PPL
plc_01m0n2yy0fqhe7zdn5wpvy09nf	6695976	Newcastle	54.21804	-5.88979	7444	PPL
plc_01m0n2yy0fqhe7zdn5wq9zmw7q	6696027	Chiseldon	51.51606	-1.73206	2090	PPLA3
plc_01m0n2yy0fqhe7zdn5wr6ckqcb	6696140	Milton of Campsie	55.9612	-4.16508	3950	PPL
plc_01m0n2yy0fqhe7zdn5wtg8fs8w	6696635	Southchurch Village	51.54049	0.72935	2000	PPL
plc_01m0n2yy0fqhe7zdn5wxn9yfn0	6696772	Darras Hall	55.0356	-1.76425	15000	PPLX
plc_01m0n2yy0fqhe7zdn5wzy92z2j	6697318	Bodle Street	50.91299	0.34332	1359	PPL
plc_01m0n2yy0fqhe7zdn5x2rvc3fk	6697375	Donnington	51.95135	-1.72142	4477	PPL
plc_01m0n2yy0fqhe7zdn5x3xpabp6	6697497	Babworth	53.31799	-0.97583	1329	PPL
plc_01m0n2yy0fqhe7zdn5x5v34khk	6698329	Appleton Thorn	53.35045	-2.54488	1324	PPL
plc_01m0n2yy0fqhe7zdn5x6t5ps4h	6698330	Guilden Sutton	53.20809	-2.82984	1467	PPLA3
plc_01m0n2yy0fqhe7zdn5x9jrww0d	6698331	Blacon	53.20832	-2.9253	13495	PPL
plc_01m0n2yy0fqhe7zdn5xa4fp2t6	6698373	Chelmsley Wood	52.4781	-1.73813	13278	PPL
plc_01m0n2yy0fqhe7zdn5xb1btjay	6900515	Donington le Heath	52.70786	-1.37844	5001	PPL
plc_01m0n2yy0fqhe7zdn5xdm0naqh	6929936	Clapham Junction	51.46358	-0.1684	8916	PPL
plc_01m0n2yy0fqhe7zdn5xh2wx20b	6930001	Pulham Market	52.4297	1.23021	722	PPLL
plc_01m0n2yy0fqhe7zdn5xn0ntn3d	6930866	Crawley Down	51.12061	-0.0773	4300	PPL
plc_01m0n2yy0fqhe7zdn5xrteb5ec	6930998	Roslin	55.85749	-3.16895	1630	PPL
plc_01m0n2yy0fqhe7zdn5xsz5ztsj	6930999	Bilston	55.8703	-3.17814	1210	PPL
plc_01m0n2yy0fqhe7zdn5xtwnhtq7	6931071	Grange-over-Sands	54.18508	-2.92488	4788	PPL
plc_01m0n2yy0fqhe7zdn5xv4chp8k	6940294	Gotherington	51.96474	-2.05496	995	PPL
plc_01m0n2yy0fqhe7zdn5xv6sk4p4	6940296	Cowplain	50.89411	-1.01824	8775	PPL
plc_01m0n2yy0fqhe7zdn5xx9x3kkj	6940297	Latton	51.65891	-1.87057	548	PPL
plc_01m0n2yy0fqhe7zdn5y0xez40f	6940298	Ruardean	51.85501	-2.55054	1849	PPL
plc_01m0n2yy0fqhe7zdn5y2xm0msv	6940518	Canford Heath	50.751	-1.96862	14418	PPLX
plc_01m0n2yy0fqhe7zdn5y5jv3nx4	6941037	High Barnet	51.65621	-0.20768	7062	PPLX
plc_01m0n2yy0fqhe7zdn5y7f6zmp1	6941039	Kensal Green	51.53068	-0.2253	14915	PPLX
plc_01m0n2yy0fqhe7zdn5y9vdf37c	6941086	Balsall Common	52.39186	-1.6504	7039	PPL
plc_01m0n2yy0fqhe7zdn5ycy8sgp3	6941089	Ingleton	54.15392	-2.46849	1772	PPL
plc_01m0n2yy0fqhe7zdn5yf7ed17y	6942331	Eton Wick	51.49722	-0.63437	2029	PPL
plc_01m0n2yy0fqhe7zdn5yh85kqma	6943072	St Mary's	49.91719	-6.29517	1666	PPLL
plc_01m0n2yy0fqhe7zdn5yk137rhg	6943698	Carnock	56.08401	-3.53906	760	PPL
plc_01m0n2yy0fqhe7zdn5yk8tw3t7	6946746	Penparcau	52.40333	-4.07417	3088	PPL
plc_01m0n2yy0fqhe7zdn5yna54ht5	6946885	Chalgrave	51.93512	-0.53633	730	PPL
plc_01m0n2yy0fqhe7zdn5yqqyemh8	6946886	Chalton	51.9279	-0.50147	538	PPLA3
plc_01m0n2yy0fqhe7zdn5yvh33ejw	6946940	Church End, Eversholt	51.98221	-0.56957	680	PPLX
plc_01m0n2yy0fqhe7zdn5yx6xrkmt	6947041	Blackheath	51.4647	0.0079	25116	PPL
plc_01m0n2yy0fqhe7zdn5yye64786	6947164	Stewartby	52.07044	-0.5149	1190	PPLA3
plc_01m0n2yy0fqhe7zdn5z20t2z3n	6947168	Kempston Hardwick	52.08956	-0.49908	20000	PPL
plc_01m0n2yy0fqhe7zdn5z3rzfce3	6947729	Bilsdale	54.37356	-1.11923	1841	PPLL
plc_01m0n2yy0fqhe7zdn5z5c2v9dn	6947750	Hameldon Hill	53.7557	-2.2919	1500	PPLX
plc_01m0n2yy0fqhe7zdn5z8vtdy00	6947756	Mendip	51.2372	-2.6266	110000	PPLX
plc_01m0n2yy0fqhe7zdn5za5ebchx	6947761	Sidlow	51.20476	-0.20447	636	PPL
plc_01m0n2yy0fqhe7zdn5zbtzr3vy	6950941	Drayton Parslow	51.94934	-0.78046	614	PPL
plc_01m0n2yy0fqhe7zdn5zekmrqc1	6950944	Dorchester on Thames	51.64714	-1.16749	992	PPL
plc_01m0n2yy0fqhe7zdn5zjchav5q	6950979	Eversley	51.35387	-0.88888	2600	PPL
plc_01m0n2yy0fqhe7zdn5zjfskb6v	6951032	Y Felinheli	53.18737	-4.20476	2284	PPL
plc_01m0n2yy0fqhe7zdn5zjtmqtgc	6951076	Harmondsworth	51.48836	-0.47757	879	PPL
plc_01m0n2yy0fqhe7zdn5zm8mbr3g	6951101	Kingston Blount	51.689	-0.932	506	PPL
plc_01m0n2yy0fqhe7zdn5zn8vjme6	6955232	St Mary's Bay	51.01003	0.9771	3028	PPL
plc_01m0n2yy0fqhe7zdn5zqc27gz2	7115300	Aylesham	51.22539	1.20157	3793	PPL
plc_01m0n2yy0fqhe7zdn5zshzfx9n	7115533	Ford End	51.82508	0.4313	685	PPL
plc_01m0n2yy0fqhe7zdn5zx9cbsac	7116367	Burpham	51.26018	-0.54432	5695	PPL
plc_01m0n2yy0fqhe7zdn5zzgymq1e	7116406	Lightwater	51.34846	-0.67147	6791	PPL
plc_01m0n2yy0fqhe7zdn602m0xcfs	7117204	Gartcosh	55.88841	-4.0817	2130	PPL
plc_01m0n2yy0fqhe7zdn605asy2kq	7280524	Kelloe	54.71894	-1.47495	1502	PPL
plc_01m0n2yy0fqhe7zdn60912t4qm	7281603	Manchester City Centre	53.48097	-2.24555	17861	PPLX
plc_01m0n2yy0fqhe7zdn60a6sz2kd	7287910	Fetcham	51.28879	-0.35582	7996	PPL
plc_01m0n2yy0fqhe7zdn60ctg0xft	7288051	Portinscale	54.60106	-3.16209	560	PPL
plc_01m0n2yy0fqhe7zdn60d548nbr	7288350	Mary Tavy	50.59435	-4.1161	840	PPL
plc_01m0n2yy0fqhe7zdn60h23e01g	7290015	Lower Earley	51.42708	-0.91979	32000	PPL
plc_01m0n2yy0fqhe7zdn60hwwahn0	7290043	Isle Of Mull	56.44703	-5.77404	2667	PPL
plc_01m0n2yy0fqhe7zdn60m3gammj	7290170	Iver Heath	51.53642	-0.5179	8065	PPL
plc_01m0n2yy0fqhe7zdn60nx7t2v4	7299713	Askham Bryan	53.92878	-1.1614	564	PPL
plc_01m0n2yy0fqhe7zdn60psqmm66	7302130	Bartley Green	52.43532	-1.99707	22670	PPL
plc_01m0n2yy0fqhe7zdn60sj6d74b	7302133	Grimethorpe	53.5765	-1.37688	4672	PPL
plc_01m0n2yy0fqhe7zdn60vgkxyk7	7302135	Abbey Wood	51.48688	0.10747	17700	PPL
plc_01m0n2yy0fqhe7zdn60ws9y2g8	7302137	West Ealing	51.51355	-0.3229	15169	PPL
plc_01m0n2yy0fqhe7zdn60y7fvtgm	7303831	Apsley	51.73641	-0.4678	2900	PPL
plc_01m0n2yy0fqhe7zdn6126gwvz4	7521859	Seer Green	51.61796	-0.60592	2200	PPL
plc_01m0n2yy0fqhe7zdn61504gd41	7535506	Golders Green	51.57631	-0.20033	18818	PPL
plc_01m0n2yy0fqhe7zdn616y3as27	7535951	Elmstead Market	51.88219	0.99482	1646	PPL
plc_01m0n2yy0fqhe7zdn619c63bk1	7644900	Danderhall	55.91434	-3.11062	2770	PPL
plc_01m0n2yy0fqhe7zdn61c7pgh7n	7670876	Odcombe	50.93396	-2.70229	759	PPL
plc_01m0n2yy0fqhe7zdn61dqqt16n	7670882	Maxey	52.65836	-0.33404	708	PPL
plc_01m0n2yy0fqhe7zdn61gjvv8kk	7670883	Parson Drove	52.6565	0.02378	828	PPL
plc_01m0n2yy0fqhe7zdn61jm1311r	7670885	Lode	52.24122	0.24438	704	PPL
plc_01m0n2yy0fqhe7zdn61mfa6cbg	7670889	Drumoak	57.07983	-2.34509	860	PPL
plc_01m0n2yy0fqhe7zdn61namy3h3	7670890	Denmead	50.90395	-1.06744	6107	PPL
plc_01m0n2yy0fqhe7zdn61r08gaaj	7732702	Nanpean	50.36884	-4.86935	2563	PPL
plc_01m0n2yy0fqhe7zdn61r9czsvh	7732703	Cross Hills	53.90606	-1.98492	11731	PPL
plc_01m0n2yy0fqhe7zdn61sya558q	7732704	Netherseal	52.7154	-1.57722	694	PPLA4
plc_01m0n2yy0fqhe7zdn61vggvkt2	7869916	Whiting Bay	55.49234	-5.09723	640	PPL
plc_01m0n2yy0fqhe7zdn61vx6cdhj	7874329	Beyton	52.234	0.82973	713	PPL
plc_01m0n2yy0fqhe7zdn61yktx4zm	7910363	Raymond's Hill	50.7624	-2.9682	768	PPL
plc_01m0n2yy0fqhe7zdn61zda9jhd	7911271	Canvey Island	51.52199	0.5809	38170	PPLA4
plc_01m0n2yy0fqhe7zdn620bxwtdq	8015341	Shotts	55.81951	-3.79749	8235	PPL
plc_01m0n2yy0fqhe7zdn623gxb3p5	8030375	North Duffield	53.82579	-0.96414	1317	PPL
plc_01m0n2yy0fqhe7zdn6277zqrkn	8063096	Earlsfield	51.4439	-0.1854	15562	PPL
plc_01m0n2yy0fqhe7zdn629bfxsas	8063560	Failand	51.43982	-2.68924	691	PPL
plc_01m0n2yy0fqhe7zdn62dbceepx	8063563	Far Forest	52.37054	-2.40093	594	PPL
plc_01m0n2yy0fqhe7zdn62esc6jy4	8063564	Callow Hill	52.35908	-2.37332	953	PPL
plc_01m0n2yy0fqhe7zdn62ja3qbbr	8063567	Llan Ffestiniog	52.95752	-3.93035	864	PPL
plc_01m0n2yy0fqhe7zdn62n1dhyqq	8063573	Knotty Ash	53.4162	-2.89646	14355	PPL
plc_01m0n2yy0fqhe7zdn62pt5vnm0	8063574	Old Swan	53.41392	-2.90889	15596	PPL
plc_01m0n2yy0fqhe7zdn62tj2b8ep	8063581	Burrelton	56.52135	-3.30147	690	PPL
plc_01m0n2yy0fqhe7zdn62y40m9rb	8063584	Guardbridge	56.36575	-2.88795	660	PPL
plc_01m0n2yy0fqhe7zdn62zw7294w	8063585	Camelon	56.00302	-3.82072	4508	PPL
plc_01m0n2yy0fqhe7zdn633ftn7at	8063602	Eastriggs	54.98597	-3.18051	1850	PPL
plc_01m0n2yy0fqhe7zdn6374y2z1s	8063654	Hopwas	52.64204	-1.74154	647	PPL
plc_01m0n2yy0fqhe7zdn639gqbngq	8063659	Cotton End	52.0956	-0.41741	838	PPL
plc_01m0n2yy0fqhe7zdn63a4a80wk	8063669	Westergate	50.83988	-0.67123	9783	PPL
plc_01m0n2yy0fqhe7zdn63dby3f8r	8063681	Upstreet	51.32547	1.19407	607	PPL
plc_01m0n2yy0fqhe7zdn63g2wkgt3	8128721	Peacehaven	50.7927	-0.00652	18579	PPL
plc_01m0n2yy0fqhe7zdn63hm5506d	8129271	Dudswell	51.77735	-0.60112	590	PPLL
plc_01m0n2yy0fqhe7zdn63mn8n3zx	8129272	St Mary Bourne	51.25419	-1.40325	671	PPL
plc_01m0n2yy0fqhe7zdn63myvxrxm	8131591	North Baddesley	50.97745	-1.44547	6823	PPL
plc_01m0n2yy0fqhe7zdn63mzkdhef	8199609	Bedlinog	51.70432	-3.31306	1112	PPL
plc_01m0n2yy0fqhe7zdn63nb48kjf	8224200	Bontnewydd	53.11623	-4.26827	951	PPL
plc_01m0n2yy0fqhe7zdn63s5sb4hm	8224207	Appleby-in-Westmorland	54.57704	-2.48978	3048	PPL
plc_01m0n2yy0fqhe7zdn63vkynz9q	8224208	Hogsthorpe	53.22587	0.29869	908	PPL
plc_01m0n2yy0fqhe7zdn63wz7eg84	8224209	Bracebridge Heath	53.19647	-0.53421	5656	PPL
plc_01m0n2yy0fqhe7zdn63wzcqhe4	8224210	Glapwell	53.18917	-1.28334	2202	PPL
plc_01m0n2yy0fqhe7zdn63zd9bcgw	8224212	Wickhamford	52.07217	-1.90141	747	PPL
plc_01m0n2yy0fqhe7zdn640mcpqe6	8224214	Asfordby	52.76331	-0.95856	2446	PPL
plc_01m0n2yy0fqhe7zdn641exe0w1	8224216	Letchworth Garden City	51.97938	-0.22664	33990	PPL
plc_01m0n2yy0fqhe7zdn642pwn3xe	8224217	Winterbourne Abbas	50.71369	-2.54419	652	PPL
plc_01m0n2yy0fqhe7zdn644x1fqf3	8224279	Pevensey Bay	50.81242	0.34864	2864	PPL
plc_01m0n2yy0fqhe7zdn647h9yyyy	8224580	Peckham	51.47403	-0.06969	71552	PPLX
plc_01m0n2yy0fqhe7zdn647me2c1c	8224780	Cradley Heath	52.47214	-2.08212	5001	PPL
plc_01m0n2yy0fqhe7zdn64agtbka0	8224782	Shirley	52.41074	-1.81952	32000	PPLX
plc_01m0n2yy0fqhe7zdn64eg68yrw	8224783	Stanley	54.86796	-1.69846	31300	PPL
plc_01m0n2yy0fqhe7zdn64f2719n2	8224784	Stockton Heath	53.37084	-2.57406	6396	PPLA3
plc_01m0n2yy0fqhe7zdn64gb6bxcg	8224785	Waterloo	53.47454	-3.03017	1001	PPLX
plc_01m0n2yy0fqhe7zdn64hm3c25b	8260052	Pontyclun	51.52162	-3.39145	5794	PPL
plc_01m0n2yy0fqhe7zdn64nenw3zv	8260056	Pentre	51.65429	-3.49133	5424	PPL
plc_01m0n2yy0fqhe7zdn64pyfx2k2	8260059	Catterick Garrison	54.37748	-1.72232	11804	PPLX
plc_01m0n2yy0fqhe7zdn64qw73xfm	8260197	Maple Cross	51.625	-0.508	2600	PPL
plc_01m0n2yy0fqhe7zdn64sce2bm3	8299274	Hastingwood	51.7476	0.15115	700	PPL
plc_01m0n2yy0fqhe7zdn64tr9c1sp	8299614	Rossendale	53.68456	-2.2769	67400	PPLL
plc_01m0n2yy0fqhe7zdn64wj71fqr	8299615	Thornton-Cleveleys	53.87389	-3.02244	31157	PPLL
plc_01m0n2yy0fqhe7zdn64wrpcbn0	8299616	Deeside	53.20053	-3.03841	32000	PPLL
plc_01m0n2yy0fqhe7zdn64y5s76j4	8299617	High Peak	53.36797	-1.84536	92666	PPLL
plc_01m0n2yy0fqhe7zdn64ynaxyxn	8299618	Romney Marsh	51.02299	0.91504	2279	PPLL
plc_01m0n2yy0fqhe7zdn64yxawakk	8299619	Hayling Island	50.7838	-0.96869	16887	PPLL
plc_01m0n2yy0fqhe7zdn6512cmy87	8299620	Isle of Lewis	58.21901	-6.38803	18500	PPLL
plc_01m0n2yy0fqhe7zdn65288cv0e	8299622	Isle of Bute	55.83663	-5.05586	7228	PPLL
plc_01m0n2yy0fqhe7zdn655sx2ntk	8299833	Hope Valley	53.34819	-1.74485	1001	PPLL
plc_01m0n2yy0fqhe7zdn658ezkv2h	8299836	Isle of Arran	55.58145	-5.21233	5058	PPLL
plc_01m0n2yy0fqhe7zdn65am0vx1p	8299837	Llangadog	51.93807	-3.88289	650	PPLL
plc_01m0n2yy0fqhe7zdn65c5ra0ef	8299845	Riding Mill	54.94866	-1.97316	966	PPL
plc_01m0n2yy0fqhe7zdn65f5qmjyg	8299847	Stoke-sub-Hamdon	50.95397	-2.74971	2004	PPL
plc_01m0n2yy0fqhe7zdn65grbbss9	8299848	Tintagel	50.66317	-4.75047	1028	PPL
plc_01m0n2yy0fqhe7zdn65m26g5zk	8299849	Isle of North Uist	57.60581	-7.34024	1271	PPLL
plc_01m0n2yy0fqhe7zdn65mhjg04q	8299850	Isle of South Uist	57.24562	-7.33337	1818	PPLL
plc_01m0n2yy0fqhe7zdn65q1ajd7k	8299851	Menstrie	56.15138	-3.85466	2870	PPL
plc_01m0n2yy0fqhe7zdn65s8b4zks	8299852	Isle of Cumbrae	55.76933	-4.91913	1434	PPLL
plc_01m0n2yy0fqhe7zdn65scav2mc	8299858	Isles of Scilly	49.92515	-6.29894	2224	PPLL
plc_01m0n2yy0fqhe7zdn65se1jjq0	8299860	Rosewell	55.85075	-3.13625	2020	PPL
plc_01m0n2yy0fqhe7zdn65sjgxr42	8299861	Kirkby-in-Furness	54.23243	-3.18741	554	PPL
plc_01m0n2yy0fqhe7zdn65tk21na0	8299862	Isle of Islay	55.78526	-6.23886	3457	PPLL
plc_01m0n2yy0fqhe7zdn65tkhwcwf	8299864	Dyffryn Ardudwy	52.77748	-4.06468	1654	PPLL
plc_01m0n2yy0fqhe7zdn65wnks7ws	8299865	Merriott	50.91275	-2.79538	1979	PPL
plc_01m0n2yy0fqhe7zdn65ys1a4yf	8299866	Barra	56.98035	-7.45731	1078	PPLL
plc_01m0n2yy0fqhe7zdn66144grmh	8299868	Benbecula	57.44737	-7.34273	1219	PPLL
plc_01m0n2yy0fqhe7zdn661ygwhxb	8299870	Penysarn	53.38978	-4.31698	595	PPL
plc_01m0n2yy0fqhe7zdn664tmdsqg	8315400	Holloway	51.55237	-0.12497	41329	PPLX
plc_01m0n2yy0fqhe7zdn665z0g2vg	8335472	Dwyran	53.16723	-4.32188	603	PPL
plc_01m0n2yy0fqhe7zdn667rsh97a	8426371	Symbister	60.34194	-1.02461	797	PPL
plc_01m0n2yy0fqhe7zdn6692vj1wz	8449353	Ballintoy Harbour	55.24422	-6.36919	2103	PPL
plc_01m0n2yy0fqhe7zdn66byv5h6k	8449935	Penyffordd	53.14829	-3.04584	3554	PPL
plc_01m0n2yy0fqhe7zdn66erw4g4n	8468720	Water Eaton	51.98697	-0.72188	8412	PPLL
plc_01m0n2yy0fqhe7zdn66fc19arz	8581563	Burwash Common	50.98502	0.34092	782	PPLL
plc_01m0n2yy0fqhe7zdn66g03e43c	8581595	Harringay	51.5824	-0.09956	16500	PPL
plc_01m0n2yy0fqhe7zdn66g4ym9yb	8593756	Sonning Common	51.51873	-0.97753	4821	PPL
plc_01m0n2yy0fqhe7zdn66gz6fk0y	8604543	Rhiwbina	51.52792	-3.2141	11369	PPLL
plc_01m0n2yy0fqhe7zdn66knr68d4	8604716	Osterley	51.48026	-0.35401	13031	PPL
plc_01m0n2yy0fqhe7zdn66qddq9ds	8714312	Four Lanes	50.20163	-5.24014	1416	PPL
plc_01m0n2yy0fqhe7zdn66tz8y4y7	8714331	Mynytho	52.8512	-4.51658	536	PPL
plc_01m0n2yy0fqhe7zdn66yfky83h	8739669	Dalgety Bay	56.03496	-3.35049	9810	PPL
plc_01m0n2yy0fqhe7zdn66znsnhgk	8740024	Tweedbank	55.60449	-2.76692	2100	PPL
plc_01m0n2yy0fqhe7zdn671d18mq9	8741036	Charlton	51.485	0.04032	14385	PPL
plc_01m0n2yy0fqhe7zdn6724gnrma	9072588	Abridge	51.6495	0.12033	1613	PPL
plc_01m0n2yy0fqhe7zdn6752yc2f4	9166460	Gorran Haven	50.24141	-4.79025	893	PPL
plc_01m0n2yy0fqhe7zdn675ebmhrr	9166738	Lower Broadheath	52.21379	-2.27724	1406	PPL
plc_01m0n2yy0fqhe7zdn675v7d9f3	9199785	Hanley Swan	52.08373	-2.27383	627	PPL
plc_01m0n2yy0fqhe7zdn676d4yygx	9258769	Apperley	51.95278	-2.20181	550	PPL
plc_01m0n2yy0fqhe7zdn679esx1pr	9260854	Chopwell	54.91797	-1.82013	3096	PPL
plc_01m0n2yy0fqhe7zdn67cey2pxn	9389147	Hinton	52.16798	-1.21837	3493	PPL
plc_01m0n2yy0fqhe7zdn67dq11n1g	9409226	Cambourne	52.22115	-0.07025	8186	PPL
plc_01m0n2yy0fqhe7zdn67hnwmhcz	9409273	Norbiton	51.41187	-0.28423	10107	PPL
plc_01m0n2yy0fqhe7zdn67kqdeme7	9409475	Ponsanooth	50.19891	-5.14358	967	PPL
plc_01m0n2yy0fqhe7zdn67ktkyd6k	9429265	Great Corby	54.88169	-2.82452	2157	PPL
plc_01m0n2yy0fqhe7zdn67me80kdq	9429958	Backbarrow	54.2555	-2.9882	512	PPL
plc_01m0n2yy0fqhe7zdn67q6d62cz	9538911	Mount Hawke	50.28229	-5.20855	1511	PPL
plc_01m0n2yy0fqhe7zdn67qzgp3r8	9538917	North Country	50.24984	-5.237	773	PPL
plc_01m0n2yy0fqhe7zdn67t73gp2w	9538947	Anna Valley	51.19317	-1.50719	2893	PPL
plc_01m0n2yy0fqhe7zdn67v4xka82	9538949	Tickenham	51.44312	-2.80268	585	PPL
plc_01m0n2yy0fqhe7zdn67z4g0bjr	9538955	Frieth	51.6052	-0.85191	571	PPL
plc_01m0n2yy0fqhe7zdn67zc1zz2y	9613008	Hampton Wick	51.42002	-0.31504	10221	PPL
plc_01m0n2yy0fqhe7zdn680kw6fex	9730993	Lee	51.45556	0.00515	14573	PPL
plc_01m0n2yy0fqhe7zdn683y4ad13	9884034	Bishopsworth	51.41479	-2.6208	11576	PPLX
plc_01m0n2yy0fqhe7zdn68778bh0g	9884102	Rushmoor	51.15833	-0.75222	886	PPL
plc_01m0n2yy0fqhe7zdn687ngm1ma	9884148	Hoveton	52.7149	1.41054	3089	PPL
plc_01m0n2yy0fqhe7zdn68bfbb1jc	9884606	Surlingham	52.60706	1.42007	542	PPLA4
plc_01m0n2yy0fqhe7zdn68d2tn9g0	10103877	Grantchester	52.18093	0.09072	540	PPLA4
plc_01m0n2yy0fqhe7zdn68gpvwx9d	10103963	Deiniolen	53.14819	-4.13185	1379	PPL
plc_01m0n2yy0fqhe7zdn68hbgv0jm	10104025	Westhumble	51.25464	-0.33517	649	PPL
plc_01m0n2yy0fqhe7zdn68hrmk10z	10104026	Headley	51.2806	-0.27698	774	PPLA4
plc_01m0n2yy0fqhe7zdn68krg32xm	10104031	Burgh Heath	51.30599	-0.22166	1884	PPLX
plc_01m0n2yy0fqhe7zdn68na1kzp4	10104034	Belmont	51.34324	-0.20003	10048	PPLX
plc_01m0n2yy0fqhe7zdn68qz0zdqr	10104043	Mayford	51.29558	-0.57451	1778	PPL
plc_01m0n2yy0fqhe7zdn68v7xct1q	10104047	Old Woking	51.30215	-0.54163	3192	PPLX
plc_01m0n2yy0fqhe7zdn68xrekx7h	10104050	Frimley Green	51.30599	-0.73308	5717	PPL
plc_01m0n2yy0fqhe7zdn690x8bthh	10104055	Sheerwater	51.33581	-0.53438	3603	PPL
plc_01m0n2yy0fqhe7zdn693780e67	10104834	Dickens Heath	52.38568	-1.83935	3992	PPLA3
plc_01m0n2yy0fqhe7zdn694feb0en	10104836	Earlswood	52.36575	-1.83291	961	PPL
plc_01m0n2yy0fqhe7zdn69647fy60	10104871	Five Oak Green	51.18338	0.35517	1540	PPL
plc_01m0n2yy0fqhe7zdn6998xy02w	10104878	Highams Park	51.60768	-0.00579	11355	PPLX
plc_01m0n2yy0fqhe7zdn69d4nkefh	10109424	Bescar	53.613	-2.9282	571	PPLX
plc_01m0n2yy0fqhe7zdn69fm8kmax	10109483	Upper Hartfield	51.09325	0.09077	985	PPL
plc_01m0n2yy0fqhe7zdn69k15375e	10109485	Town Row	51.05302	0.23217	1842	PPLX
plc_01m0n2yy0fqhe7zdn69ntad2h3	10171166	Ynysybwl	51.63922	-3.36036	3503	PPL
plc_01m0n2yy0fqhe7zdn69pdpa8ec	10171168	Wormley	51.13622	-0.64673	1770	PPL
plc_01m0n2yy0fqhe7zdn69sfwbvvs	10171170	Windygates	56.19546	-3.05274	1890	PPL
plc_01m0n2yy0fqhe7zdn69wwvmw0x	10171178	Swarthmoor	54.18466	-3.11707	1076	PPL
plc_01m0n2yy0fqhe7zdn69xdsd2j2	10171181	Stainton	54.64548	-2.801	770	PPL
plc_01m0n2yy0fqhe7zdn6a0rerqd2	10244162	Alfold Crossways	51.10781	-0.51494	671	PPL
plc_01m0n2yy0fqhe7zdn6a4gk6609	10244169	Barns Green	51.03335	-0.39619	982	PPL
plc_01m0n2yy0fqhe7zdn6a893282s	10244559	Croxteth	53.45116	-2.90425	14432	PPLX
plc_01m0n2yy0fqhe7zdn6aabqz266	10244562	Gillmoss	53.46107	-2.89455	2320	PPLX
plc_01m0n2yy0fqhe7zdn6aaf6a9wv	10245175	Talysarn	53.05365	-4.25767	1086	PPL
plc_01m0n2yy0fqhe7zdn6abcv571r	10246487	Carronshore	56.03146	-3.7829	3040	PPL
plc_01m0n2yy0fqhe7zdn6adckq21q	10246613	West Kingsdown	51.34281	0.26127	5484	PPL
plc_01m0n2yy0fqhe7zdn6af2kqyt0	10247756	Lower Stoke	51.45288	0.63489	766	PPL
plc_01m0n2yy0fqhe7zdn6afh64xn9	10274577	Sharow	54.14112	-1.50517	556	PPL
plc_01m0n2yy0fqhe7zdn6ahx6gh47	10277932	Bellsbank	55.3131	-4.39869	1350	PPL
plc_01m0n2yy0fqhe7zdn6ajd0hnqb	10278190	Rusthall	51.13643	0.22931	4976	PPL
plc_01m0n2yy0fqhe7zdn6anrv7e9t	10345356	Logan	55.45466	-4.23514	1220	PPL
plc_01m0n2yy0fqhe7zdn6ardhjf68	10345364	Headstone	51.59279	-0.34495	14900	PPL
plc_01m0n2yy0fqhe7zdn6aveyt57j	10345366	East Rainton	54.82513	-1.48036	1213	PPL
plc_01m0n2yy0fqhe7zdn6axmk1aej	10376294	Capel le Ferne	51.10339	1.21165	1386	PPL
plc_01m0n2yy0fqhe7zdn6b1c1q753	10376313	Wood Street Village	51.25098	-0.63695	1619	PPL
plc_01m0n2yy0fqhe7zdn6b32h676y	10376314	Fairlands	51.26178	-0.62141	1412	PPL
plc_01m0n2yy0fqhe7zdn6b3zja0pf	10376993	Wolvercote	51.78406	-1.29338	1154	PPLX
plc_01m0n2yy0fqhe7zdn6b5fsxmjp	10377009	Stratton	51.73394	-1.97968	2570	PPL
plc_01m0n2yy0fqhe7zdn6b5g9nnvk	10377070	Twigworth	51.90059	-2.22271	728	PPL
plc_01m0n2yy0fqhe7zdn6b62ks0m8	10377347	Wimbotsham	52.61962	0.38864	664	PPL
plc_01m0n2yy0fqhe7zdn6b838w380	10400828	Gronant	53.33669	-3.36031	1258	PPL
plc_01m0n2yy0fqhe7zdn6b8xs30c4	10793747	Shortlands	51.39914	0.0044	9303	PPL
plc_01m0n2yy0fqhe7zdn6bacth77b	11000575	Brookenby	53.44109	-0.19295	665	PPL
plc_01m0n2yy0fqhe7zdn6bdn48j1j	11001688	Hockley Heath	52.35294	-1.77816	1604	PPL
plc_01m0n2yy0fqhe7zdn6be9e7bsn	11001762	St Just	50.12379	-5.68065	1957	PPL
plc_01m0n2yy0fqhe7zdn6bg4bdz2g	11001770	Fleckney	52.53497	-1.04598	4894	PPL
plc_01m0n2yy0fqhe7zdn6bgx381fw	11071970	Compton	51.21223	-0.78325	3120	PPLX
plc_01m0n2yy0fqhe7zdn6bh645b1f	11072643	Ickford	51.76147	-1.06104	680	PPL
plc_01m0n2yy0fqhe7zdn6bm8t2n8k	11072646	Aston-on-Trent	52.86172	-1.38642	2160	PPL
plc_01m0n2yy0fqhe7zdn6bp432w6g	11153048	Ravenshead	53.0865	-1.16026	5759	PPL
plc_01m0n2yy0fqhe7zdn6bpvxvbfv	11153068	Flimwell	51.05502	0.44531	1100	PPL
plc_01m0n2yy0fqhe7zdn6bt5ad4fk	11153730	Houghton	52.33282	-0.12068	1391	PPL
plc_01m0n2yy0fqhe7zdn6bxf6kr3b	11184861	Bulphan	51.54612	0.36066	1032	PPL
plc_01m0n2yy0fqhe7zdn6by4826wz	11186140	Upper Gravenhurst	52.0114	-0.37851	595	PPL
plc_01m0n2yy0fqhe7zdn6bzqqxcyd	11203943	Holywell Green	53.67406	-1.86682	3178	PPL
plc_01m0n2yy0fqhe7zdn6bzv7n8y2	11238357	Keyworth	52.87122	-1.08991	6733	PPL
plc_01m0n2yy0fqhe7zdn6c07s1dr3	11239661	Cockington	50.46335	-3.55691	10000	PPL
plc_01m0n2yy0fqhe7zdn6c1xs6ej8	11240121	Culloden	57.48699	-4.1415	4240	PPL
plc_01m0n2yy0fqhe7zdn6c2d075jg	11281273	Greasby	53.373	-3.1233	9830	PPL
plc_01m0n2yy0fqhe7zdn6c38p08y5	11524011	Aylburton	51.71506	-2.55312	711	PPLA4
plc_01m0n2yy0fqhe7zdn6c58tb2wa	11548423	Bowburn	54.7385	-1.52521	3884	PPL
plc_01m0n2yy0fqhe7zdn6c7hy0hm6	11549264	Walton	53.22284	-1.46084	2500	PPLX
plc_01m0n2yy0fqhe7zdn6c9g67eh3	11549407	Canning Town	51.51363	0.01948	42667	PPL
plc_01m0n2yy0fqhe7zdn6cdb353fc	11549414	Netherley	53.3908	-2.83937	8068	PPL
plc_01m0n2yy0fqhe7zdn6cgb97za3	11549421	Welham Green	51.7346	-0.22084	3000	PPL
plc_01m0n2yy0fqhe7zdn6ck9ks5t7	11549422	Great Haywood	52.80785	-2.00024	1844	PPL
plc_01m0n2yy0fqhe7zdn6cm0asd2f	11550602	Bedmond	51.72089	-0.4107	680	PPL
plc_01m0n2yy0fqhe7zdn6cnkmq37s	11550772	Manor Park	51.54932	0.04867	15318	PPL
plc_01m0n2yy0fqhe7zdn6cqjh9362	11550848	Hyde Heath	51.69336	-0.65437	1047	PPL
plc_01m0n2yy0fqhe7zdn6cs487r78	11550849	Chesham Bois	51.70842	-0.61425	3000	PPL
plc_01m0n2yy0fqhe7zdn6cshykb59	11550898	Mossley Hill	53.37701	-2.91258	12041	PPL
plc_01m0n2yy0fqhe7zdn6ctze4znt	11550900	Allerton	53.36697	-2.894	15540	PPL
plc_01m0n2yy0fqhe7zdn6cv4r3dxy	11550905	Groby	52.65915	-1.22356	6796	PPL
plc_01m0n2yy0fqhe7zdn6cw7egvgk	11550906	Ratby	52.64989	-1.24137	4468	PPL
plc_01m0n2yy0fqhe7zdn6cy7dqt4x	11550915	Tal-y-bont	52.77471	-4.09224	1540	PPL
plc_01m0n2yy0fqhe7zdn6d0sneb6d	11550994	Stakeford	55.1611	-1.57529	9636	PPL
plc_01m0n2yy0fqhe7zdn6d116hw30	11551009	Chadderton	53.5448	-2.13984	37602	PPL
plc_01m0n2yy0fqhe7zdn6d4stj00h	11551012	Linwood	55.84834	-4.49337	8590	PPL
plc_01m0n2yy0fqhe7zdn6d54kpk7a	11551039	Thamesmead	51.50372	0.11982	31824	PPL
plc_01m0n2yy0fqhe7zdn6d68n4jed	11551040	Brockley	51.46369	-0.03652	17156	PPL
plc_01m0n2yy0fqhe7zdn6da3d86e7	11551041	Ladywell	51.45452	-0.02227	14515	PPL
plc_01m0n2yy0fqhe7zdn6dcs9qb6b	11551042	Crofton Park	51.45147	-0.03438	14937	PPL
plc_01m0n2yy0fqhe7zdn6dg9xvsq3	11551048	Portswood	50.92722	-1.39029	14831	PPL
plc_01m0n2yy0fqhe7zdn6dh541c4b	11551053	East Sheen	51.46291	-0.26844	10348	PPL
plc_01m0n2yy0fqhe7zdn6dmxgwfq5	11551058	Mortlake	51.46945	-0.26749	10919	PPL
plc_01m0n2yy0fqhe7zdn6dqpnhjj7	11551146	Coven	52.65587	-2.1353	2694	PPL
plc_01m0n2yy0fqhe7zdn6dss0jrxk	11592022	Cargenbridge	55.05569	-3.64171	610	PPL
plc_01m0n2yy0fqhe7zdn6dwq7zn2m	11592023	Kinnesswood	56.21188	-3.32847	500	PPL
plc_01m0n2yy0fqhe7zdn6dy82ab32	11592024	Winchburgh	55.95795	-3.46464	2500	PPL
plc_01m0n2yy0fqhe7zdn6dydmh4jj	11592106	Addiebrownhill	55.84289	-3.61667	1470	PPL
plc_01m0n2yy0fqhe7zdn6dzgx6q7g	11592107	Ashgill	55.73119	-3.93019	1460	PPL
plc_01m0n2yy0fqhe7zdn6e2kbqg0p	11592108	Balloch	57.49194	-4.11713	1440	PPL
plc_01m0n2yy0fqhe7zdn6e6jrw3n2	11592109	Banknock	55.98967	-3.95611	2370	PPL
plc_01m0n2yy0fqhe7zdn6e7twpjxz	11592110	Bargeddie	55.85366	-4.07846	2670	PPL
plc_01m0n2yy0fqhe7zdn6eahqsyz2	11592111	Blantyre	55.79634	-4.09485	17090	PPL
plc_01m0n2yy0fqhe7zdn6edc8g73k	11592112	Brightons	55.98028	-3.71613	4700	PPL
plc_01m0n2yy0fqhe7zdn6ee79xm3q	11592113	Comrie	56.0853	-3.57712	850	PPL
plc_01m0n2yy0fqhe7zdn6egge5qat	11592114	Coalsnaughton	56.14053	-3.73604	850	PPL
plc_01m0n2yy0fqhe7zdn6ej40mkzq	11592115	Head of Muir	56.00623	-3.91358	1710	PPL
plc_01m0n2yy0fqhe7zdn6ek2jj2y2	11592116	Allanton	55.79945	-3.83492	1180	PPL
plc_01m0n2yy0fqhe7zdn6emzaq6he	11592117	Auchinloch	55.90992	-4.14817	750	PPL
plc_01m0n2yy0fqhe7zdn6ensrhq57	11592118	Calderbank	55.84318	-3.9707	1610	PPL
plc_01m0n2yy0fqhe7zdn6erkjf0b0	11592119	Blackridge	55.88523	-3.77479	1950	PPL
plc_01m0n2yy0fqhe7zdn6etg46wvv	11592120	Bridgend	55.96366	-3.53592	760	PPL
plc_01m0n2yy0fqhe7zdn6exzpbvck	11592121	Murthly	56.52913	-3.467	510	PPL
plc_01m0n2yy0fqhe7zdn6ezxx2v3z	11592122	Brookfield	55.84634	-4.53422	570	PPL
plc_01m0n2yy0fqhe7zdn6f0msfsf5	11592123	Salsburgh	55.84277	-3.87264	1540	PPL
plc_01m0n2yy0fqhe7zdn6f3wq7v25	11592124	California	55.96715	-3.7496	830	PPL
plc_01m0n2yy0fqhe7zdn6f4txfzp1	11592125	Carstairs Junction	55.687	-3.663	780	PPL
plc_01m0n2yy0fqhe7zdn6f8j2z1tf	11592126	Coaltown of Wemyss	56.15114	-3.08922	610	PPL
plc_01m0n2yy0fqhe7zdn6fa4nhwjx	11592127	Croy	55.96064	-4.03932	1390	PPL
plc_01m0n2yy0fqhe7zdn6fbkcek5n	11592136	Drongan	55.43498	-4.45551	3170	PPL
plc_01m0n2yy0fqhe7zdn6fd7e4504	11592138	Cruden Bay	57.41797	-1.85313	1670	PPL
plc_01m0n2yy0fqhe7zdn6fgth8ev2	11592141	Dechmont	55.92091	-3.53567	690	PPL
plc_01m0n2yy0fqhe7zdn6fkh992b3	11592143	Dunbeg	56.44489	-5.44141	610	PPL
plc_01m0n2yy0fqhe7zdn6fmhppjkc	11592146	Elphinstone	55.92257	-2.96755	540	PPL
plc_01m0n2yy0fqhe7zdn6fnk6a7gp	11592149	Fallin	56.10479	-3.87616	2850	PPL
plc_01m0n2yy0fqhe7zdn6frwpxc5r	11592151	Longridge	55.84465	-3.67845	860	PPL
plc_01m0n2yy0fqhe7zdn6ft7ze5tm	11592152	Glenmavis	55.88913	-3.98726	2290	PPL
plc_01m0n2yy0fqhe7zdn6fv864kda	11592154	Gauldry	56.40469	-3.0106	660	PPL
plc_01m0n2yy0fqhe7zdn6fwkrh8nd	11592165	Hallglen	55.98573	-3.78535	3200	PPL
plc_01m0n2yy0fqhe7zdn6g0c49d9j	11592167	Hillhead	55.44744	-4.49358	630	PPL
plc_01m0n2yy0fqhe7zdn6g3xy94cs	11592169	Kingswells	57.15798	-2.22426	4750	PPL
plc_01m0n2yy0fqhe7zdn6g4jmjv0r	11592171	Kingseat	57.26194	-2.15924	750	PPL
plc_01m0n2yy0fqhe7zdn6g8hh04p3	11592183	Milton of Leys	57.45125	-4.17592	1740	PPL
plc_01m0n2yy0fqhe7zdn6g9ry7hq6	11592192	Mosstodloch	57.62535	-3.12196	990	PPL
plc_01m0n2yy0fqhe7zdn6gcgc2apb	11592195	Mossblown	55.48941	-4.52787	2090	PPL
plc_01m0n2yy0fqhe7zdn6gcsnyg53	11592200	Plains	55.88044	-3.92349	2740	PPL
plc_01m0n2yy0fqhe7zdn6gez291kb	11592205	Queenzieburn	55.97301	-4.09138	520	PPL
plc_01m0n2yy0fqhe7zdn6gjff3zxj	11592206	Potterton	57.23118	-2.09114	920	PPL
plc_01m0n2yy0fqhe7zdn6gmz0pjfd	11592207	Quarrier's Village	55.86638	-4.62267	750	PPL
plc_01m0n2yy0fqhe7zdn6gqvnjdkn	11592208	Ratho Station	55.9367	-3.3889	1270	PPL
plc_01m0n2yy0fqhe7zdn6gv1kv864	11592211	Seafield	55.87791	-3.58781	1330	PPL
plc_01m0n2yy0fqhe7zdn6gwmf1k04	11592213	Thorntonhall	55.7687	-4.2463	610	PPL
plc_01m0n2yy0fqhe7zdn6gxwz30s3	11592214	Stoneyburn	55.84371	-3.63862	1970	PPL
plc_01m0n2yy0fqhe7zdn6gy2kbpnf	11592216	Twechar	55.95415	-4.08219	1160	PPL
plc_01m0n2yy0fqhe7zdn6gy5bhzq8	11592217	Waterfoot	55.76938	-4.28372	1260	PPL
plc_01m0n2yy0fqhe7zdn6h1wxkzh9	11592219	Tullibody	56.13364	-3.83835	8710	PPL
plc_01m0n2yy0fqhe7zdn6h46vt0hh	11592272	Vale of Leven	55.97132	-4.57928	24640	PPL
plc_01m0n2yy0fqhe7zdn6h5fpz92y	11592273	Wellbank	56.52418	-2.86018	600	PPL
plc_01m0n2yy0fqhe7zdn6h7zh21eh	11592274	West Barns	55.9938	-2.55346	680	PPL
plc_01m0n2yy0fqhe7zdn6h8v1bgn0	11592275	Whitecraig	55.91937	-3.04231	1200	PPL
plc_01m0n2yy0fqhe7zdn6havzrsyz	11592276	Whitecross	55.97349	-3.65935	780	PPL
plc_01m0n2yy0fqhe7zdn6hcmv08n9	11592277	Dennyloanhead	55.99886	-3.91306	1530	PPL
plc_01m0n2yy0fqhe7zdn6hg52ewww	11592278	Maryburgh	57.5742	-4.44178	1180	PPL
plc_01m0n2yy0fqhe7zdn6hhw19g6n	11592279	East Whitburn	55.86855	-3.66295	1240	PPL
plc_01m0n2yy0fqhe7zdn6hmd6rmpk	11592280	Faifley	55.92853	-4.38509	5030	PPL
plc_01m0n2yy0fqhe7zdn6hqb2j4em	11592281	Glenochil Village	56.14077	-3.81432	820	PPL
plc_01m0n2yy0fqhe7zdn6htpa6fz3	11592282	High Bonnybridge	55.99296	-3.87633	620	PPL
plc_01m0n2yy0fqhe7zdn6hyb2dy5t	11592283	Laurieston	55.99562	-3.74801	2670	PPL
plc_01m0n2yy0fqhe7zdn6j0r65wxh	11592284	Lenzie	55.92762	-4.15399	8580	PPL
plc_01m0n2yy0fqhe7zdn6j34vdk54	11592285	Maddiston	55.97365	-3.699	3190	PPL
plc_01m0n2yy0fqhe7zdn6j3e5xn67	11592286	Mayfield	55.87172	-3.03875	13690	PPL
plc_01m0n2yy0fqhe7zdn6j4mbg1m6	11592287	Milton	55.93658	-4.51907	530	PPL
plc_01m0n2yy0fqhe7zdn6j8dpwv6n	11592288	New Stevenston	55.81669	-3.97357	5450	PPL
plc_01m0n2yy0fqhe7zdn6j9218sa7	11592289	Polbeth	55.86072	-3.54901	2350	PPL
plc_01m0n2yy0fqhe7zdn6jb1k5pp3	11592290	Redding	55.98861	-3.7323	2540	PPL
plc_01m0n2yy0fqhe7zdn6jdf24r7z	11592291	Reddingmuirhead	55.98026	-3.74853	1580	PPL
plc_01m0n2yy0fqhe7zdn6jdhhj79r	11592292	Rumford	55.97579	-3.71201	840	PPL
plc_01m0n2yy0fqhe7zdn6jgmrave5	11592293	Wallacestone	55.97721	-3.73368	680	PPL
plc_01m0n2yy0fqhe7zdn6jkhc8gfj	11592294	Stenhousemuir	56.02676	-3.81462	9620	PPL
plc_01m0n2yy0fqhe7zdn6jmee9pkc	11592295	Thornliebank	55.80454	-4.31746	4190	PPL
plc_01m0n2yy0fqhe7zdn6jqvj39n3	11592296	Viewpark	55.82737	-4.0573	16020	PPL
plc_01m0n2yy0fqhe7zdn6js0928vd	11592297	Westhill	57.47323	-4.14893	5410	PPL
plc_01m0n2yy0fqhe7zdn6jt3x61z0	11592298	Westquarter	55.99142	-3.74016	1150	PPL
plc_01m0n2yy0fqhe7zdn6jv9e0svb	11592426	Netherlee	55.80157	-4.27325	4550	PPLX
plc_01m0n2yy0fqhe7zdn6jxderc0n	11592439	Greenhill	55.99204	-3.89096	2410	PPLX
plc_01m0n2yy0fqhe7zdn6k1c1g01m	11592440	Coaltown of Balgonie	56.18474	-3.12578	1040	PPLX
plc_01m0n2yy0fqhe7zdn6k2x688vg	11592441	Maxwellheugh	55.59253	-2.42871	1160	PPLX
plc_01m0n2yy0fqhe7zdn6k5qdsy9y	11592450	Torrance	55.93995	-4.21025	2370	PPL
plc_01m0n2yy0fqhe7zdn6k8hbcfas	11592451	Shieldhill	55.97277	-3.76788	2470	PPL
plc_01m0n2yy0fqhe7zdn6kc98psv3	11592452	Kirkfieldbank	55.67502	-3.80492	940	PPL
plc_01m0n2yy0fqhe7zdn6kecwwe55	11592608	Chrishall	52.03438	0.10647	555	PPL
plc_01m0n2yy0fqhe7zdn6kesz03rp	11592722	Grayshott	51.11131	-0.7511	2413	PPL
plc_01m0n2yy0fqhe7zdn6kgthnch9	11592736	Thurlaston	52.58665	-1.25854	807	PPL
plc_01m0n2yy0fqhe7zdn6kjhhh2ee	11592771	Huncote	52.57306	-1.23639	1756	PPL
plc_01m0n2yy0fqhe7zdn6kn3ceqgx	11593055	Denton Holme	54.885	-2.941	6500	PPLX
plc_01m0n2yy0fqhe7zdn6knyftzvv	11593085	Ashley Green	51.73734	-0.58743	690	PPL
plc_01m0n2yy0fqhe7zdn6kr1ce6zx	11593113	Brookmans Park	51.71977	-0.20153	4000	PPL
plc_01m0n2yy0fqhe7zdn6kv49mp4c	11593182	Evenley	52.00549	-1.14515	571	PPL
plc_01m0n2yy0fqhe7zdn6kv6tt8p4	11611428	Cragg vale	53.70616	-1.99934	650	PPL
plc_01m0n2yy0fqhe7zdn6kva1q241	11669640	Nerston	55.78496	-4.1662	500	PPL
plc_01m0n2yy0fqhe7zdn6kyaqtnqw	11669844	Vauxhall	53.42102	-2.98974	4821	PPLX
plc_01m0n2yy0fqhe7zdn6kyg38gxx	11669845	Kirkdale	53.43342	-2.97657	18657	PPLX
plc_01m0n2yy0fqhe7zdn6m257b4ny	11669846	Kensington	53.40861	-2.95283	16522	PPLX
plc_01m0n2yy0fqhe7zdn6m4rpxs0q	11669847	Belle Vale	53.39213	-2.86022	15613	PPLX
plc_01m0n2yy0fqhe7zdn6m7fjjjv3	11669848	Hunts Cross	53.35578	-2.86572	15740	PPLX
plc_01m0n2yy0fqhe7zdn6mahangk6	11669849	Norris Green	53.44513	-2.92073	19610	PPLX
plc_01m0n2yy0fqhe7zdn6mc047asq	11669854	Stamford Hill	51.56872	-0.07334	68050	PPLX
plc_01m0n2yy0fqhe7zdn6mfxh9gq5	11776668	Ballypatrick	55.18112	-6.1502	2310	PPL
plc_01m0n2yy0fqhe7zdn6mg5bev4c	11776851	Holbeck	53.78359	-1.56791	5505	PPL
plc_01m0n2yy0fqhe7zdn6mh6t9k9s	11776857	Burngreave	53.39302	-1.45789	27481	PPL
plc_01m0n2yy0fqhe7zdn6mksqht6g	11777624	Archway	51.56733	-0.13415	215667	PPLL
plc_01m0n2yy0fqhe7zdn6mny7w8k3	11778104	Castle Vale	52.51879	-1.79683	10000	PPLS
plc_01m0n2yy0fqhe7zdn6mskw9se4	11788280	Old Harlow	51.78353	0.13381	6968	PPL
plc_01m0n2yy0fqhe7zdn6mvwrp3yn	11789071	King's Clipstone	53.1769	-1.10129	3469	PPL
plc_01m0n2yy0fqhe7zdn6mxx7qzg2	11863036	Sinfin	52.88157	-1.48681	15128	PPL
plc_01m0n2yy0fqhe7zdn6n0c1dewm	11863041	Hardwick Village	53.27372	-1.0432	1881	PPL
plc_01m0n2yy0fqhe7zdn6n295t1px	11863042	New Basford	52.97336	-1.16564	8371	PPL
plc_01m0n2yy0fqhe7zdn6n3jfaz1x	11888134	Gateacre	53.38301	-2.86121	4834	PPL
plc_01m0n2yy0fqhe7zdn6n4tc5r49	11888136	Bricket Wood	51.70734	-0.36712	4600	PPL
plc_01m0n2yy0fqhe7zdn6n5a77y9j	11919597	Tunstall	53.0583	-2.2114	6232	PPL
plc_01m0n2yy0fqhe7zdn6n5bhthcf	11919781	Bradwell	52.57353	1.69979	10000	PPL
plc_01m0n2yy0fqhe7zdn6n8b9gv5y	11994997	Corby Glen	52.81262	-0.51817	1017	PPL
plc_01m0n2yy0fqhe7zdn6n9j0wprf	12047925	Ealing Common	51.50686	-0.29546	15945	PPLX
plc_01m0n2yy0fqhe7zdn6nb37ge0c	12048010	Knightsbridge and Belgravia	51.5044	-0.16675	11028	PPLX
plc_01m0n2yy0fqhe7zdn6nc8n15s8	12048027	South Ruislip	51.55518	-0.40867	16800	PPLX
plc_01m0n2yy0fqhe7zdn6ng30286y	12048029	Northwood Hills	51.59884	-0.40959	11800	PPLX
plc_01m0n2yy0fqhe7zdn6ngvshhng	12048032	Vincent Square	51.49292	-0.13179	10327	PPLX
plc_01m0n2yy0fqhe7zdn6ngz1nxcm	12048035	Emerson Park	51.57511	0.23177	11977	PPLX
plc_01m0n2yy0fqhe7zdn6nh7mebwk	12048038	Wealdstone	51.59983	-0.33711	18500	PPLX
plc_01m0n2yy0fqhe7zdn6nj0sdn23	12048041	Belmont	51.60445	-0.31003	9000	PPLX
plc_01m0n2yy0fqhe7zdn6njv3n8vk	12048071	Gipsy Hill	51.42742	-0.092	13712	PPLX
plc_01m0n2yy0fqhe7zdn6nnxewpcg	12048119	Blackheath Westcombe	51.47471	0.01669	1098	PPLX
plc_01m0n2yy0fqhe7zdn6npvxayab	12048142	East Barnet	51.64674	-0.16103	18100	PPLX
plc_01m0n2yy0fqhe7zdn6nsa04mkh	12048160	World's End	51.65746	-0.10955	13700	PPLX
plc_01m0n2yy0fqhe7zdn6nvqspm2s	12048177	Perry Vale	51.43639	-0.04442	15618	PPLX
plc_01m0n2yy0fqhe7zdn6nx1sjevx	12048199	West End	51.51235	-0.14358	11543	PPLX
plc_01m0n2yy0fqhe7zdn6nzftecfs	12048212	Monkhams	51.61512	0.02668	10422	PPLX
plc_01m0n2yy0fqhe7zdn6p2jf2qsj	12048252	Furzedown	51.42456	-0.14656	15504	PPLX
plc_01m0n2yy0fqhe7zdn6p3jasa5c	12048257	Queenstown	51.47807	-0.14716	15599	PPLX
plc_01m0n2yy0fqhe7zdn6p4esyy3v	12048301	Canonbury	51.54339	-0.0912	12072	PPLX
plc_01m0n2yy0fqhe7zdn6p5dds0ex	12048325	Seven Sisters	51.57769	-0.07895	15968	PPLX
plc_01m0n2yy0fqhe7zdn6p6154bvf	12048327	Tottenham Hale	51.59366	-0.05962	15064	PPLX
plc_01m0n2yy0fqhe7zdn6p7qevf9t	12048329	Northumberland Park	51.6042	-0.05981	14429	PPLX
plc_01m0n2yy0fqhe7zdn6p9qw1gyb	12048339	Barkingside	51.58131	0.0686	12609	PPLX
plc_01m0n2yy0fqhe7zdn6pczqbz4e	12048353	St. Helier	51.38223	-0.18341	11949	PPLX
plc_01m0n2yy0fqhe7zdn6pg9vsn4c	12048372	Latchmere	51.46842	-0.16882	15358	PPLX
plc_01m0n2yy0fqhe7zdn6phtxr174	12048385	Lancaster Gate	51.51318	-0.18541	10951	PPLX
plc_01m0n2yy0fqhe7zdn6pkjpnpm8	12048386	Hyde Park	51.51606	-0.17299	10319	PPLX
plc_01m0n2yy0fqhe7zdn6ppmhxzre	12048389	Little Venice	51.52356	-0.18079	10366	PPLX
plc_01m0n2yy0fqhe7zdn6ptac5v4e	12048390	Church Street	51.5239	-0.16968	11673	PPLX
plc_01m0n2yy0fqhe7zdn6pv1stds4	12048405	Stroud Green	51.57509	-0.11057	11758	PPLX
plc_01m0n2yy0fqhe7zdn6py6w0nqz	12048409	St. Ann's	51.58215	-0.09032	14638	PPLX
plc_01m0n2yy0fqhe7zdn6pz1scg6q	12048417	Harrow Road	51.52661	-0.19947	11381	PPLX
plc_01m0n2yy0fqhe7zdn6q0m3sfk2	12048420	Regent's Park	51.53003	-0.16193	11610	PPLX
plc_01m0n2yy0fqhe7zdn6q0p7ybvh	12048423	Abbey Road	51.5349	-0.1782	13043	PPLX
plc_01m0n2yy0fqhe7zdn6q3s52bxj	12048426	Queen's Park	51.52949	-0.20868	12756	PPLX
plc_01m0n2yy0fqhe7zdn6q51dq6pp	12048432	Westbourne	51.52126	-0.19378	11686	PPLX
plc_01m0n2yy0fqhe7zdn6q63ffpf6	12060359	Rastrick	53.6921	-1.7883	11351	PPL
plc_01m0n2yy0fqhe7zdn6q86f4yrh	12076699	Washwood Heath	52.50054	-1.82657	32921	PPLX
plc_01m0n2yy0fqhe7zdn6qapa6brm	12123208	Basford, Stoke-on-Trent	53.01628	-2.2123	7321	PPL
plc_01m0n2yy0fqhe7zdn6qb0tagbm	12196125	Dhekelia	34.98431	33.73379	10000	PPL
plc_01m0n2yy0fqhe7zdn6qefxnajd	12200399	Letchmore Heath	51.66648	-0.33522	500	PPL
plc_01m0n2yy0fqhe7zdn6qj38z833	12217157	Wooburn Green	51.58776	-0.67935	4400	PPL
plc_01m0n2yy0fqhe7zdn6qky4dxs4	12217158	Flackwell Heath	51.59757	-0.70601	5900	PPL
plc_01m0n2yy0fqhe7zdn6qqwbyf9b	12238236	Rowledge	51.1846	-0.82367	1578	PPL
plc_01m0n2yy0fqhe7zdn6qr98wbgk	12261581	Rhosgadfan	53.08995	-4.23296	660	PPL
plc_01m0n2yy0fqhe7zdn6qt3z5chr	12261709	Wexham Street	51.54289	-0.57303	670	PPL
plc_01m0n2yy0fqhe7zdn6qw92ektp	12261978	Chiswell Green	51.72846	-0.35953	6700	PPL
plc_01m0n2yy0fqhe7zdn6qyvdpvw3	12261984	Rucklers Lane	51.72554	-0.45974	630	PPL
plc_01m0n2yy0fqhe7zdn6r0apsqy4	12262591	Ley Hill	51.70807	-0.56948	710	PPL
plc_01m0n2yy0fqhe7zdn6r23gxh5k	12263002	How Wood	51.71914	-0.35095	3300	PPL
plc_01m0n2yy0fqhe7zdn6r4fsbnkz	12263318	Frogmore	51.71802	-0.33485	1200	PPL
plc_01m0n2yy0fqhe7zdn6r832jgmm	12263939	Trebarwith Strand	50.64497	-4.75771	501	PPL
plc_01m0n2yy0fqhe7zdn6ra6cfsyg	12264106	Ivington	52.20535	-2.77265	3100	PPL
plc_01m0n2yy0fqhe7zdn6re3xq7fn	12264215	Leicester Forest East	52.62497	-1.21827	13846	PPL
plc_01m0n2yy0fqhe7zdn6rh7tf3zn	12264266	South Harefield	51.58975	-0.48046	1900	PPL
plc_01m0n2yy0fqhe7zdn6rjff20sn	12264516	Denshaw	53.59013	-2.03939	595	PPL
plc_01m0n2yy0fqhe7zdn6rnhbdm32	12264768	New Denham	51.5541	-0.48901	1900	PPL
plc_01m0n2yy0fqhe7zdn6rrs4pr43	12264910	Dobcross	53.55639	-2.01325	1567	PPL
plc_01m0n2yy0fqhe7zdn6rwfrg6z7	12265243	Uppermill	53.54861	-2.00532	11191	PPL
plc_01m0n2yy0fqhe7zdn6rwpfs04j	12265497	Millhouse Green	53.5249	-1.67163	1250	PPL
plc_01m0n2yy0fqhe7zdn6ry8phmzx	12265560	Upper Denby	53.56094	-1.65769	668	PPL
plc_01m0n2yy0fqhe7zdn6rz4h45cq	12265561	Upper Cumberworth	53.57478	-1.69297	1122	PPL
plc_01m0n2yy0fqhe7zdn6s1mv5xdt	12265590	Littlethorpe	52.56759	-1.20226	1917	PPL
plc_01m0n2yy0fqhe7zdn6s3sham17	12265686	New Mill	53.57498	-1.75004	9197	PPL
plc_01m0n2yy0fqhe7zdn6s5d6pwhs	12266039	Istead Rise	51.40556	0.35076	3437	PPL
plc_01m0n2yy0fqhe7zdn6s63fpcfn	12266201	North Anston	53.35479	-1.22312	6610	PPL
plc_01m0n2yy0fqhe7zdn6s7qwvqth	12266213	Widemouth Bay	50.78985	-4.55457	573	PPL
plc_01m0n2yy0fqhe7zdn6sb99zmfa	12450811	Cwmtillery	51.74495	-3.13188	4703	PPL
plc_01m0n2yy0fqhe7zdn6sc1qwtt9	12450812	Six Bells	51.72292	-3.1274	4797	PPL
plc_01m0n2yy0fqhe7zdn6sd7s0djz	12491995	Hale Barns	53.3689	-2.31333	9736	PPL
plc_01m0n2yy0fqhe7zdn6sh3mgdfm	12558043	Oakley	50.78368	-1.96822	2400	PPL
plc_01m0n2yy0fqhe7zdn6sk7vqe98	12719078	West Horndon	51.57	0.34	1650	PPLL
plc_01m0n2yy0fqhe7zdn6smgsh266	12750089	Batchworth	51.63402	-0.46421	12600	PPL
plc_01m0n2yy0fqhe7zdn6sqgta1mt	12750090	Mill End	51.63877	-0.50094	7700	PPL
plc_01m0n2yy0fqhe7zdn6svfqcwrp	12750093	Holywell	51.64746	-0.42512	9900	PPL
plc_01m0n2yy0fqhe7zdn6swx9acf0	12750094	West Watford	51.65739	-0.41655	12800	PPLX
plc_01m0n2yy0fqhe7zdn6sywrbhv3	12750095	Woodside	51.69443	-0.40171	8000	PPL
plc_01m0n2yy0fqhe7zdn6szpcsvds	12750096	Meriden	51.68311	-0.38085	8100	PPL
plc_01m0n2yy0fqhe7zdn6szzeb5jg	12750097	Carpenders Park	51.62858	-0.38332	7000	PPL
plc_01m0n2yy0fqhe7zdn6t213tn0p	12750098	Edgwarebury	51.62528	-0.27297	12100	PPLX
plc_01m0n2yy0fqhe7zdn6t5t54f28	12750099	Ruislip Manor	51.56975	-0.40959	11000	PPLX
plc_01m0n2yy0fqhe7zdn6t621n66w	12750100	Upton Lea	51.51786	-0.57693	8000	PPL
plc_01m0n2yy0fqhe7zdn6t66qbqkb	12750101	Britwell	51.53577	-0.62774	7800	PPL
plc_01m0n2yy0fqhe7zdn6t8zd6k7w	12750102	Furze Platt	51.53985	-0.73696	7800	PPL
plc_01m0n2yy0fqhe7zdn6t9qsv0f7	12750103	Pinkneys Green	51.53324	-0.76056	7500	PPL
plc_01m0n2yy0fqhe7zdn6tcyaqbqv	12750104	Bennetts End	51.74326	-0.44906	6000	PPL
plc_01m0n2yy0fqhe7zdn6tfnc706n	12750105	Nash Mills	51.72373	-0.44674	3800	PPL
plc_01m0n2yy0fqhe7zdn6thxd2fe3	12750106	Sopwell	51.73853	-0.33033	7700	PPLX
plc_01m0n2yy0fqhe7zdn6tnmq90kg	12750107	Cunningham	51.74307	-0.3127	8000	PPLX
plc_01m0n2yy0fqhe7zdn6tnnaxbb6	12750108	Marshalswick	51.7648	-0.30881	9000	PPL
plc_01m0n2yy0fqhe7zdn6tq0hedk8	12750109	Jersey Farm	51.77	-0.29551	3500	PPL
plc_01m0n2yy0fqhe7zdn6trjsqy7j	12750111	New Greens	51.77177	-0.3398	3000	PPLX
plc_01m0n2yy0fqhe7zdn6ts7n8qq2	12750112	Townsend	51.76226	-0.3371	5700	PPLX
plc_01m0n2yy0fqhe7zdn6twgd1fa7	13061030	Thornhill	51.54183	-3.19283	6635	PPLL
plc_01m0n2yy0fqhe7zdn6tyb78j9s	13265960	Stamperland	55.79491	-4.27335	3630	PPLX
plc_01m0n2yy0fqhe7zdn6v05yw7qn	13269454	Nigg	57.11601	-2.09252	16400	PPLX
plc_01m0n2yy0fqhe7zdn6v41e87p7	13272199	Red Scar	53.78702	-2.64631	1244	PPLX
plc_01m0n2yy0fqhe7zdn6v7zsxs5k	13276194	Lower Vagg	50.9656	-2.67196	574	PPL
plc_01m0n2yy0fqhe7zdn6vaxdbwb5	13276285	Scar Top	53.83188	-2.01102	513	PPL
plc_01m0n2yy0fqhe7zdn6vdmfbtp6	13277724	Trebarwith	50.64108	-4.75035	1725	PPL
plc_01m0n2yy0fqhe7zdn6vh3ppdqq	13278905	Nappa Scar	54.3143	-2.05672	877	PPL
plc_01m0n2yy0fqhe7zdn6vkpa7ygf	13353776	Primrose Place	52.56061	-0.10887	17161	PPL
plc_01m0n2yy0fqhe7zdn6vnzfmx08	13354228	Newbury Park	51.57767	0.09335	8617	PPLL
plc_01m0n2yy0fqhe7zdn6vsqp589k	13546077	Oakwood	52.94331	-1.43086	13419	PPL
